episode,step,timestamp,total_reward,w_throughput,w_queue,w_energy,w_drops,w_channel,w_airtime,raw_throughput,raw_queue,raw_energy,raw_drops,raw_channel,raw_airtime,throughput_bytes_reward,throughput_packets_reward,throughput_eff_reward,throughput_fairness_bonus,queue_reward,queue_packets_reward,queue_bsr_reward,queue_drain_reward,queue_max_penalty,energy_sleep_reward,energy_consumption_reward,energy_duty_reward,energy_worst_penalty,drops_reward,drops_worst_penalty,drops_fairness_penalty,channel_fcs_reward,channel_rx_reward,channel_recency_reward,airtime_duration_reward,total_bytes,total_packets,total_airtime,throughput_efficiency,throughput_fairness,starving_stas,avg_queue_bytes,avg_queue_packets,max_queue_bytes,avg_bsr_index,drain_ratio,high_queue_stas,total_energy_mj,avg_sleep_ratio,min_sleep_ratio,avg_duty_cycle,sleep_fairness,total_drops,max_drops,high_drop_stas,avg_fcs_errors,avg_rx_fragments,inactive_stas,schedule_duration_ms,beacon_utilization,total_bytes_z,total_packets_z,total_airtime_z,avg_queue_bytes_z,avg_queue_packets_z,avg_bsr_index_z,total_energy_z,avg_duty_cycle_z,total_drops_z,avg_fcs_errors_z,avg_rx_fragments_z,schedule_idx,assignment_idx
422,31,2026-01-31T15:07:59.657918,0.36172827174871386,0.04554678484564334,0.0034291429878993856,0.23532427379299098,0.05367470673431973,0.026419783168378636,0.2277339242282167,0.034291429878993855,0.6723550679799742,0.5367470673431973,0.5283956633675727,0.38403306450693386,0.13021360525508408,0.004034991225519859,-0.09820842190348139,0.3491433058864424,0.04988443139357006,0.09975760364561198,-0.012695307087257277,-0.29946632215479024,0.3704350692024866,0.24821392759962715,0.09999987701436705,0.0,0.4995749858380964,0.0,0.1,0.31570829172235326,0.2570452803332685,0.09999154894357781,1844560.0,1405.0,296230.0,6.226783242750566,0.4646888868342205,7,18512.0,12.75,65024.0,72.3125,0.9915314043754411,4,379.92424799999947,0.8630183245819516,0.8400809716429133,0.1927368017531343,0.9996780818008677,0.0,0.0,0,99.1875,11.4375,5,1.946965570621653,1.325278810285754,1.7807964601762032,-3.3522650439259483,-3.3809523487528357,-3.357142851329623,-2.8155052690396034,-7.150875115874303,-3.8814814807626883,-1.069494584065347,1.2812499893229166,19,6
422,32,2026-01-31T15:08:00.172836,0.33307566657577614,0.048378293589511595,0.03502645262171643,0.21179596374780948,0.05367470673431973,0.025883521216099332,0.24189146794755798,0.35026452621716425,0.6051313249937414,0.5367470673431973,0.5176704243219866,0.3941304052232929,0.13748003682452156,0.003340912753140133,-0.09989408897661134,0.3499809646082795,0.049997112140317164,0.09999462243196688,0.2922686539202656,-0.29946632215479024,0.3028054949002134,0.20269049730173563,0.09999987377029658,0.0,0.4995749858380964,0.0,0.1,0.2870104485460049,0.2709744135578749,0.09999558951724458,1915270.0,1431.0,308290.0,6.212559602971228,0.32285281947369215,7,15696.0,10.8125,65024.0,61.3125,1.433867735470942,3,492.5661839999999,0.7989182998446143,0.7578475336152949,0.19293206997706838,0.9909928405125386,0.0,0.0,0,101.5,11.6875,5,2.4537310437747286,1.5669144979956393,2.3144247787600376,-5.256254225792723,-5.226190426417235,-5.261904752793239,-1.1292487423459223,-7.137857242957279,-3.8814814807626883,-0.9025270751606302,1.4895833209201388,14,6
422,33,2026-01-31T15:08:00.777675,0.3729991844458699,0.049194055538162466,0.0646858577864768,0.22192781054659108,0.05367470673431973,0.025200025174000235,0.2459702776908123,0.646858577864768,0.634079458704546,0.5367470673431973,0.5040005034800047,0.39623170143145553,0.14723252646102383,0.0002965866998407577,-0.09983626950569663,0.34999999999981213,0.04999999999997516,0.09999999999994734,0.2698781270022148,0.0,0.3222084859244716,0.23021396860473334,0.09999987618436026,0.0,0.4995749858380964,0.0,0.1,0.253844083543871,0.2856410460094023,0.09999769825578458,1946372.0,1514.0,316473.0,6.1501992271062615,0.34464840454412066,8,2064.0,1.0625,13312.0,8.0625,1.294017094017094,0,461.47886400000186,0.8114140753610689,0.7903614457640876,0.19278724783135082,0.9919428090967843,0.0,0.0,0,103.625,12.125,5,2.676633317088361,2.338289962607965,2.6765044247775767,-14.473292765284157,-14.511904623696147,-14.482683957605742,-1.5946277841923933,-7.1475120462352475,-3.8814814807626883,-0.7490974723833231,1.8541666512152777,14,11
422,34,2026-01-31T15:08:01.325014,0.2773427159659386,-0.01420823785178165,0.028019719590720023,0.23499068955130611,0.05367470673431973,0.023904206171225066,-0.07104118925890825,0.2801971959072002,0.671401970146589,0.5367470673431973,0.4780841234245013,0.1865559869234759,0.035029268346031886,-0.00046964630187313326,-0.0994711568370833,0.34999999998577486,0.049999999997710265,0.0999999999960043,0.09109388507243997,-0.2107743970712047,0.3676431457350736,0.249303183693897,0.09999989559875518,0.0,0.4995749858380964,0.0,0.1,0.21487119927437265,0.29045616497291116,0.0999987987710148,1643422.0,1288.0,267898.0,6.134506416621251,0.40336334909397786,8,5264.0,3.4375,33792.0,20.5625,1.0627062706270627,2,348.4134719999987,0.8583249547154255,0.8399999999823158,0.1915081064738055,0.9991916219465918,0.0,0.0,0,105.6875,12.375,5,0.5054467792334012,0.23791821559127072,0.5271681415926871,-12.309668694981005,-12.249999883333336,-12.318181796851633,-3.287223472561813,-7.232788079887579,-3.8814814807626883,-0.6001805049818191,2.0624999828125,17,11
423,1,2026-01-31T15:09:23.180345,0.08945475246323845,0.05191490241222373,-0.06656449079859841,0.17980618169532378,-0.021747079373793374,-0.004916393242066587,0.25957451206111865,-0.6656449079859841,0.5137319477009251,-0.21747079373793374,-0.09832786484133174,0.39994136884090437,0.1499198015177308,0.003339703106906363,-0.09927364105817857,-0.2859901468940444,-0.04171897025414587,-0.08160981293532069,0.08693286218291224,-0.29946632215479024,0.3369303300706775,0.22986765525620162,-0.09505123943844111,0.0,0.19784081503739373,-0.2495237918960777,-0.0999992595215098,0.39998629691985355,-0.29998739831421034,-0.09998407473594395,2237140.0,1705.0,360101.0,6.2125348166208925,0.41928050315116855,7,25168.0,17.5625,65024.0,98.3125,1.0596643878185208,6,462.08249999999987,0.8229126684335573,0.8115299334631589,0.3275559385258093,0.9951028180899267,187.0,107.0,2,38.0,3.4375,10,4.760513717283149,4.113382899245968,4.606946902652829,1.1480730223046107,1.2023809409297046,1.145021643038923,-1.5855913171279077,1.8370613436797234,-0.41851851844101495,-5.487364616976632,-5.385416621788195,17,11
423,2,2026-01-31T15:09:23.698160,0.13677600374087417,0.05220354288442844,-0.07161159625610589,0.19903213872951755,0.011105966615159155,-0.00491568000227437,0.26101771442214217,-0.7161159625610588,0.5686632535129074,0.11105966615159153,-0.0983136000454874,0.39992218744307384,0.14977718678926302,0.0048908777448691985,-0.09911492731640935,-0.3436767249684237,-0.04926433144764658,-0.0981841458998197,0.07199466564199562,-0.29946632215479024,0.3518582786353138,0.23173827119978618,-0.03444784418320665,0.0,0.4932079360881281,-0.24495058325492797,-0.09999986553563882,0.3999847295143093,-0.29998601486529514,-0.09996948674010687,2217392.0,1650.0,355105.0,6.244327734050492,0.42920161543899227,7,26944.0,18.875,65024.0,105.25,1.048951048951049,6,458.6953800000001,0.8374199328870149,0.8286290322413583,0.3053874768783825,0.9999086313092034,75.0,75.0,1,38.75,3.5,10,4.6189834589911545,3.602230482936595,4.385884955750272,2.348884381322861,2.452380929024943,2.3463203422574535,-1.6362967063418703,0.3591648857822452,-2.4925925921310013,-5.433212992466994,-5.33333328888889,17,11
423,3,2026-01-31T15:09:24.211741,0.16681418735426928,0.05215853865683413,-0.05975349878686777,0.2159445283293302,0.012374604533312466,-0.0048716171484890596,0.26079269328417065,-0.5975349878686776,0.6169843666552292,0.12374604533312465,-0.09743234296978118,0.3999639916633687,0.14991676489559985,0.004405697309234732,-0.09905258672847221,-0.32876250498992143,-0.04732794443319798,-0.09389893934906586,0.2611809011796518,-0.29946632215479024,0.34302058068880475,0.22066530489758093,0.060668045670313135,0.0,0.496091715244918,-0.23497051379257378,-0.09999984454204222,0.3999805158957025,-0.29997878624955493,-0.09994153963058766,2271154.0,1703.0,364295.0,6.234381476550598,0.4326205537522549,7,26032.0,18.1875,65024.0,101.6875,1.2671130952380953,6,475.30243199999984,0.8284016802930796,0.7999999999811764,0.28944522650559235,0.9917038629618378,60.0,60.0,1,40.4375,3.75,9,5.004285755238582,4.0947955386529,4.792522123891684,1.7322515212864622,1.7976190304988657,1.7294372264425324,-1.3876881435048396,-0.7036510971931115,-2.7703703698573388,-5.311371837320309,-5.124999957291668,17,6
423,4,2026-01-31T15:09:24.688720,0.26268313367075513,0.047815067947092144,0.021199224573789588,0.2315115369897507,0.01599477833755766,-0.004799105947584273,0.2390753397354607,0.21199224573789588,0.6614615342564306,0.15994778337557658,-0.09598211895168546,0.38720167028537933,0.14141025944999872,0.0024771666060363863,-0.0990208213043853,0.3225697418147919,0.045569869565646653,0.09222529221604332,0.22401456577939183,-0.29946632215479024,0.3594184015093283,0.24665962241742465,0.09293479404628131,0.0,0.4954704488723686,-0.19740017939024748,-0.09999936202037957,0.3999682799715253,-0.29995601809519035,-0.09988801008500812,1860274.0,1452.0,300293.0,6.194863017119946,0.43427747133441696,7,21104.0,14.6875,65024.0,82.4375,1.1930977814297452,5,400.9391760000002,0.8464619077214438,0.8363636363467402,0.275196224173833,0.9998873324069554,64.0,42.0,1,43.8125,4.1875,8,2.059584898087746,1.7620817842228542,1.9605752212380705,-1.599729546980394,-1.5357142710884362,-1.603896101118795,-2.5009105385477652,-1.6535839526884981,-2.696296295796982,-5.067689527026939,-4.760416626996529,17,6
423,5,2026-01-31T15:09:25.233212,0.2696619087863421,0.05066650003809489,0.030136040349688503,0.23143187140796137,0.01114599400895828,-0.004680128788510182,0.25333250019047443,0.30136040349688503,0.6612339183084611,0.11145994008958279,-0.09360257577020363,0.3994666773057292,0.14961106963034676,0.0024086820622765477,-0.09971025749454676,0.34929473661218013,0.04989738886594898,0.09980046621516976,0.2638077866310951,-0.29946632215479024,0.357585310397557,0.2426270943073083,0.09839830331153132,0.0,0.4882214837319686,-0.206979546282976,-0.09999938498665097,0.3999444943205597,-0.2998988083476065,-0.09978551850770054,2083065.0,1620.0,336333.0,6.1934600529832045,0.3732184866859241,8,18368.0,12.6875,65024.0,71.75,1.2745869394177813,4,427.65518400000036,0.8441320698452177,0.8282828282660952,0.2638559014104197,0.9998526723128731,90.0,45.0,2,47.6875,4.6875,7,3.6562867299254895,3.3234200740405737,3.5552654867240903,-3.44962812708959,-3.440476157709752,-3.454545448563558,-2.100970299086676,-2.409604966235375,-2.2148148144046638,-4.787906133727144,-4.343749963802084,17,6
423,6,2026-01-31T15:09:25.789594,0.2973366248262614,0.05096708882076453,0.028020821506219398,0.23411558634009505,0.037938574582304437,-0.0046670781932713614,0.25483544410382264,0.28020821506219395,0.6689016752574145,0.37938574582304435,-0.09334156386542722,0.39353398309416976,0.14537210507165294,0.0019317290082745983,-0.09923084227200052,0.3499856315402872,0.049997979426363616,0.09999594132101818,0.21442457489511238,-0.29946632215479024,0.365269627042707,0.24749707637074805,0.09958721899018418,0.0,0.4993372955491493,0.0,-0.09999537194607339,0.39992387748733477,-0.2998109767835512,-0.09958942076378553,1908466.0,1486.0,308629.0,6.183689802319289,0.4221538306787633,6,15488.0,10.625,65024.0,60.5,1.1793650793650794,3,391.2428520000001,0.8546306809958528,0.8383838383669013,0.2536418295154653,0.9999452798149201,12.0,12.0,0,49.875,5.0625,7,2.4049680360059047,2.078066914305012,2.329424778760031,-5.396889790362429,-5.404761853287983,-5.402597393242256,-2.646065089424241,-3.090542638607219,-3.6592592585816184,-4.629963895574033,-4.031249966406251,17,6
423,7,2026-01-31T15:09:26.288641,0.26420299619565707,0.04594746569047094,0.024261960282302708,0.2326750696791422,0.014998740810353581,-0.004641872036761637,0.22973732845235467,0.24261960282302708,0.6647859133689777,0.1499874081035358,-0.09283744073523274,0.3855224595734408,0.13813220599234144,0.0028778685862985097,-0.09981487668630523,0.34997687254849197,0.04999674705870245,0.099993465893284,0.19937375772228041,-0.29946632215479024,0.3590957682194203,0.2465920752588461,0.09985707627457427,0.0,0.4976693140730095,-0.20980415574983655,-0.09999980473677289,0.3998937025446989,-0.2996469547088658,-0.09921473800972092,1851524.0,1434.0,298485.0,6.203072181181634,0.35079377816118057,8,15840.0,10.875,65024.0,61.875,1.1601941747572815,4,401.61237599999976,0.8460447211029438,0.8093126385629864,0.24567714995913714,0.9920553766118371,46.0,46.0,1,52.1875,5.4375,7,1.996875268755411,1.5947955388852413,1.880575221238106,-5.1588911426290815,-5.166666617460319,-5.164502155559304,-2.4908326942379033,-3.621520921710242,-3.029629629068587,-4.4629963866693165,-3.7187499690104175,17,11
423,8,2026-01-31T15:09:26.830373,0.2691524158317544,0.04296359895550601,0.013680620372660766,0.23291976857816643,0.033225933641721515,-0.004599137486449566,0.21481799477753005,0.13680620372660765,0.6654850530804756,0.3322593364172151,-0.09198274972899131,0.3817396010985535,0.12608266131026002,0.0029217504032675178,-0.0997214961360896,0.34982327277265074,0.049972279505005254,0.09995002861892621,0.08970897591307,-0.29946632215479024,0.35952831650022327,0.24673195290982364,0.09994232931907981,0.0,0.49914132349744567,-0.05377639498092501,-0.0999990989304422,0.39985939116097413,-0.2994646295600155,-0.09850069910720374,1834992.0,1394.0,295777.0,6.203971235085892,0.37123763887607725,8,17344.0,12.0,65024.0,67.75,1.0616907844630616,4,400.2031440000002,0.8466047523844973,0.8282828282660952,0.2388672349814705,0.9998544647617401,19.0,19.0,0,54.125,5.6875,7,1.8783934867985923,1.2230483270238797,1.7607522123886015,-4.1419878295866,-4.095238056235829,-4.147186140004873,-2.5119289816598886,-4.075514950891999,-3.5296296289759943,-4.323104690019419,-3.5104166374131953,17,11
423,9,2026-01-31T15:09:27.308483,0.2573198658807772,0.04598441288063715,0.022457237193710355,0.23209518826544678,0.010333876417529829,-0.004512480646696156,0.22992206440318574,0.22457237193710353,0.663129109329848,0.10333876417529828,-0.09024961293392311,0.3859588460669116,0.13834226670527366,0.002406922702718082,-0.09979533981047585,0.34773643235829216,0.04966333883379003,0.0993592725794452,0.20083016766294914,-0.29946632215479024,0.3560180929456349,0.2460017246072907,0.0999726104656078,0.0,0.4886448823892204,-0.24819821866686473,-0.09999987701390477,0.39978896352747795,-0.29900057061973234,-0.09714668392869001,1853698.0,1435.0,299301.0,6.193424011279615,0.3558151085524718,8,19232.0,13.3125,65024.0,75.125,1.1619433198380567,5,406.9880759999994,0.8422143481159907,0.8272357723409098,0.2332816897159555,0.9997599175274984,89.0,89.0,1,56.9375,6.0625,7,2.0124559240889535,1.6040892191817755,1.9166814159283554,-2.865449628107739,-2.8452380681405907,-2.8701298651599485,-2.410358143351752,-4.447884387013374,-2.233333332919753,-4.120036098108277,-3.197916640017362,17,11
423,10,2026-01-31T15:09:27.832996,0.2785038430378741,0.010754083468407767,0.03214040388686784,0.23533701346620398,0.05367470673431973,-0.0043639962880745045,0.05377041734203883,0.3214040388686784,0.6723914670462972,0.5367470673431973,-0.08727992576149009,0.2745892995210145,0.07235019810987615,-0.0007562431843177066,-0.09955540962673977,0.34999997517735076,0.049999996324706156,0.09999999300639108,0.2251018968645162,-0.29946632215479024,0.37004229068022776,0.24927194332350194,0.09998786043387414,0.0,0.4995749858380964,0.0,0.1,0.39972336275284964,-0.2984852729594951,-0.09460310681473014,1690278.0,1319.0,275800.0,6.128636693255983,0.3946653064735469,8,10784.0,7.3125,65024.0,42.125,1.1947463768115942,2,349.880388,0.862332936926321,0.8222222222039506,0.22717843574935384,0.9920172896791822,0.0,0.0,0,58.8125,6.3125,7,0.8412550526043602,0.5260223047838262,0.8768141592916474,-8.577417173708064,-8.559523728004537,-8.584415569550796,-3.2652636522057996,-4.854767713531268,-3.8814814807626883,-3.9846570368341827,-2.9895833084201398,17,6
423,11,2026-01-31T15:09:28.332620,0.17329009717411584,-0.05458777483692631,0.03522367931751013,0.23530377807196842,0.010494942438832307,-0.00410615958741804,-0.27293887418463153,0.35223679317510126,0.6722965087770527,0.10494942438832307,-0.0821231917483608,0.08349502974736062,-0.06997368552112568,0.0019507942379244538,-0.0999034288876889,0.3499998297306279,0.04999997808114575,0.09999995199028233,0.25988508187730996,-0.29946632215479024,0.369832153670255,0.24929419691443364,0.09999407684731149,0.0,0.4898268464308252,-0.24775186341952943,-0.09999987496151086,0.3996686603169326,-0.29793152921906185,-0.08990813860026203,1602456.0,1208.0,259126.0,6.184080331576144,0.3182344989370469,9,12208.0,8.25,65024.0,47.6875,1.2635983263598327,2,348.84207600000053,0.861969792135655,0.8255033556862303,0.22179619369913364,0.9921190167199168,86.0,86.0,1,60.0625,6.5,7,0.21185104492157986,-0.5055762081314529,0.13902654867250486,-7.614604462423161,-7.666666593650795,-7.621212108015217,-3.2808072450178356,-5.213583611002016,-2.2888888884650203,-3.8944043293181196,-2.833333309722223,17,11
423,12,2026-01-31T15:09:28.969229,0.2729320042832564,0.03935014874437342,0.012960798121736726,0.23532547506008225,0.037973998303794526,-0.003640047716879765,0.19675074372186707,0.12960798121736725,0.6723585001716637,0.37973998303794526,-0.0728009543375953,0.37821440781340926,0.1124450955084977,0.0008890193478489792,-0.0993928178450385,0.3499999845785526,0.049999997717108995,0.09999999565595363,0.022230888543591253,-0.29946632215479024,0.37037367527912823,0.24885396886926844,0.09999687785258926,0.0,0.49946927767606863,0.0,-0.09971349268105799,0.39959225998022263,-0.29686792458386496,-0.08151676094003975,1822362.0,1367.0,295726.0,6.162332699864064,0.410289835977879,8,10432.0,7.0625,65024.0,40.75,1.0148478099480327,2,365.06131200000027,0.8629106187464886,0.823008849539314,0.21699348002302205,0.9922290192038642,6.0,6.0,0,61.5,6.75,7,1.7878766161166049,0.9721189590174604,1.7584955752204607,-8.81541582144141,-8.797618963832202,-8.822510807233748,-3.038004310922451,-5.5337643092889905,-3.7703703696721536,-3.790613715674647,-2.624999978125001,17,6
423,13,2026-01-31T15:09:29.513764,0.28263315684351725,0.0501321294240161,-0.0028751997734563347,0.23362150698800482,0.05367470673431973,-0.002881618299516365,0.25066064712008046,-0.028751997734563346,0.6674900199657281,0.5367470673431973,-0.0576323659903273,0.3974822075043855,0.14321239610949296,0.0027071345851486356,-0.09900900406948004,0.3499056251947336,0.04998642774238066,0.09997332141131964,-0.07684014554449865,-0.29946632215479024,0.36332309556387343,0.24648071175500375,0.09999809201054778,0.0,0.4995749858380964,0.0,0.1,0.399516034039973,-0.29572714275255896,-0.06734763932885926,1974614.0,1465.0,318508.0,6.199574265010612,0.434880253931012,7,16880.0,11.625,65024.0,65.9375,0.9476067270375161,4,402.6938519999999,0.8517767072909448,0.8296593186206481,0.21329990204464347,0.9999688935124972,0.0,0.0,0,62.6875,6.9375,7,2.879038500128796,1.8828996280777968,2.7665486725651474,-4.455713319780557,-4.452380909977325,-4.461038953314219,-2.474642933761283,-5.780002677021984,-3.8814814807626883,-3.704873643534387,-2.468749979427084,17,6
423,14,2026-01-31T15:09:30.066533,0.283132756502272,0.05037148283332524,-0.004271644149099132,0.23387465572135105,0.05367470673431973,-0.0014780764077742133,0.25185741416662616,-0.04271644149099132,0.668213302061003,0.5367470673431973,-0.029561528155484264,0.39733717265696333,0.14444427164379328,0.002345515720807976,-0.09845681424913066,0.3496690927585512,0.04995537949770635,0.09990640865487342,-0.0904881790217493,-0.29946632215479024,0.3643784579854522,0.24673553087230868,0.09999878455399604,0.0,0.4995749858380964,0.0,0.1,0.3993599139119626,-0.2928417832732979,-0.04557344906251849,1970694.0,1476.0,318256.0,6.192166054999749,0.4571638716535619,7,17808.0,12.25,65024.0,69.5625,0.9377382465057179,4,400.1663159999992,0.8533056231375189,0.8286290322413583,0.20991783391953983,0.9998946905524462,0.0,0.0,0,64.625,7.25,6,2.85094458618791,1.9851301113396713,2.7553982300872764,-3.828262339392642,-3.857142820408164,-3.833333326695527,-2.51248029902509,-6.005473735048187,-3.8814814807626883,-3.5649819468844894,-2.2083333149305564,17,6
423,15,2026-01-31T15:09:30.601230,0.2846692063171783,0.05059434886642858,-0.00412261059742593,0.2334686157283947,0.05367470673431973,9.251381531188695e-05,0.25297174433214287,-0.041226105974259304,0.6670531877954134,0.5367470673431973,0.0018502763062377388,0.3977037110268781,0.14464339251952027,0.002554200078893979,-0.09804099878326142,0.34950095995653496,0.04992818367588098,0.09985883134679319,-0.08875230730446805,-0.29946632215479024,0.36285011589154265,0.2461723619296396,0.09999918153091672,0.0,0.4995749858380964,0.0,0.1,0.3991458186926595,-0.2902585115002954,-0.01652220341014792,1981058.0,1478.0,319709.0,6.196441138660469,0.4691980343121269,7,18112.0,12.5,65024.0,70.75,0.9390088945362135,4,405.51984000000004,0.8511050459938236,0.8269617706071034,0.20695208843654783,0.9998671195741535,0.0,0.0,0,66.625,7.4375,6,2.925221454576518,2.0037174719327395,2.819690265485478,-3.6227180527138425,-3.6190475845805,-3.6277056214238868,-2.4323377241867754,-6.203189968770165,-3.8814814807626883,-3.4205776148587885,-2.0520833162326393,17,6
423,16,2026-01-31T15:09:31.126822,0.28393280715803776,0.049658084809810474,-0.006528196299483396,0.23422957055952812,0.05367470673431973,0.0019370095837135202,0.24829042404905236,-0.06528196299483396,0.6692273444557947,0.5367470673431973,0.038740191674270404,0.39599390813289564,0.14141025944999872,0.003064517582365287,-0.09860348432964085,0.3496150111069384,0.04994339095726621,0.09989110582803029,-0.1130392935360823,-0.29946632215479024,0.3658098250983266,0.24713299376447084,0.09999944341485037,0.0,0.4995749858380964,0.0,0.1,0.39891043784542923,-0.28534614596753566,0.015710123089542293,1942082.0,1452.0,312891.0,6.206896331310265,0.45213350157950755,7,17920.0,12.375,65024.0,70.0,0.9207355738744452,4,395.80331999999987,0.8554497774795957,0.8373493975735472,0.20405996269997612,0.999963153285168,0.0,0.0,0,68.3125,7.6875,6,2.645887681678565,1.7620817842228542,2.518008849556408,-3.752535496932032,-3.7380952024943324,-3.757575751069133,-2.577794610392548,-6.395998222669443,-3.8814814807626883,-3.2987364597121034,-1.8437499846354173,17,6
423,17,2026-01-31T15:09:31.653409,0.2969589860650664,0.050184439432321565,0.003642623431276972,0.23424234565303967,0.05367470673431973,0.0042532390439591556,0.2509221971616078,0.036426234312769715,0.6692638447229705,0.5367470673431973,0.08506478087918311,0.39638051301483324,0.14413190423901476,0.002576332482226575,-0.09841691089913018,0.34954230616248383,0.04992818367588098,0.099870531999021,-0.011113510374398132,-0.29946632215479024,0.365824921805995,0.24718796909461493,0.09999960825433155,0.0,0.4995749858380964,0.0,0.1,0.3983803273292357,-0.2731914778364099,0.04491036754170555,1949196.0,1473.0,314544.0,6.196894552113536,0.4584503818896525,7,18048.0,12.5,65024.0,70.5,0.9925876010781671,4,395.15295599999956,0.8554728455675535,0.8363636363467402,0.2014259014387818,0.9999048217602633,0.0,0.0,0,71.0625,8.0625,5,2.6968724020294483,1.9572490704500691,2.5911504424767293,-3.6659905341199055,-3.6190475845805,-3.6709956646389688,-2.5875305984150474,-6.571602189679752,-3.8814814807626883,-3.100180503176765,-1.531249987239584,17,6
423,18,2026-01-31T15:09:32.181444,0.3054207628077589,0.050705853362891386,0.025433938169856125,0.23399023892253626,0.0379408338289044,0.0063882667534214555,0.2535292668144569,0.25433938169856124,0.6685435397786751,0.3794083382890439,0.1277653350684291,0.39725090181313005,0.14607567250517167,0.001907356873040849,-0.09777789620701166,0.3499976148914246,0.04999961835668146,0.0999993267660064,0.18654643384470587,-0.29946632215479024,0.36488809620925033,0.2468169458481283,0.09999971400278253,0.0,0.4993613758004834,0.0,-0.09999306091428163,0.39798958527086503,-0.2602522292277196,0.06688949718416891,1968462.0,1495.0,318357.0,6.183190569078111,0.4755654868446583,7,14160.0,9.75,65024.0,55.3125,1.1455938697318007,3,399.3172919999996,0.8540594665673473,0.8323353293247039,0.19906616690364565,0.999963959114477,11.0,11.0,0,72.5625,8.3125,4,2.834948255597079,2.161710036973818,2.759867256635947,-6.294793779538237,-6.238095178684809,-6.3008657899552105,-2.5251902391429417,-6.728917720478476,-3.6777777770967077,-2.9918772541574894,-1.3229166556423617,17,6
423,19,2026-01-31T15:09:32.601757,0.2975517869214514,0.03617374740776585,0.008303523581335693,0.23572965173462654,0.012041682261326871,0.007969601716914637,0.18086873703882922,0.08303523581335692,0.6735132906703616,0.1204168226132687,0.15939203433829274,0.3725681546215831,0.09844151649406511,0.004523324247854525,-0.09984681876478302,0.19174174638515884,0.026254197165609772,0.05504645777458925,0.2906804392718757,-0.29946632215479024,0.37220708577815786,0.24854982757728242,0.09999979912137215,0.0,0.49563442236113475,-0.2378928106759088,-0.09999984987326865,0.3973900728090168,-0.24170296947056052,0.08123513210239004,1805776.0,1347.0,289536.0,6.236792661361627,0.3413157659188813,8,22560.0,15.6875,65024.0,88.125,1.4149159663865547,6,372.9432959999995,0.8662235827889102,0.8380566801449786,0.19641655473012892,0.9998041946931884,63.0,63.0,1,74.375,8.5625,4,1.669007826161621,0.7862453530867795,1.4846017699108474,-0.6152805949924592,-0.5833333277777785,-0.6190476179756755,-2.920010538485036,-6.905558414285795,-2.714814814312071,-2.861010828259198,-1.1145833240451393,19,6
423,20,2026-01-31T15:09:32.995776,0.07113121612481194,-0.13518026414976697,0.004295339344409046,0.23271759078074922,0.007968475589854291,0.01036844278941707,-0.6759013207488348,0.04295339344409046,0.6649074022307121,0.0796847558985429,0.20736885578834138,-0.3829004660713238,-0.14746674966295426,0.0006992437029174736,-0.09905569518456375,0.3277367478400679,0.046475409217053607,0.09369072812394329,0.04420000394178762,-0.29946632215479024,0.3565016366252441,0.24903269894506422,0.09999983701114334,0.0,0.4662862892945294,-0.24969456032028278,-0.09999987119316985,0.396392624865919,-0.19955995734730989,0.08974714701182696,1306114.0,1006.0,212085.0,6.158445906122545,0.43245545359424953,8,20944.0,14.5625,65024.0,81.8125,1.029682702149437,5,359.3863680000003,0.842799069141271,0.8208616779859215,0.1948489104362974,0.9949078988812543,119.0,113.0,1,76.625,8.9375,4,-1.9119771808616006,-2.38289962803133,-1.9424336283177246,-1.7079107504955517,-1.6547618890022684,-1.7121212091565006,-3.1229585624067386,-7.01006796420153,-1.6777777774670781,-2.6985559547302844,-0.8020833266493059,17,5
423,21,2026-01-31T15:09:33.448699,0.24121690627258788,0.002087194392506595,0.03355289143196146,0.2177086657806547,0.016596503651680344,0.012954922349465145,0.010435971962532976,0.3355289143196146,0.6220247593732992,0.16596503651680342,0.2590984469893029,0.280632882559459,0.0229594015680193,0.0023481138213442545,-0.09989882415490106,0.3499985182132212,0.049999762943758,0.09999958182343163,0.2755439089333115,-0.29946632215479024,0.30617094223775754,0.2264477137270476,0.09999983439373249,0.0,0.4980625522628237,-0.1938104453293216,-0.09999977932071165,0.39506085999320384,-0.14827456036240177,0.09451484898652948,1694346.0,1279.0,273625.0,6.192219278209228,0.32056467026329555,9,13808.0,9.5,65024.0,53.9375,1.3158436213991769,3,467.56168799999995,0.8009191371857975,0.7252525252378736,0.19496839494084944,0.9906898165265242,41.0,41.0,1,78.8125,9.25,4,0.8704096551328103,0.1542750929224643,0.7805752212385927,-6.532792427271584,-6.476190414512473,-6.5389610276381624,-1.5035675446850956,-7.002102335875146,-3.1222222216440327,-2.540613716577174,-0.5416666621527781,15,5
423,22,2026-01-31T15:09:33.939975,0.13332242774999772,-0.11522213813392701,-0.008979609184117379,0.23358462064130064,0.05367470673431973,0.019303215922272438,-0.576110690669635,-0.08979609184117379,0.6673846304037162,0.5367470673431973,0.3860643184454487,-0.25264332425780844,-0.11695527919760336,0.0005252609112178681,-0.09927312220579514,0.34908592961140766,0.04983490661853242,0.09974136236972084,-0.11957776680740614,-0.29946632215479024,0.3605627509832568,0.24906022217560558,0.09999986392858633,0.0,0.4995749858380964,0.0,0.1,0.39247581665747117,-0.006249095932418905,0.09709940236365754,1469072.0,1150.0,238684.0,6.154882606291163,0.41931633656388256,7,18560.0,12.9375,65024.0,72.5,0.9156050955414012,5,358.42039199999965,0.8479673922444455,0.8259958071105661,0.19349514453267333,0.9998136557801994,0.0,0.0,0,81.75,9.875,4,-0.7440873778057546,-1.0446096653304275,-0.765486725663378,-3.319810682871401,-3.2023809218820873,-3.3246753189183114,-3.1374192809674577,-7.100318964275801,-3.8814814807626883,-2.328519853914426,-0.020833333159722522,17,5
423,23,2026-01-31T15:09:34.543567,0.3322806111629699,0.05009205340395814,0.036964880270165576,0.21203453991348567,0.05367470673431973,0.02119770217472119,0.2504602670197907,0.36964880270165573,0.6058129711813877,0.5367470673431973,0.4239540434944238,0.3985012439788599,0.1479395735059751,0.0019876424795183573,-0.09971912027322041,0.3499999997183092,0.04999999995509152,0.09999999992077971,0.27990601274888605,-0.29946632215479024,0.3107077983037306,0.19584228884789945,0.09999986259054099,0.0,0.4995749858380964,0.0,0.1,0.3898079368728429,0.040378485380600786,0.09847568109765498,2010894.0,1530.0,325133.0,6.184835129008744,0.37166296496627255,8,7472.0,5.0,65024.0,29.1875,1.3362445414847162,2,497.5906319999999,0.8037173607720549,0.7261663285856761,0.1935685348716807,0.9912563728567106,0.0,0.0,0,83.875,10.0625,4,3.1390505403776094,2.4869888473525097,3.0596902654853717,-10.816768086471829,-10.761904659410433,-10.824675305931297,-1.0540324549320326,-7.095426278270435,-3.8814814807626883,-2.175090251137119,0.13541666553819418,15,6
423,24,2026-01-31T15:09:35.172383,0.2937753523588871,-0.0003661750715791497,0.030299708860989545,0.22841642999713344,0.05367470673431973,0.023433953171703898,-0.0018308753578957484,0.30299708860989544,0.6526183714203813,0.5367470673431973,0.46867906343407795,0.24961447471259812,0.04282779440572566,-0.0016891968397282624,-0.09977843366709391,0.349999993074444,0.049999998741142526,0.09999999804978335,0.23931250024971237,-0.29946632215479024,0.3376491546383643,0.24640448364404702,0.0999998730434969,0.0,0.4995749858380964,0.0,0.1,0.3860877137524386,0.09924633524808832,0.09920158685087178,1674976.0,1294.0,274158.0,6.109528082346676,0.35978789081227,8,9840.0,6.75,65024.0,38.4375,1.2184557438794728,3,403.4147040000008,0.8235345540491328,0.7687224669434202,0.1929751293208043,0.9920106040066032,0.0,0.0,0,86.0625,10.3125,4,0.7315884528279726,0.293680297370475,0.8041592920350423,-9.215686274447494,-9.095238008616782,-9.222943706973258,-2.463851736158094,-7.134986621955298,-3.8814814807626883,-2.0171480129840087,0.34374999713541643,15,12
423,25,2026-01-31T15:09:35.769989,0.3371077259483005,0.029234509538607362,0.0422635458006018,0.22715889121467986,0.05367470673431973,0.02645934399377216,0.1461725476930368,0.422635458006018,0.649025403470514,0.5367470673431973,0.5291868798754432,0.34123121260973066,0.1000094790758812,-0.0017694001927312177,-0.0994386133664214,0.3499999999885424,0.049999999997967254,0.09999999999678198,0.254094094146816,-0.2107743970712047,0.3331805486115819,0.24467176041486713,0.09999988033017419,0.0,0.4995749858380964,0.0,0.1,0.38018873607235243,0.17275871738573673,0.09958253144687874,1749732.0,1349.0,286471.0,6.1078852658733345,0.40635740445097207,8,5104.0,3.375,33792.0,19.9375,1.249074074074074,2,416.6688239999995,0.8197698879782344,0.7649667405595351,0.1925318187963902,0.9916253611687624,0.0,0.0,0,88.5625,10.6875,3,1.2673508585843198,0.8048327136798475,1.3489823008843589,-12.417849898496161,-12.309523692290252,-12.426406904889339,-2.265436766127936,-7.164540637213562,-3.8814814807626883,-1.8366425979518826,0.6562499945312498,15,5
423,26,2026-01-31T15:09:36.063508,0.2399394418125866,-0.13776790752855297,-0.03268054425193518,0.2376790998844571,0.05367470673431973,0.027566892400679163,-0.6888395376427648,-0.3268054425193518,0.6790831425270203,0.5367470673431973,0.5513378480135832,-0.3999927610177372,-0.14999755496977565,-0.00041317265169883954,-0.0997353747562282,0.299318945392501,0.042245573641388375,0.08562771662753593,-0.28594377843776575,-0.29946632215479024,0.38123416231511675,0.2499722135824495,0.09999991265840358,0.0,0.4995749858380964,0.0,0.1,0.37445090433924927,0.20958347804812083,0.0997819160188117,762712.0,632.0,124308.0,6.135663030537053,0.3686783003722408,9,21584.0,15.0,65024.0,84.3125,0.626984126984127,6,240.75480000000118,0.8864418428101704,0.8733031674010565,0.19016999503795026,0.9972638384814965,0.0,0.0,0,90.375,10.9375,3,-5.806438666398689,-5.858736058935063,-5.826371681413351,-1.2751859364349212,-1.2380952263038556,-1.2792207770056787,-4.898880238787576,-7.3219954494730155,-3.8814814807626883,-1.705776172053591,0.8645833261284721,9,5
423,27,2026-01-31T15:09:36.662632,0.3134962206113061,0.05079328917762789,0.02668430651535443,0.1961665428268056,0.05367470673431973,0.027860646690878843,0.25396644588813944,0.2668430651535443,0.560475836648016,0.5367470673431973,0.5572129338175769,0.3996976835925363,0.14970009241876367,0.002615725487009165,-0.09955979284542711,0.34989709492934107,0.04998471215162339,0.09997090898555952,0.24273209956064173,-0.29946632215479024,0.3049697114669969,0.13368662521067193,0.09999990999535026,0.0,0.4995749858380964,0.0,0.1,0.36796439118573077,0.22444634109892056,0.09988612809105413,2122688.0,1634.0,342496.0,6.197701578996543,0.39416881190238134,8,16944.0,11.6875,65024.0,66.1875,1.224887556221889,5,528.135827999999,0.8001979585990942,0.7096114519282288,0.19039525393717951,0.9818657975180769,0.0,0.0,0,92.0,11.0625,3,3.940257431986645,3.4535315981920505,3.8279646017682176,-4.4124408383744935,-4.392857101020409,-4.417748910099136,-0.5967690418268454,-7.306978199535899,-3.8814814807626883,-1.5884476522827091,0.9687499919270832,15,12
423,28,2026-01-31T15:09:37.305607,0.3350601850193513,0.04951960294866785,0.028645398073362017,0.21575130228961287,0.05367470673431973,0.029152446307069226,0.24759801474333923,0.28645398073362016,0.6164322922560368,0.5367470673431973,0.5830489261413845,0.3972635175424337,0.14765550361265423,0.0003511079937554163,-0.09961228439219622,0.34999999140156046,0.0499999985819933,0.09999999757849153,0.22119508878101596,-0.29946632215479024,0.3056634258344378,0.21788542687211948,0.09999990709524857,0.0,0.4995749858380964,0.0,0.1,0.3486931724086217,0.26464752667862806,0.09994055693477336,1968784.0,1523.0,320059.0,6.151315851139946,0.38780699576375643,8,10000.0,6.8125,65024.0,39.0625,1.1889149102263856,3,478.5242879999995,0.8006134713188479,0.7321814254701473,0.19063310497689823,0.9906792116362476,0.0,0.0,0,95.4375,11.5625,2,2.8372559699565087,2.4219330852767715,2.8351769911491878,-9.107505070932337,-9.035714199659866,-9.114718598935552,-1.339456766266556,-7.291121474125802,-3.8814814807626883,-1.340252706613536,1.3854166551215277,15,6
423,29,2026-01-31T15:09:38.004798,0.307440308352006,0.045688837275661136,-0.005052374148962686,0.2259041134121651,0.05367470673431973,0.028908296412503132,0.22844418637830566,-0.05052374148962686,0.6454403240347575,0.5367470673431973,0.5781659282500626,0.3863253973151931,0.13367325627873403,-0.0008694475392325843,-0.09830672579692235,0.3483265619528514,0.04970101084994497,0.09952637698476591,-0.09633559367775622,-0.29946632215479024,0.3305437600649864,0.24110375993752978,0.0999999102554614,0.0,0.4995749858380964,0.0,0.1,0.3235333829509401,0.2824126615491862,0.09996897375131168,1855576.0,1416.0,302886.0,6.126318152704318,0.46184245503190924,7,19008.0,13.25,65024.0,74.25,0.9334212261041529,4,434.031708,0.8176546110310055,0.776523702014074,0.1903735477387639,0.9920504503939538,0.0,0.0,0,98.4375,12.0,2,2.0259152022473677,1.4275092935476286,2.075309734512356,-3.0169033130289598,-2.9047618770975068,-3.0216450164127364,-2.0055133529931872,-7.308425278465554,-3.8814814807626883,-1.1236462085749845,1.7499999854166666,15,6
423,30,2026-01-31T15:09:38.496659,0.3394112539851604,0.04291176442459491,-0.01795131693213945,0.2349269301269434,0.05367470673431973,0.028515589411960054,0.21455882212297456,-0.1795131693213945,0.6712198003626955,0.5367470673431973,0.570311788239201,0.38571878846447594,0.11482045805192453,0.00397084426236039,-0.09828967781813769,0.32080694016546807,0.045569869565646653,0.09172526978798494,-0.17045863133188896,-0.29946632215479024,0.3689924576591793,0.24808724046923192,0.0999999261936345,0.0,0.4995749858380964,0.0,0.1,0.3101063149714267,0.2841064003268467,0.09998380698061256,1852494.0,1371.0,297567.0,6.225468549940014,0.4623476391202662,7,21152.0,14.6875,65024.0,82.625,0.8710292249047014,5,382.2215760000005,0.8605425342631552,0.8236658932523512,0.18890713069500759,0.9930847346358451,0.0,0.0,0,99.6875,12.0625,2,2.003827079092824,1.0092936802035966,1.8399557522115753,-1.5672751859258467,-1.5357142710884362,-1.5714285687074834,-2.7811141313201855,-7.406186349541928,-3.8814814807626883,-1.0333935010589217,1.8020833183159721,19,6
423,31,2026-01-31T15:09:39.012475,0.28278589584860836,0.044956884003560876,-0.07582426285613675,0.23474403243430692,0.05367470673431973,0.02790095531307582,0.22478442001780435,-0.7582426285613675,0.6706972355265912,0.5367470673431973,0.5580191062615164,0.3875672062730571,0.12305768882238573,0.0044484330557898214,-0.09810873773072076,-0.3492515463858007,-0.04990215592729518,-0.09978524443909464,-0.005387351810826601,-0.29946632215479024,0.3682950715340192,0.24734695509513613,0.09999993830904443,0.0,0.4995749858380964,0.0,0.1,0.28788334955575884,0.2882887349135978,0.09999154894357781,1862328.0,1387.0,298677.0,6.235257485511104,0.4674214206541302,7,28528.0,19.9375,65024.0,111.4375,0.9964080459770115,7,393.19843199999843,0.8593850863086856,0.83799999998324,0.18756232287762165,0.9995020100653579,0.0,0.0,0,101.4375,12.25,2,2.074305535647588,1.1579925649481413,1.889070796459341,3.419878296122922,3.464285681292517,3.417748911830737,-2.6167899397280494,-7.495840144265127,-3.8814814807626883,-0.9070397105364334,1.9583333170138888,19,6
423,32,2026-01-31T15:09:39.579082,0.33631416176457996,0.05062372026657805,0.03535953248346326,0.21200329312343072,0.05367470673431973,0.026336180490468538,0.2531186013328902,0.3535953248346326,0.6057236946383735,0.5367470673431973,0.5267236098093707,0.39785952980526906,0.146419795929381,0.0024743420999222064,-0.09973645914640511,0.34999948671589093,0.049999927916665,0.09999985520787952,0.2960437403770375,-0.29946632215479024,0.30448174451357757,0.20206574531389493,0.0999999358009781,0.0,0.4995749858380964,0.0,0.1,0.2381419656251012,0.29367402781874746,0.09999558951724458,1985974.0,1500.0,320587.0,6.19480515429509,0.3684727162871484,7,13024.0,8.875,65024.0,50.875,1.5015015015015014,3,493.05049200000065,0.7999072516086903,0.7562642368848231,0.18786120279087395,0.9896249025478183,0.0,0.0,0,104.5,12.625,2,2.960453516039119,2.208178438456488,2.8585398230075847,-7.062880324495857,-7.071428504081634,-7.069264057022919,-1.1219986225865177,-7.475914829998516,-3.8814814807626883,-0.685920577122079,2.2708333144097224,14,6
423,33,2026-01-31T15:09:40.133176,0.3437241344632215,0.04593982538512914,0.03409737344059676,0.23460119353538908,0.05367470673431973,0.024449403597637403,0.22969912692564567,0.3409737344059676,0.670289124386826,0.5367470673431973,0.488988071952748,0.38505259777290535,0.14059989714354884,0.0008468465105708923,-0.09982201370738658,0.3499999881049262,0.04999999820079051,0.09999999664964604,0.24708372368406925,-0.29946632215479024,0.3670429927985305,0.24837576163961556,0.0999999452416368,0.0,0.4995749858380964,0.0,0.1,0.18370930547045472,0.29723425669237546,0.09999769825578458,1849254.0,1447.0,300132.0,6.161468953660389,0.34882621108470485,8,10240.0,6.9375,65024.0,40.0,1.2335890878090368,2,376.7410679999988,0.8573669476498176,0.8154205607286117,0.1866682684426812,0.9927027081092135,0.0,0.0,0,107.125,13.125,2,1.980606599202908,1.715613382740184,1.9534513274327638,-8.945233265659601,-8.916666581746034,-8.952380936878994,-2.8631576642420606,-7.555443733525431,-3.8814814807626883,-0.49638989133834666,2.687499977604167,17,11
423,34,2026-01-31T15:09:40.587956,0.15840563874265548,-0.10336663760255985,-0.000684896291652599,0.2341488307425467,0.05367470673431973,0.023672003389852165,-0.5168331880127992,-0.00684896291652599,0.6689966592644192,0.5367470673431973,0.4734400677970433,-0.1744912640754329,-0.10645782437567433,0.000908331872233745,-0.09916275294778593,0.34999867014800234,0.049999762943758,0.09999962471758023,-0.05506197447399067,-0.29946632215479024,0.3639197029976137,0.24931544440925724,0.09999995221560448,0.0,0.4995749858380964,0.0,0.1,0.1632011821100099,0.29750672061769434,0.0999987987710148,1507656.0,1167.0,244641.0,6.162728242608557,0.42641207837087536,8,13728.0,9.5,65024.0,53.625,0.9628712871287128,4,347.81973599999856,0.8526357877960291,0.8108747044725562,0.18564653585253166,0.990775274770076,0.0,0.0,0,108.0,13.1875,2,-0.46756299630189,-0.8866171002893488,-0.5019026548670346,-6.5868830290291625,-6.476190414512473,-6.593073581657015,-3.2961117360335384,-7.623559194125093,-3.8814814807626883,-0.4332129960771025,2.7395833105034724,17,6
424,1,2026-01-31T15:11:02.477794,0.05871363145017055,0.0519972710742472,-0.06597277906483182,0.17484395979877015,-0.048200393941320155,-0.004916058186844135,0.259986355371236,-0.6597277906483181,0.4995541708536291,-0.4820039394132015,-0.0983211637368827,0.3999647211733046,0.1499540755321685,0.003706398842767297,-0.09925631479843411,-0.2964496118954777,-0.042579419136575786,-0.08461455858408229,0.11180807583071711,-0.29946632215479024,0.32756258847847125,0.22082987764216924,-0.09566278736709435,0.0,-0.08616843775208767,-0.24415369663232694,-0.09999693617763017,0.39998445137641275,-0.29997878624955493,-0.09998407473594395,2272582.0,1735.0,365364.0,6.220049046977809,0.42046352700643663,7,25312.0,17.625,65024.0,98.875,1.0783095090118087,6,475.102848,0.8153488563982174,0.7920560747478491,0.32856870610201755,0.9943645090735168,219.0,73.0,3,38.875,3.75,10,5.0145199667456195,4.392193308141989,4.839823008847416,1.2454361054682528,1.2619047498866207,1.2424242402728578,-1.3906759279355279,1.904579137081746,0.17407407404183825,-5.424187721715388,-5.124999957291668,17,6
424,2,2026-01-31T15:11:03.030718,0.1424333657412422,0.05201219328115795,-0.023774544624311604,0.19526133331370132,-0.02711196274894608,-0.004915285250508698,0.26006096640578974,-0.23774544624311603,0.5578895237534324,-0.2711196274894608,-0.09830570501017395,0.39991479306868627,0.14982498747303058,0.003838595595172749,-0.09912947391646604,0.1024572852692881,0.011120517735892581,0.029605934470830465,0.08355618505775637,-0.29946632215479024,0.3473681893529725,0.22998978244797968,-0.043993066299932826,0.0,0.1405559128965911,-0.24931061598098705,-0.09999960684916942,0.3999776913499135,-0.29997100461708764,-0.09996948674010687,2211058.0,1663.0,355318.0,6.222758205325934,0.42836936038865053,7,23024.0,16.0625,65024.0,89.9375,1.0572155117609663,5,461.8707719999998,0.8326618626151331,0.819838056663566,0.30708217236433955,0.9999447631051219,194.0,102.0,2,41.375,3.9375,10,4.573588854169325,3.7230483267915377,4.395309734511329,-0.301555104798502,-0.22619047403628187,-0.3051948046663298,-1.5887608979657573,0.47214450952629744,-0.2888888888353908,-5.243682306683262,-4.968749958593751,17,6
424,3,2026-01-31T15:11:03.525928,0.20623443590289187,0.050646658065663354,-0.014369370755869207,0.2221276210839607,0.0017379379928535667,-0.004870042253865812,0.25323329032831676,-0.14369370755869207,0.6346503459541735,0.017379379928535665,-0.09740084507731624,0.39611089967580426,0.1467340761091895,0.0027831219408148192,-0.09848834522120038,0.11612314962414003,0.013909274516285153,0.03350311457954624,0.16089237766087977,-0.29946632215479024,0.35161903733406424,0.24310174021276323,0.05804372721815834,0.0,0.4294176292574194,-0.2427200331125751,-0.0999988925376725,0.3999668158345457,-0.2999332865172808,-0.09994153963058766,1944160.0,1505.0,313517.0,6.201131039146203,0.4561237273317909,7,22960.0,16.0,65024.0,89.6875,1.1197916666666667,5,425.40049200000016,0.8371561596648478,0.8236472945726724,0.29005317151809296,0.9999634096937581,140.0,70.0,2,44.125,4.4375,9,2.660780322793147,2.254646839939159,2.5457079646006435,-0.3448275862045651,-0.285714282993198,-0.348484847881412,-2.134723173333123,-0.6631214567128311,-1.2888888886502057,-5.045126350147923,-4.5520832953993065,17,6
424,4,2026-01-31T15:11:04.085556,0.17635340348354236,0.05193868963010761,-0.058196563806756044,0.22529522997062004,0.011219984031954768,-0.004865568112533294,0.259693448150538,-0.5819656380675604,0.6437006570589144,0.11219984031954768,-0.09731136225066588,0.3999469946300453,0.14991361332842584,0.003896194072777113,-0.09970203655515322,-0.332051401121231,-0.047000267086771436,-0.09484398231229818,0.2889617270033034,-0.29946632215479024,0.3484509110468124,0.22896231781916004,0.09125894661022932,0.0,0.49213188114831535,-0.2427200331125751,-0.09999979921468917,0.3999580399117259,-0.29988770106047713,-0.09988801008500812,2244178.0,1701.0,360572.0,6.223938630842106,0.37461945466284285,7,26160.0,18.125,65024.0,102.1875,1.3976992604765817,6,463.61475599999983,0.8337735540684736,0.8124999999818638,0.27685801842207314,0.992039072592258,79.0,70.0,1,45.75,4.75,9,4.810953759710689,4.076208178059831,4.627787610617421,1.8187964840985884,1.7380952215419496,1.8160173128726966,-1.5626533530594857,-1.5427977433299613,-2.4185185180706448,-4.927797830377041,-4.291666630902779,17,11
424,5,2026-01-31T15:11:04.645730,0.2912766917011682,0.05065895612315875,0.03138010044459187,0.22893007100335702,0.03401788957179522,-0.004671957211883923,0.25329478061579375,0.3138010044459187,0.6540859171524487,0.3401788957179522,-0.09343914423767845,0.39984106369982286,0.1499212780398417,0.001589562628750871,-0.0996160387813152,0.349639194032379,0.049949741250263274,0.09989794869482964,0.2770543085433702,-0.29946632215479024,0.35102192039169006,0.2378210904935986,0.0978744655183226,0.0,0.4991725187586961,-0.04487874706890308,-0.09999894961947846,0.39992387748733477,-0.29971331797254147,-0.09978551850770054,2167558.0,1706.0,350926.0,6.176681123655699,0.3873195280116119,8,17872.0,12.3125,65024.0,69.8125,1.3224806201550388,4,444.7458839999999,0.8365030998262142,0.8004750593634091,0.2659979285583737,0.990770432972715,18.0,18.0,0,49.875,5.3125,7,4.261832411202859,4.122676579542502,4.2009734513255745,-3.784989857986579,-3.797619011451248,-3.7900432834804447,-1.8451214967297744,-2.26680325157292,-3.5481481474910836,-4.629963895574033,-3.8229166348090287,17,6
424,6,2026-01-31T15:11:05.182277,0.30660886385552066,0.050396114955563245,0.02512140092114888,0.23111094864324838,0.05367470673431973,-0.004655939168908887,0.2519805747778162,0.2512140092114888,0.6603169961235669,0.5367470673431973,-0.09311878337817775,0.39572195914059666,0.14696572172853065,0.0027483783307692806,-0.09963440700001452,0.3489594090749164,0.049869839816533076,0.09970554718276925,0.20995853239337234,-0.29946632215479024,0.3537169458620384,0.2444800968525017,0.09937592066318798,0.0,0.4995749858380964,0.0,0.1,0.3999028748740463,-0.29956524032575227,-0.09958942076378553,1937476.0,1509.0,312475.0,6.200419233538683,0.3848638842492627,7,18656.0,12.8125,65024.0,72.875,1.1734059097978227,4,417.8621039999996,0.8395120500701523,0.8084632516523728,0.25674997599268135,0.9921312144412294,0.0,0.0,0,51.5625,5.5625,7,2.6128773327980235,2.291821561125295,2.4996017699103983,-3.2549019607623064,-3.3214285397959196,-3.2597402540956883,-2.247573293076717,-2.8833330115992353,-3.8814814807626883,-4.508122740427348,-3.6145833032118064,17,11
424,7,2026-01-31T15:11:05.635160,0.2705121322034147,0.0156632708305429,0.02114784930153763,0.23369617326026834,0.05367470673431973,-0.004631499693403188,0.07831635415271448,0.2114784930153763,0.6677033521721953,0.5367470673431973,-0.09262999386806375,0.286476148836138,0.08352719270893716,0.0008901727005642837,-0.09961093572833468,0.34999987147664285,0.04999998272514459,0.0999999637652639,0.10660848858313544,-0.29946632215479024,0.362361344477982,0.24860347324781576,0.09980078879967455,0.0,0.4995749858380964,0.0,0.1,0.399861906022953,-0.299405911896845,-0.09921473800972092,1698444.0,1330.0,275616.0,6.162356321839081,0.3879809561591945,8,12000.0,8.125,65024.0,46.875,1.074313408723748,2,371.68071599999985,0.850419452697653,0.821428571410236,0.24816967107726115,0.9923651272000853,0.0,0.0,0,54.0,5.75,7,0.8997792621046856,0.6282527880457006,0.868672566371297,-7.755240026992865,-7.785714211564628,-7.761904748464234,-2.9389114366857942,-3.455352957947284,-3.8814814807626883,-4.3321299607710255,-3.4583333045138898,17,6
424,8,2026-01-31T15:11:06.129842,0.2941042346641132,0.04354297225085316,0.017762588115043134,0.2327305981945099,0.05367470673431973,-0.004568262400762072,0.21771486125426576,0.17762588115043132,0.6649445662700283,0.5367470673431973,-0.09136524801524143,0.3796885158326322,0.1318634658328405,0.002249180729513867,-0.0997396387969521,0.34999340611998736,0.049999121852285194,0.09999813800638246,0.1060355974920772,-0.29946632215479024,0.3589295129955241,0.24696340015393808,0.0999219422731925,0.0,0.4995749858380964,0.0,0.1,0.3997870507545056,-0.29876955387604953,-0.09850069910720374,1827382.0,1410.0,295206.0,6.190192611261288,0.36786499589867916,8,14912.0,10.1875,65024.0,58.25,1.073876618431074,3,397.73421599999995,0.8458309559509309,0.8097345132564218,0.24113824769641617,0.9922307697210343,0.0,0.0,0,57.0,6.1875,7,1.823854026316413,1.3717472117684242,1.735486725662949,-5.786342123016996,-5.821428515986396,-5.792207782177996,-2.548888981654359,-3.924114204162785,-3.8814814807626883,-4.115523462732474,-3.093749974218751,17,11
424,9,2026-01-31T15:11:06.666569,0.2768747041085545,0.020811758209300535,0.021177999463820225,0.23455742355773174,0.05367470673431973,-0.004308815626766982,0.10405879104650267,0.21177999463820224,0.670164067307805,0.5367470673431973,-0.08617631253533962,0.31608508633003246,0.07960057826229286,0.0010490103165505813,-0.09949231771183166,0.349999923534401,0.04999998926980651,0.09999997844650954,0.10692405338828403,-0.29946632215479024,0.3664734200999654,0.2488207495468631,0.09996790650054582,0.0,0.4995749858380964,0.0,0.1,0.3997561887583509,-0.2984852729594951,-0.09714668392869001,1722474.0,1326.0,279368.0,6.16560951862776,0.401316241403588,8,11616.0,7.875,65024.0,45.375,1.0745542949756888,2,366.0179160000005,0.8564730733326787,0.8210290827556816,0.2344705600144219,0.9918435120029755,0.0,0.0,0,57.9375,6.3125,6,1.0719978212882297,0.5910780668595644,1.0346902654862677,-8.014874915429244,-8.023809447392292,-8.021645007754728,-3.0236838917629143,-4.36862641995426,-3.8814814807626883,-4.047833932095426,-2.9895833084201398,17,6
424,10,2026-01-31T15:11:07.194386,0.3039975296812811,0.03906445523381926,0.0314594247875026,0.2330146943579154,0.05367470673431973,-0.004177383202425243,0.19532227616909628,0.314594247875026,0.665756269594044,0.5367470673431973,-0.08354766404850486,0.37160914143481927,0.11651549060898361,0.0023533194770234784,-0.09980780501332687,0.3499904746768002,0.049998744920862474,0.09999730981765362,0.2521457524579454,-0.29946632215479024,0.3599013447717828,0.24738462883830845,0.09998419929829061,0.0,0.4995749858380964,0.0,0.1,0.39969450025071274,-0.2983194438197274,-0.09460310681473014,1803292.0,1374.0,291214.0,6.19232591839678,0.352669960186247,8,15184.0,10.375,65024.0,59.3125,1.2445652173913044,3,392.71821599999964,0.8470922908524656,0.8097345132564218,0.22915545534100215,0.9922448230954282,0.0,0.0,0,59.5,6.375,6,1.6512054582460187,1.0371747210931987,1.558849557521434,-5.602434077041228,-5.6428570891156475,-5.608225098513896,-2.623978802002404,-4.722966495288859,-3.8814814807626883,-3.935018047700348,-2.937499975520834,17,11
424,11,2026-01-31T15:11:07.623163,0.21452113101956305,-0.05652163995699935,0.03533403523433877,0.23465015842677162,0.05367470673431973,-0.003577761189017039,-0.28260819978499674,0.3533403523433877,0.6704290240764904,0.5367470673431973,-0.07155522378034078,0.07114418382154329,-0.06777348793470851,0.0016137541008449904,-0.09989362935106873,0.3499998222009117,0.04999997531008693,0.09999994986629811,0.2611455268213714,-0.29946632215479024,0.366014104862877,0.2491286440840167,0.09999200560886079,0.0,0.4995749858380964,0.0,0.1,0.39958483707938386,-0.296526059312969,-0.08990813860026203,1597980.0,1210.0,258691.0,6.177176631579761,0.32306945160709194,9,12240.0,8.3125,65024.0,47.8125,1.2670157068062826,2,355.89100799999994,0.8557627496797884,0.8393574297020209,0.22404530636561631,0.9997811602801719,0.0,0.0,0,61.625,6.8125,5,0.17977238196254766,-0.48698884753838484,0.1197787610618939,-7.592968221720129,-7.607142784693879,-7.599567086407676,-3.1752843109019047,-5.063642866530334,-3.8814814807626883,-3.781588444923041,-2.5729166452256953,17,11
424,12,2026-01-31T15:11:08.131424,0.2875911437086602,0.04832824764477674,0.019816052011361118,0.23442783045262872,0.03721863124489385,-0.003161249415149569,0.24164123822388367,0.19816052011361115,0.669793801293225,0.3721863124489385,-0.06322498830299138,0.394482444884556,0.13770114824473126,0.002185875123747904,-0.09957796631065187,0.34999997517735076,0.04999999673720082,0.09999999300639108,0.09270694954154139,-0.29946632215479024,0.36673225507760765,0.24778198692303408,0.09999565769578914,0.0,0.4992863788369204,-0.00833024828470572,-0.0999975561847959,0.39956174813867884,-0.296526059312969,-0.08151676094003975,1919616.0,1432.0,310171.0,6.1888958026379,0.39205624479435486,7,10784.0,7.25,65024.0,42.125,1.063893016344725,2,387.1874160000002,0.8568774676535178,0.823008849539314,0.2194676564820906,0.9928248718878963,14.0,14.0,0,62.0,6.8125,5,2.4848780208122516,1.5762081782921733,2.397654867255576,-8.577417173708064,-8.619047536961453,-8.584415569550796,-2.7067752091756296,-5.3688193219810785,-3.62222222155144,-3.754512632668222,-2.5729166452256953,17,6
424,13,2026-01-31T15:11:08.629236,0.2868707375923626,0.050450092157957475,0.00012092488215966488,0.23408219375891254,0.05367470673431973,-0.00241881171113609,0.25225046078978736,0.0012092488215966488,0.6688062678826073,0.5367470673431973,-0.048376234222721796,0.39770856322057635,0.14380234383979626,0.003055322607282886,-0.09847637250201596,0.3499958138379615,0.04999945454098459,0.09999881812082004,-0.07228872445650009,-0.29946632215479024,0.3652454282584141,0.24693951078589882,0.09999744537113947,0.0,0.4995749858380964,0.0,0.1,0.3994891211202447,-0.29572714275255896,-0.06734763932885926,1981206.0,1470.0,319204.0,6.206707935990777,0.45652119703335187,7,14576.0,9.9375,65024.0,56.9375,0.9508408796895214,3,397.99755599999946,0.854594273968043,0.8333333333165998,0.2154888531055303,0.9999296857987604,0.0,0.0,0,63.0625,6.9375,5,2.926282143164082,1.929368029560467,2.797345132742125,-6.013522650398827,-6.05952375181406,-6.019480509057177,-2.544946766086094,-5.634072703582845,-3.8814814807626883,-3.6777978312795683,-2.468749979427084,17,6
424,14,2026-01-31T15:11:09.141210,0.28237341593134757,0.0502294725817323,-0.0050354501324858265,0.2338315982137098,0.05367470673431973,-0.0012885432360777525,0.25114736290866146,-0.05035450132485826,0.6680902806105995,0.5367470673431973,-0.02577086472155505,0.39743280385656216,0.14333461725101473,0.0026611542556259646,-0.0985164268307961,0.34976076998163025,0.04996877607569739,0.09993234695722852,-0.0982738650766315,-0.29946632215479024,0.3642228139162823,0.24667111620511734,0.09999839550550159,0.0,0.4995749858380964,0.0,0.1,0.39937135516231237,-0.29474611423235764,-0.04557344906251849,1973254.0,1466.0,318337.0,6.198632267062893,0.4551790815012748,7,17568.0,12.0625,65024.0,68.625,0.9319771137952956,4,400.8232799999999,0.8530774478930228,0.8286290322413583,0.2120005809726914,0.9998694996242736,0.0,0.0,0,64.5,7.0625,5,2.869291632026856,1.8921933083743308,2.758982300883735,-3.9905341446653786,-4.0357142472789125,-3.995670988752085,-2.50264550860739,-5.866624024071224,-3.8814814807626883,-3.5740072176360957,-2.364583313628473,17,6
424,15,2026-01-31T15:11:09.620291,0.28142132977997925,0.04930034869250465,-0.006930704990095564,0.2341636438090207,0.05367470673431973,0.00025170376408042706,0.24650174346252324,-0.06930704990095564,0.6690389823114877,0.5367470673431973,0.005034075281608541,0.3960623381456904,0.14007866526911578,0.0028089155292684484,-0.09899001254262829,0.34976076998163025,0.04996877607569739,0.09993234695722852,-0.11729508187898116,-0.29946632215479024,0.36546134251185264,0.24714156547251354,0.09999895993391615,0.0,0.4995749858380964,0.0,0.1,0.3992264684858198,-0.2928417832732979,-0.01652220341014792,1943290.0,1444.0,313350.0,6.201659486197543,0.4358341638547591,7,17568.0,12.0625,65024.0,68.625,0.9174078780177891,4,395.70273599999973,0.8549199755261913,0.83599999998328,0.20874912606086327,0.9999535324556288,0.0,0.0,0,65.9375,7.25,5,2.6545451939338176,1.6877323418505819,2.5383185840696734,-3.9905341446653786,-4.0357142472789125,-3.995670988752085,-2.5793003588953187,-6.0833875403507545,-3.8814814807626883,-3.470216603992623,-2.2083333149305564,17,6
424,16,2026-01-31T15:11:10.171586,0.2868975390810297,0.05076659078201495,-0.0042287471108867596,0.23363538804927103,0.05367470673431973,0.0020879688561614832,0.25383295391007477,-0.042287471108867596,0.6675296801407744,0.5367470673431973,0.04175937712322966,0.3975377103800053,0.145929058075437,0.002494277568874336,-0.0981804362188204,0.34932457540664597,0.04991911174485781,0.09980891166753803,-0.08958015023947728,-0.29946632215479024,0.3634812988173018,0.24640252215086997,0.09999928503939369,0.0,0.4995749858380964,0.0,0.1,0.3989490199270146,-0.2880471024994907,0.015710123089542293,1976174.0,1493.0,318984.0,6.195213553030873,0.46547094409687434,7,18336.0,12.5625,65024.0,71.625,0.9384035197988686,4,403.433051999999,0.8520032069897334,0.8282828282660952,0.20593802321560195,0.99983223574413,0.0,0.0,0,68.0625,7.5625,5,2.890218731186904,2.14312267638075,2.787610619467793,-3.471264367792622,-3.559523775623584,-3.4761904701710993,-2.4635770654994795,-6.270794271763688,-3.8814814807626883,-3.316787001215316,-1.9479166504340284,17,6
424,17,2026-01-31T15:11:10.726901,0.29770590537008,0.05098197231632338,0.0045318802827056465,0.23381589822861762,0.05367470673431973,0.0037398160379643075,0.2549098615816169,0.04531880282705646,0.6680454235103361,0.5367470673431973,0.07479632075928615,0.397815387172432,0.14679357749569646,0.002195646489043461,-0.09787259179812395,0.3493805223916185,0.04991911174485781,0.09982474624475003,-0.0019893607603695177,-0.29946632215479024,0.3642844955768293,0.2465294020741914,0.09999949503738373,0.0,0.4995749858380964,0.0,0.1,0.398635124765239,-0.2837808550601808,0.04491036754170555,1984546.0,1506.0,320652.0,6.1890959669673045,0.47336405421859995,7,18272.0,12.5625,65024.0,71.375,0.9986737400530504,4,402.22525199999905,0.8531677602093792,0.8266129032091408,0.2033299424974765,0.9998401050731702,0.0,0.0,0,69.875,7.75,5,2.950219304532082,2.2639405202356926,2.8614159292022734,-3.514536849198685,-3.559523775623584,-3.5194805133861813,-2.4816579038201256,-6.444666203724098,-3.8814814807626883,-3.1859205753170246,-1.7916666517361117,17,6
424,18,2026-01-31T15:11:11.228668,0.3028029535549859,0.05049447453497742,0.0249252170880174,0.2335805068428565,0.037938995006661876,0.004902128312323386,0.2524723726748871,0.24925217088017396,0.6673728766938758,0.37938995006661874,0.09804256624646772,0.39764548712988884,0.14585373797627366,0.0019316755693847163,-0.09910403759757275,0.34999311452574006,0.049999121852285194,0.09999805563123397,0.18112110698579656,-0.29946632215479024,0.36329497663240584,0.24630722658713577,0.09999962989355107,0.0,0.4993372955491493,0.0,-0.0999904608186965,0.3983508867170964,-0.282053489704089,0.06688949718416891,1979306.0,1492.0,320085.0,6.183688707687021,0.4298157840713338,7,14944.0,10.1875,65024.0,58.375,1.1398013750954927,3,404.31269999999955,0.8517365467734739,0.8303030302862565,0.2009997344256724,0.9998109911379685,12.0,11.0,0,71.1875,7.8125,5,2.912665195080489,2.133828996084216,2.8363274336270634,-5.764705882313964,-5.821428515986396,-5.770562760570455,-2.45040868226791,-6.600013304946303,-3.6592592585816184,-3.0911552324251588,-1.7395833188368062,17,6
424,19,2026-01-31T15:11:11.578173,0.08134797157201104,-0.12184463767119769,-0.04870979128714168,0.23388330452287356,0.014998740810353581,0.0056867749776414326,-0.6092231883559884,-0.4870979128714168,0.668238012922496,0.1499874081035358,0.11373549955282865,-0.2836063163797174,-0.13551819384124536,0.0036175580320457514,-0.09937266531509652,-0.16442734351757385,-0.02020633698789293,-0.04672086109252064,0.16822917847045626,-0.29946632215479024,0.36281420047077934,0.24893257465572924,0.099999721630859,0.0,0.4976693140730095,-0.20980415574983655,-0.09999980473677289,0.397971404825185,-0.28014841296677756,0.08123513210239004,1449382.0,1102.0,233086.0,6.218228465030075,0.411927457175472,8,24224.0,16.75,65024.0,94.625,1.1267893660531698,5,362.6828039999994,0.851054376724089,0.8141176470396678,0.1988634115916232,0.9921763179080032,46.0,46.0,1,72.625,7.875,5,-0.8852019608404605,-1.4907063195640617,-1.0131858407075163,0.5098039215651805,0.4285714244897953,0.5064935056164609,-3.073610718102762,-6.742434732268631,-3.029629629068587,-2.9873646187816862,-1.6874999859375006,19,5
424,20,2026-01-31T15:11:11.991267,0.30154946941686767,0.03979611588370397,0.015346293421066238,0.23554372602998502,0.007231285430866093,0.00629846843176453,0.19898057941851985,0.15346293421066237,0.6729820743713858,0.07231285430866093,0.1259693686352906,0.3778987224965458,0.11183016610668951,0.004642043499726952,-0.09989453339472178,0.24247255968802148,0.03534480577106126,0.06947826703147382,0.28788531841721504,-0.29946632215479024,0.37205714644792465,0.24817682690576154,0.09999980478627095,0.0,0.47964919499253283,-0.2378928106759088,-0.09999951457716846,0.397459569223871,-0.2757362611091981,0.08974714701182696,1821330.0,1366.0,291916.0,6.239226352786418,0.3226424595872734,8,22208.0,15.375,65024.0,86.75,1.3882113821138211,6,380.61342,0.8659448545570241,0.8295218295045838,0.19620201042261382,0.9938340549466287,105.0,63.0,2,74.1875,8.0,5,1.7804804632627798,0.9628252787209263,1.5899115044240753,-0.8532792427258061,-0.880952372562359,-0.8571428556586276,-2.805188322933355,-6.919861358584839,-1.9370370366783263,-2.8745487343866074,-1.5833333201388895,19,12
424,21,2026-01-31T15:11:12.404356,0.29250520161527804,-0.034073617415661,0.031824188989470335,0.23697032257341635,0.05367470673431973,0.006776020514250814,-0.170368087078305,0.3182418898947033,0.6770580644954753,0.5367470673431973,0.13552041028501627,0.17745508301214308,-0.057421207365080065,0.0034152545617334926,-0.09988963657965866,0.34999975403291933,0.04999996471219158,0.09999993063595129,0.25618611752646214,-0.29946632215479024,0.37776994762432625,0.24952479858288143,0.09999986558000834,0.0,0.4995749858380964,0.0,0.1,0.3970663575916693,-0.2703935222808122,0.09451484898652948,1639418.0,1219.0,263823.0,6.214082926810779,0.3249129032664688,9,12480.0,8.5,65024.0,48.75,1.2541152263374487,3,335.61369599999944,0.877749284962819,0.8647540983429354,0.19340356434117903,0.9995006817598405,0.0,0.0,0,75.1875,8.125,5,0.4767508528509247,-0.4033457248695784,0.3468584070794925,-7.430696416447392,-7.428571357823131,-7.437229424351118,-3.47883688570677,-7.106424306305193,-3.8814814807626883,-2.802346568373757,-1.4791666543402784,19,6
424,22,2026-01-31T15:11:13.040805,0.3138828970677683,0.04820478418009425,0.027288523332178485,0.21816135511589885,0.05367470673431973,0.008236799038957394,0.24102392090047126,0.2728852333217848,0.6233181574739968,0.5367470673431973,0.16473598077914786,0.3942399519940232,0.14345468674227127,0.0005234069108409934,-0.09955162965108696,0.3499999422819557,0.049999991543237865,0.09999998373277222,0.20647475084315606,-0.29946632215479024,0.3130689274154168,0.22397108305895344,0.09999986766365379,-0.0009259141818091475,0.4995749858380964,0.0,0.1,0.3956828555120768,-0.24170296947056052,0.09709940236365754,1916594.0,1467.0,311396.0,6.1548446351269765,0.3950895642758575,8,11408.0,7.75,65024.0,44.5625,1.1689243027888445,3,471.07526400000074,0.8052231276316455,0.6990740740578918,0.19328639622243127,0.9764411653261356,0.0,0.0,0,77.875,8.5625,5,2.4632199065445586,1.901486988670865,2.451858407078561,-8.155510479998949,-8.142857065306124,-8.162337648203744,-1.4509691015791852,-7.114235509014242,-3.8814814807626883,-2.6083032472142214,-1.1145833240451393,15,12
424,23,2026-01-31T15:11:13.461867,0.1603346204946338,-0.1284667383623147,-0.006789220055986877,0.23475415526943152,0.05367470673431973,0.009828136689702286,-0.6423336918115735,-0.06789220055986876,0.6707261579126615,0.5367470673431973,0.1965627337940457,-0.3347287687732422,-0.13808976048038185,0.0025876132526805808,-0.09910008821217399,0.3295285191467825,0.046858562896842995,0.0941988277527361,-0.06945966264413159,-0.29946632215479024,0.36636991387781537,0.24931324438380167,0.0999998941040558,0.0,0.4995749858380964,0.0,0.1,0.3934792891525538,-0.2079719909586049,0.09847568109765498,1403996.0,1091.0,226556.0,6.197125655467081,0.4300366905943609,8,20880.0,14.5,65024.0,81.5625,0.9528384279475982,5,347.9270519999999,0.856312194142048,0.8393234672126992,0.19161472168943428,0.9996632644218325,0.0,0.0,0,80.75,8.875,5,-1.2104750164835871,-1.5929368028259363,-1.3021238938047335,-1.7511832319016147,-1.7142856979591845,-1.7554112523715826,-3.294505209087651,-7.2256804035841125,-3.8814814807626883,-2.4007220199272763,-0.8541666595486116,19,5
424,24,2026-01-31T15:11:13.973757,0.3333822945718967,0.04972464196805776,0.04689836692751557,0.2145525749001361,0.05367470673431973,0.010215275375547958,0.2486232098402888,0.46898366927515567,0.6130073568575317,0.5367470673431973,0.20430550751095916,0.3975991404440902,0.14628587680754648,0.0026737619881879626,-0.09980848958552277,0.34999999920419866,0.04999999988360292,0.09999999977610133,0.2903973425156923,-0.18920726803599774,0.3150480386052596,0.20309386771235216,0.09999989356522944,0.0,0.4995749858380964,0.0,0.1,0.39240824883911296,-0.19955995734730989,0.09920158685087178,1977942.0,1498.0,319080.0,6.198890560361038,0.3524913778061579,8,8240.0,5.5,32256.0,32.1875,1.411875589066918,2,492.2504400000005,0.806513189531614,0.7199999999855999,0.19165278691645665,0.9895282685254723,0.0,0.0,0,81.8125,8.9375,5,2.902889659719426,2.18959107786342,2.7918584070784105,-10.29749830959907,-10.285714187755104,-10.305194787350311,-1.1339754489320326,-7.223142723474407,-3.8814814807626883,-2.3240072185386227,-0.8020833266493059,15,12
424,25,2026-01-31T15:11:14.628807,0.2018806983013002,-0.08537308056590354,0.034625865021477506,0.22912077389533883,0.05367470673431973,0.011515704549748103,-0.4268654028295176,0.34625865021477503,0.654630782558111,0.5367470673431973,0.23031409099496203,-0.0832098362819585,-0.07426012389051909,-0.003152485573922053,-0.09982968283024424,0.34999999998829184,0.0499999999981954,0.09999999999671155,0.14281713463445952,-0.18920726803599774,0.3394243501242472,0.24823506430237627,0.09999990142350147,0.0,0.4995749858380964,0.0,0.1,0.39042445279790716,-0.1706574937220739,0.09958253144687874,1543440.0,1204.0,253874.0,6.0795512734663655,0.34662208531774974,9,5120.0,3.3125,32256.0,20.0,1.1035747021081577,2,379.52521200000035,0.8250989491571068,0.7673378075890975,0.19107754087467452,0.9909013566750452,0.0,0.0,0,83.4375,9.125,5,-0.21110569618437267,-0.5427509293175891,-0.09336283185836576,-12.407031778144646,-12.369047501247168,-12.415584394085569,-2.821478861853067,-7.261492434026742,-3.8814814807626883,-2.206678698767741,-0.6458333279513893,15,12
424,26,2026-01-31T15:11:15.268041,0.16179935371025495,-0.1322393748834747,0.03615893372482112,0.2317215574012209,0.05367470673431973,0.014166802067048298,-0.6611968744173735,0.36158933724821113,0.6620615925749169,0.5367470673431973,0.28333604134096596,-0.36193477897625304,-0.13082303476326657,-0.006694262865982018,-0.09987992147074916,0.34999999999906867,0.04999999999983314,0.09999999999973869,0.11690408973871055,-0.18920726803599774,0.3511895251858964,0.24944177245951757,0.09999991231324218,0.0,0.4995749858380964,0.0,0.1,0.3865727251725026,-0.11022067973748643,0.0997819160188117,1363838.0,1118.0,227044.0,6.006932576945438,0.3291336933298259,9,3248.0,2.0625,32256.0,12.6875,1.0822846079380446,1,340.9975799999992,0.8366856523016528,0.7799999999826667,0.19019957556021588,0.9926380328574893,0.0,0.0,0,85.8125,9.4375,5,-1.4982799644524911,-1.342007434819517,-1.2805309734507608,-13.67275185927199,-13.559523680385489,-13.681818158126722,-3.3982398198505757,-7.320023415969997,-3.8814814807626883,-2.0351985544872213,-0.3854166634548615,15,5
424,27,2026-01-31T15:11:15.948506,0.3216168881428775,0.04355820100333295,0.01983229867291398,0.22646525785373867,0.05367470673431973,0.019769695212252535,0.21779100501666473,0.19832298672913978,0.6470435938678248,0.5367470673431973,0.39539390424505066,0.3750431653369011,0.1404291663930039,-0.001966941914875639,-0.09936393227981566,0.3499999993010829,0.04999999989666669,0.09999999980337007,0.0928760281718059,-0.29946632215479024,0.33140346074866694,0.24293056433032217,0.09999991554579492,0.0,0.4995749858380964,0.0,0.1,0.37817737519604955,0.024942289930079835,0.09988612809105413,1812596.0,1446.0,296960.0,6.103838900862069,0.4126208898522373,8,8144.0,5.4375,65024.0,31.8125,1.0640176600441502,2,426.230772,0.8183361576076623,0.7653508771761984,0.18991786450131112,0.9928645966687266,0.0,0.0,0,89.25,10.0,5,1.717885502966938,1.7063197024436498,1.813097345131941,-10.362407031708166,-10.34523799671202,-10.370129852172935,-2.122293832017621,-7.338804140709831,-3.8814814807626883,-1.7870036088180479,0.0833333326388886,15,12
424,28,2026-01-31T15:11:16.499113,0.34717375776544035,0.04594252859812509,0.03881870554071051,0.23528532605083652,0.05367470673431973,0.02249085907129914,0.22971264299062544,0.38818705540710513,0.6722437887166758,0.5367470673431973,0.44981718142598276,0.3855008451594602,0.14059989714354884,0.000141872171259658,-0.09955101779071453,0.34999999999893955,0.04999999999981205,0.09999999999970245,0.14785465473181442,-0.18920726803599774,0.37005475411335365,0.24882561221318925,0.09999993137090818,0.0,0.4995749858380964,0.0,0.1,0.3701125344570993,0.09924633524808832,0.09994055693477336,1851418.0,1447.0,301189.0,6.147030602047219,0.39515790265458,8,3344.0,2.125,32256.0,13.0625,1.1079632465543645,1,365.87957999999867,0.8623545522299721,0.8307692307509721,0.18836166707008878,0.9938999589953943,0.0,0.0,0,91.5,10.3125,5,1.9961155863886422,1.715613382740184,2.000221238937168,-13.607843137162895,-13.499999871428573,-13.616883093304098,-3.025754789966225,-7.44255056696037,-3.8814814807626883,-1.6245487352891343,0.34374999713541643,17,12
424,29,2026-01-31T15:11:17.154518,0.30063301785543795,0.04627618551310645,-0.006382904025772008,0.2250941729187295,0.05367470673431973,0.02365412804873468,0.23138092756553225,-0.06382904025772007,0.6431262083392272,0.5367470673431973,0.4730825609746936,0.3875742218260165,0.13505002964143842,-0.000847149806027118,-0.09785397815877346,0.3499188873112063,0.049987950834044365,0.09997707186120297,-0.11201469238335401,-0.29946632215479024,0.32815603012097805,0.24092299503474043,0.09999993332219582,0.0,0.4995749858380964,0.0,0.1,0.36025853824442033,0.13863514717800285,0.09996897375131168,1862368.0,1421.0,303972.0,6.126774834524232,0.4738043273614542,7,16768.0,11.5625,65024.0,65.5,0.9215304798962386,4,434.71586399999956,0.8158009334922673,0.7474489795727691,0.18814533401604913,0.9774302713212742,0.0,0.0,0,93.5625,10.5,5,2.0745922082388213,1.4739776950302987,2.1233628318574675,-4.531440162241167,-4.511904718934241,-4.536796528940612,-1.9952714967073015,-7.456972760948217,-3.8814814807626883,-1.4756317678876305,0.4999999958333331,15,12
424,30,2026-01-31T15:11:17.715324,0.31803924142200124,0.05180303209223452,0.006777094156917675,0.23030199911999158,0.05367470673431973,0.024520777548388436,0.25901516046117257,0.06777094156917675,0.6580057117714045,0.5367470673431973,0.4904155509677687,0.39963554867407336,0.14935811162310922,0.0029769979900599428,-0.0986430955799096,0.349999274392628,0.04999988395095346,0.09999979528493025,-0.005627857499417909,-0.29946632215479024,0.352207008398667,0.24132607376126156,0.09999993985277343,0.0,0.4995749858380964,0.0,0.1,0.3486931724086217,0.17275871738573673,0.09998380698061256,2109642.0,1593.0,339985.0,6.205103166316161,0.4506848109353875,7,13280.0,9.125,65024.0,51.875,0.9962476547842402,3,433.1713319999993,0.8378066276832571,0.7943262411159734,0.18737225781836853,0.9915603197774864,0.0,0.0,0,95.4375,10.6875,5,3.8467591663558287,3.0724907060341544,3.7168584070780013,-6.889790398871605,-6.83333326825397,-6.896103884162591,-2.01839323323079,-7.508511139768005,-3.8814814807626883,-1.340252706613536,0.6562499945312498,17,6
424,31,2026-01-31T15:11:18.279948,0.31450827761500044,0.05177624912176776,0.023734468638350024,0.20168733542118478,0.05367470673431973,0.025318789033058578,0.2588812456088388,0.23734468638350023,0.5762495297748137,0.5367470673431973,0.5063757806611715,0.3996018428874384,0.14940401333036185,0.002597765877824986,-0.09841959918296213,0.3499853172799079,0.049997979426363616,0.0999958525150087,0.16847536485354628,-0.29946632215479024,0.2945079121059889,0.1668166120952766,0.0999999360076703,0.0,0.4995749858380964,0.0,0.1,0.3253854899643453,0.21729500582103853,0.09999154894357781,2103468.0,1597.0,339415.0,6.197333647599546,0.45836472601802397,7,15504.0,10.625,65024.0,60.5625,1.127028934368384,3,514.172604,0.7942283800406131,0.7552941176292872,0.18783701717393347,0.9886304463535969,0.0,0.0,0,98.25,11.0,5,3.8025112518989332,3.109665427220291,3.6916371681399593,-5.386071670010913,-5.404761853287983,-5.391774882438486,-0.805799341196737,-7.477527203386299,-3.8814814807626883,-1.137184114702394,0.9166666590277777,14,6
424,32,2026-01-31T15:11:18.756537,0.3220115271978681,0.030193975654533564,0.036832984220438514,0.21779368982585337,0.05367470673431973,0.025199442096403353,0.1509698782726678,0.36832984220438514,0.6222676852167239,0.5367470673431973,0.503988841928067,0.3623154223496171,0.07960057826229286,0.0028991936500360623,-0.09987689145613321,0.34999998757889766,0.04999999820079051,0.09999999650142394,0.27837918440349924,-0.29946632215479024,0.3052339687875319,0.22710511332242975,0.09999993325892845,0.0,0.4995749858380964,0.0,0.1,0.3150252648629843,0.22444634109892056,0.09999558951724458,1782690.0,1326.0,287368.0,6.203509089390607,0.33038047616997157,8,10272.0,6.9375,65024.0,40.125,1.3286573146292586,2,466.5701040000007,0.8003559296935381,0.7770961145035359,0.18815244703552236,0.99937341444548,0.0,0.0,0,99.25,11.0625,5,1.5035547401311882,0.5910780668595644,1.3886725663710668,-8.92359702495657,-8.916666581746034,-8.930735915271454,-1.5184116165391497,-7.4564985599661355,-3.8814814807626883,-1.0649819486895438,0.9687499919270832,14,6
424,33,2026-01-31T15:11:19.336686,0.2515072425382112,-0.03781951848839997,0.021788637035104128,0.23041011008409878,0.05367470673431973,0.025136578506769005,-0.18909759244199983,0.21788637035104125,0.6583146002402823,0.5367470673431973,0.5027315701353801,0.10103061011534067,0.0008364225575154168,-0.0007316013238069381,-0.09973104623947289,0.3499999625560531,0.04999999474712299,0.09999998944866793,0.11332586459386577,-0.29946632215479024,0.34596130198736164,0.2474988276861784,0.09999993736189618,0.0,0.4995749858380964,0.0,0.1,0.2807402839695255,0.2570452803332685,0.09999769825578458,1608918.0,1263.0,262503.0,6.129141381241357,0.3694906249580289,8,11088.0,7.5,65024.0,43.3125,1.0794871794871794,2,391.2193560000005,0.831248665253765,0.8185483870802712,0.1876765962676877,0.9995840161408263,0.0,0.0,0,101.9375,11.4375,5,0.25816300203535686,0.005576208177919582,0.28845132743350066,-8.371872887029264,-8.380952301133789,-8.378787864279156,-2.646416825951128,-7.488221923339537,-3.8814814807626883,-0.8709386275300082,1.2812499893229166,14,10
424,34,2026-01-31T15:11:19.869992,0.336047692810027,0.03030810105709036,0.04207876002557859,0.23454096051667522,0.05367470673431973,0.024483532706213798,0.1515405052854518,0.4207876002557858,0.6701170300476436,0.5367470673431973,0.4896706541242759,0.3351502699234691,0.10993361179937282,8.227913045508448e-05,-0.09964387047192241,0.3499999999990886,0.04999999999985187,0.0999999999997443,0.16595094938921925,-0.16831851907622986,0.366288894078607,0.24886397046104156,0.099999946183069,0.0,0.4995749858380964,0.0,0.1,0.24948217340940723,0.2709744135578749,0.0999987987710148,1742288.0,1363.0,283492.0,6.145810111043698,0.38355020484697555,8,3232.0,2.0,30976.0,12.625,1.1245874587458746,1,364.7678759999984,0.8561865954662062,0.8308668075934278,0.18653820348851818,0.9921333292435065,0.0,0.0,0,103.875,11.6875,5,1.2140010893557596,0.9349442378313242,1.2171681415923818,-13.683569979623506,-13.619047489342405,-13.692640668930492,-3.042397065412839,-7.564114724688971,-3.8814814807626883,-0.7310469308801105,1.4895833209201388,17,11
425,1,2026-01-31T15:12:41.829580,0.05871363145017055,0.0519972710742472,-0.06597277906483182,0.17484395979877015,-0.048200393941320155,-0.004916058186844135,0.259986355371236,-0.6597277906483181,0.4995541708536291,-0.4820039394132015,-0.0983211637368827,0.3999647211733046,0.1499540755321685,0.003706398842767297,-0.09925631479843411,-0.2964496118954777,-0.042579419136575786,-0.08461455858408229,0.11180807583071711,-0.29946632215479024,0.32756258847847125,0.22082987764216924,-0.09566278736709435,0.0,-0.08616843775208767,-0.24415369663232694,-0.09999693617763017,0.39998445137641275,-0.29997878624955493,-0.09998407473594395,2272582.0,1735.0,365364.0,6.220049046977809,0.42046352700643663,7,25312.0,17.625,65024.0,98.875,1.0783095090118087,6,475.102848,0.8153488563982174,0.7920560747478491,0.32856870610201755,0.9943645090735168,219.0,73.0,3,38.875,3.75,10,5.0145199667456195,4.392193308141989,4.839823008847416,1.2454361054682528,1.2619047498866207,1.2424242402728578,-1.3906759279355279,1.904579137081746,0.17407407404183825,-5.424187721715388,-5.124999957291668,17,12
425,2,2026-01-31T15:12:42.341916,0.1424333657412422,0.05201219328115795,-0.023774544624311604,0.19526133331370132,-0.02711196274894608,-0.004915285250508698,0.26006096640578974,-0.23774544624311603,0.5578895237534324,-0.2711196274894608,-0.09830570501017395,0.39991479306868627,0.14982498747303058,0.003838595595172749,-0.09912947391646604,0.1024572852692881,0.011120517735892581,0.029605934470830465,0.08355618505775637,-0.29946632215479024,0.3473681893529725,0.22998978244797968,-0.043993066299932826,0.0,0.1405559128965911,-0.24931061598098705,-0.09999960684916942,0.3999776913499135,-0.29997100461708764,-0.09996948674010687,2211058.0,1663.0,355318.0,6.222758205325934,0.42836936038865053,7,23024.0,16.0625,65024.0,89.9375,1.0572155117609663,5,461.8707719999998,0.8326618626151331,0.819838056663566,0.30708217236433955,0.9999447631051219,194.0,102.0,2,41.375,3.9375,10,4.573588854169325,3.7230483267915377,4.395309734511329,-0.301555104798502,-0.22619047403628187,-0.3051948046663298,-1.5887608979657573,0.47214450952629744,-0.2888888888353908,-5.243682306683262,-4.968749958593751,17,6
425,3,2026-01-31T15:12:42.838448,0.20623443590289187,0.050646658065663354,-0.014369370755869207,0.2221276210839607,0.0017379379928535667,-0.004870042253865812,0.25323329032831676,-0.14369370755869207,0.6346503459541735,0.017379379928535665,-0.09740084507731624,0.39611089967580426,0.1467340761091895,0.0027831219408148192,-0.09848834522120038,0.11612314962414003,0.013909274516285153,0.03350311457954624,0.16089237766087977,-0.29946632215479024,0.35161903733406424,0.24310174021276323,0.05804372721815834,0.0,0.4294176292574194,-0.2427200331125751,-0.0999988925376725,0.3999668158345457,-0.2999332865172808,-0.09994153963058766,1944160.0,1505.0,313517.0,6.201131039146203,0.4561237273317909,7,22960.0,16.0,65024.0,89.6875,1.1197916666666667,5,425.40049200000016,0.8371561596648478,0.8236472945726724,0.29005317151809296,0.9999634096937581,140.0,70.0,2,44.125,4.4375,9,2.660780322793147,2.254646839939159,2.5457079646006435,-0.3448275862045651,-0.285714282993198,-0.348484847881412,-2.134723173333123,-0.6631214567128311,-1.2888888886502057,-5.045126350147923,-4.5520832953993065,17,6
425,4,2026-01-31T15:12:43.321913,0.22679438648864453,0.045125074590568366,0.020307122935967165,0.2307255049919561,-0.015461074854196816,-0.004863872945799586,0.22562537295284182,0.20307122935967165,0.659215728548446,-0.15461074854196816,-0.09727745891599171,0.3803189157992989,0.13451303943233497,0.0025443588012407235,-0.09952584109281967,0.3295285191467825,0.04720127275645147,0.0941988277527361,0.20412824101273688,-0.29946632215479024,0.35650241177799663,0.24642865366676087,0.09210342526437226,0.0,0.2632119553875198,-0.24975539324925905,-0.0999996775502915,0.39995108227561627,-0.29984651608678714,-0.09988801008500812,1829638.0,1419.0,295282.0,6.196239526960668,0.39789217382584974,7,20880.0,14.4375,65024.0,81.5625,1.1659819227608874,5,403.18779600000016,0.8428000113956038,0.8266129032091408,0.2760629639057621,0.9998316805312304,178.0,116.0,2,46.8125,4.9375,9,1.840022360461984,1.4553903344372308,1.7388495575213545,-1.7511832319016147,-1.7738095069161006,-1.7554112523715826,-2.467248562504901,-1.5958013424149626,-0.5851851850768175,-4.851083028988388,-4.135416632204862,17,6
425,5,2026-01-31T15:12:43.880806,0.2651375196784824,0.05015070019413871,0.029962611027518595,0.2330298332867323,0.005817729635784744,-0.004784986235841214,0.25075350097069354,0.29962611027518593,0.6657995236763781,0.058177296357847436,-0.09569972471682428,0.3984302284016629,0.14872585266066424,0.0015165758512385521,-0.09965043294380431,0.34999915573825235,0.04999988395095346,0.09999976179441751,0.23560609813662928,-0.29946632215479024,0.36244166126037675,0.24598316960919445,0.09834576478767422,0.0,0.4707929673077971,-0.2432327668044945,-0.09999956136002336,0.399936448261681,-0.2997416657512052,-0.09978551850770054,2007658.0,1556.0,325117.0,6.175186163750281,0.3826186062744208,8,13392.0,9.125,65024.0,52.3125,1.2118380062305296,3,407.14396800000014,0.8505315285939836,0.827935222655305,0.26409995250115154,0.9998073865411999,115.0,71.0,2,48.625,5.25,8,3.1158587277468164,2.7286245350623948,3.058982300883602,-6.814063556410994,-6.83333326825397,-6.820346308536197,-2.40802443077724,-2.393334904366627,-1.7518518515274346,-4.720216603090096,-3.874999967708334,17,6
425,6,2026-01-31T15:12:44.474805,0.2693748297195556,0.050343945846355945,0.025306437472552526,0.2322474107500861,0.015282988075400995,-0.00476758419498925,0.2517197292317797,0.25306437472552523,0.6635640307145317,0.15282988075400994,-0.09535168389978499,0.39556067404404505,0.1470210451659614,0.002397026598434124,-0.09945560469690888,0.3499413652272951,0.04999251537724894,0.09998342788633152,0.2105520080110623,-0.29946632215479024,0.35799678480158054,0.24583846164706377,0.09953303268707138,0.0,0.4977538664343545,-0.206979546282976,-0.09999980036560893,0.3999151710890123,-0.29956524032575227,-0.09958942076378553,1934880.0,1510.0,312419.0,6.193221282956542,0.4048164342679976,7,16528.0,11.3125,65024.0,64.5625,1.1741835147744946,4,408.33579600000013,0.8446466488125048,0.8102678571247708,0.2545689313687943,0.9919376560925284,45.0,45.0,1,50.625,5.5625,8,2.5942722816269677,2.301115241421829,2.4971238938042046,-4.693711967513903,-4.749999954761906,-4.699134190997171,-2.390182694252965,-3.0287358895897847,-3.0481481475836762,-4.575812271064395,-3.6145833032118064,17,11
425,7,2026-01-31T15:12:44.966380,0.2900551621576298,0.035873546086345035,0.021368226802249667,0.2329243166654002,0.05367470673431973,-0.004747265900834168,0.17936773043172516,0.21368226802249665,0.6654980476154292,0.5367470673431973,-0.09494531801668335,0.358653398864461,0.1124450955084977,0.0028324452411865974,-0.09979609930151889,0.34998653453749223,0.04999820620031654,0.09999619649215633,0.14354180752717444,-0.29946632215479024,0.3589270792758792,0.24745938632983788,0.09983937979358302,0.0,0.4995749858380964,0.0,0.1,0.3999028748740463,-0.29951754843862244,-0.09921473800972092,1775884.0,1367.0,286334.0,6.202141554967276,0.3556290240595086,8,15440.0,10.5625,65024.0,60.3125,1.104200323101777,3,391.7445839999999,0.8458278328424212,0.8286290322413583,0.24655330042534565,0.9998555624447181,0.0,0.0,0,51.5625,5.625,8,1.4547773987328028,0.9721189590174604,1.3429203539817067,-5.429344151416975,-5.464285662244899,-5.435064925653568,-2.6385541313415355,-3.5631109295696697,-3.8814814807626883,-4.508122740427348,-3.562499970312501,17,11
425,8,2026-01-31T15:12:45.440910,0.26778888431414555,0.04304863195973021,0.011717134270185035,0.23274100964677635,0.03401788957179522,-0.004697412904490527,0.21524315979865102,0.11717134270185034,0.6649743132765039,0.3401788957179522,-0.09394825808981054,0.3811752249978629,0.12688821856826213,0.0031233695736238225,-0.09971851953446652,0.34651691763011344,0.049519524711284055,0.09901388736764166,0.09178474396803324,-0.29946632215479024,0.3587410529989862,0.24661013952135385,0.09993546085474228,0.0,0.4991725187586961,-0.04487874706890308,-0.09999894961947846,0.39986559424524776,-0.29918827267858783,-0.09850069910720374,1832818.0,1396.0,295230.0,6.208102157639806,0.3717699399546518,8,19552.0,13.5,65024.0,76.375,1.0632140137090633,5,401.4336480000003,0.8455896282141934,0.8282828282660952,0.23971141533903384,0.9998512160228898,18.0,18.0,0,53.8125,5.9375,8,1.86281283146505,1.2416356876169476,1.7365486725656032,-2.6490872210774237,-2.6666666412698423,-2.6536796490845376,-2.4935082630997703,-4.019236297906878,-3.5481481474910836,-4.3456678668984345,-3.302083305815973,17,11
425,9,2026-01-31T15:12:45.917481,0.2413360091834651,0.013925473136577325,0.015509543117651098,0.23389411523555356,0.031667417406035285,-0.00462217148250151,0.06962736568288662,0.15509543117651098,0.6682689006730103,0.31667417406035286,-0.09244342965003019,0.304145355301791,0.05526603020573411,0.0026986099991662587,-0.09956426825533192,0.3499821608950398,0.04999772398407293,0.09999496052021714,0.08287854686397189,-0.29946632215479024,0.362940312065948,0.2482966617920913,0.09997198786164962,0.0,0.4990753638498972,-0.07112982131635986,-0.09999930550624542,0.39984189039679785,-0.29900057061973234,-0.09714668392869001,1712020.0,1304.0,276159.0,6.199399621232696,0.3936567589698084,8,15648.0,10.6875,65024.0,61.125,1.0567260940032415,3,378.3345720000003,0.8512325000000913,0.83599999998328,0.233450290152903,0.9999550303259654,21.0,21.0,0,54.9375,6.0625,8,0.9970759395693463,0.3866171003358155,0.8926991150438528,-5.288708586847271,-5.345238044331067,-5.294372285204551,-2.8393028139462078,-4.436644365376889,-3.492592591945816,-4.264440430133978,-3.197916640017362,17,11
425,10,2026-01-31T15:12:46.391495,0.2143453942612188,-0.012383705652200353,0.029615526492950725,0.2350548590530575,0.015584112859804168,-0.004487030262542544,-0.06191852826100176,0.2961552649295072,0.6715853115801643,0.15584112859804167,-0.08974060525085087,0.20781203379280325,0.02159610957597533,0.0011044193769243664,-0.09970488741803879,0.34999994706710946,0.049999992492378055,0.0999999850819418,0.19718977289715375,-0.29946632215479024,0.36812976198370473,0.24910978348287385,0.09998729401966333,0.0,0.4978353580699583,-0.20397631571432695,-0.0999997956755328,0.39979273769779133,-0.29876955387604953,-0.09460310681473014,1653224.0,1278.0,268087.0,6.166744377757967,0.3741380462198825,8,11344.0,7.6875,65024.0,44.3125,1.1576086956521738,2,356.60750400000046,0.8591143041520455,0.8390342052145063,0.22752047746253362,0.9999394889898271,44.0,44.0,1,56.8125,6.1875,8,0.5756958977151782,0.14498141262593026,0.5355309734510905,-8.198782961405012,-8.20238087426304,-8.205627691418826,-3.1645583228795506,-4.831964947854459,-3.066666666098765,-4.129061368859883,-3.093749974218751,17,11
425,11,2026-01-31T15:12:46.846892,0.1965825125945421,-0.03265885584555306,0.03328360873507879,0.2342313787426093,0.014998740810353581,-0.004233991618095815,-0.1632942792277653,0.3328360873507879,0.6692325106931695,0.1499874081035358,-0.0846798323619163,0.15417491685982576,-0.024047257080402114,0.0006085757829093041,-0.09990037987372605,0.34999216006852746,0.04999888578244078,0.09999778598819964,0.27252157357502216,-0.29946632215479024,0.36465082500973606,0.24887592574299766,0.09999337476966554,0.0,0.4976693140730095,-0.20980415574983655,-0.09999980473677289,0.3997472289329189,-0.2983194438197274,-0.08990813860026203,1629606.0,1245.0,264693.0,6.156588953995761,0.3197894897197591,9,15040.0,10.3125,65024.0,58.75,1.3036649214659686,3,364.41372,0.8537072118992275,0.8226164079640218,0.22263634214928466,0.9924867235911815,46.0,46.0,1,58.1875,6.375,8,0.4064300662213394,-0.16171003715969323,0.38535398230071444,-5.69979716020487,-5.702380898072564,-5.705627695747831,-3.0476988019389677,-5.157573751665188,-3.029629629068587,-4.029783390592214,-2.937499975520834,17,6
425,12,2026-01-31T15:12:47.396417,0.26085401742064135,0.045787451556551687,0.017215765676409516,0.23479558580326673,0.015902895647084966,-0.0038093130328208714,0.22893725778275842,0.17215765676409517,0.6708445308664764,0.15902895647084966,-0.07618626065641743,0.39293675040696896,0.13055436652568464,0.0020709200581967373,-0.09968886654623728,0.34999998835952667,0.0499999985819933,0.09999999672138532,0.0657791454327089,-0.29946632215479024,0.3678472537743334,0.24803966282882978,0.09999641262295857,0.0,0.49791389930135227,-0.20078600997873167,-0.09999979063201289,0.39972085560113313,-0.2981355166112901,-0.08151676094003975,1902250.0,1406.0,307482.0,6.186541000774029,0.37678530824798684,8,10224.0,6.8125,65024.0,39.9375,1.0445765230312036,2,383.0453880000004,0.858654647943333,0.8399999999832,0.21803524948387887,0.9998736199449313,43.0,43.0,1,58.875,6.4375,8,2.360419115328214,1.334572490582288,2.2786725663706733,-8.956051386011115,-9.035714199659866,-8.963203447682764,-2.768781616351973,-5.4643130581993695,-3.0851851846138545,-3.9801444014583796,-2.8854166426215286,17,6
425,13,2026-01-31T15:12:47.955008,0.28556375613120877,0.050646303184754965,-0.0006533659385593857,0.23396425126985157,0.05367470673431973,-0.0030297708893073784,0.2532315159237748,-0.006533659385593857,0.6684692893424331,0.5367470673431973,-0.06059541778614756,0.3977431469065624,0.14561943796869314,0.0018820789486427318,-0.09810680730718405,0.34995574017771,0.04999410106848228,0.09998749215028176,-0.05468593240965861,-0.29946632215479024,0.36484027408081504,0.2467358897360393,0.09999785627250707,0.0,0.4995749858380964,0.0,0.1,0.3996067101964766,-0.296526059312969,-0.06734763932885926,1982270.0,1489.0,320617.0,6.182672784038276,0.46747291716220635,7,16320.0,11.1875,65024.0,63.75,0.963130659767141,4,400.16261999999944,0.8539882871216824,0.8293172690596522,0.21417363154586955,0.9999143593894947,0.0,0.0,0,61.25,6.8125,8,2.933907634090894,2.105947955194614,2.8598672566359027,-4.8343475320836085,-4.869047572675738,-4.839826831446188,-2.5125356283663955,-5.7217540824393085,-3.8814814807626883,-3.8086642571778597,-2.5729166452256953,17,6
425,14,2026-01-31T15:12:48.487270,0.28178491359557695,0.05040755136813772,-0.004930884289715137,0.23355711006513244,0.05367470673431973,-0.0018852020524471194,0.2520377568406886,-0.04930884289715137,0.6673060287575213,0.5367470673431973,-0.037704041048942386,0.39752033859492464,0.14357264070705456,0.0028299332098974577,-0.09806020041962027,0.34929473661218013,0.04990889488055994,0.09980046621516976,-0.09656780820737025,-0.29946632215479024,0.3631575330942541,0.2463187543579254,0.09999862752191263,0.0,0.4995749858380964,0.0,0.1,0.399516034039973,-0.29526174989554865,-0.04557344906251849,1975682.0,1468.0,318551.0,6.202090089185091,0.4687006815824785,7,18368.0,12.625,65024.0,71.75,0.9332485696122059,4,404.2074959999993,0.8515406651761863,0.8269617706071034,0.21082914109256853,0.9999012863643086,0.0,0.0,0,62.6875,7.0,8,2.886692658314731,1.910780668967399,2.768451327432403,-3.44962812708959,-3.499999966666668,-3.454545448563558,-2.4519835924473186,-5.944719964015454,-3.8814814807626883,-3.704873643534387,-2.4166666465277786,17,6
425,15,2026-01-31T15:12:49.021066,0.28495455645960305,0.05064629442058163,-0.0035668123467036787,0.2335236379623862,0.05367470673431973,-0.0002849020811301353,0.25323147210290814,-0.03566812346703679,0.6672103941782463,0.5367470673431973,-0.0056980416226027055,0.39772396959448064,0.14519963125998586,0.002322711444871085,-0.09810850260610118,0.34972166558847906,0.04996483002446118,0.09992128355072413,-0.08350588668219577,-0.29946632215479024,0.36305778710405,0.24624608963781489,0.0999990824275311,0.0,0.4995749858380964,0.0,0.1,0.3992931650751483,-0.2920663069486169,-0.01652220341014792,1981678.0,1484.0,320054.0,6.191698900810488,0.46742769568663217,7,17680.0,12.125,65024.0,69.0625,0.9428208386277002,4,404.8652520000001,0.8513989443500078,0.8289738430416705,0.2078093116901502,0.9998951938450993,0.0,0.0,0,65.3125,7.3125,8,2.929664879740638,2.0594795537119435,2.834955752211135,-3.9148073022047685,-3.9761904383219964,-3.919913413125691,-2.4421369457421935,-6.146041789962125,-3.8814814807626883,-3.5153429577506548,-2.156249982031251,17,6
425,16,2026-01-31T15:12:49.564697,0.2843224457103107,0.04989477639699465,-0.006252113458873207,0.23447002651855392,0.05367470673431973,0.0015734177491663328,0.24947388198497322,-0.06252113458873207,0.6699143614815827,0.5367470673431973,0.03146835498332665,0.39618747023813505,0.14357264070705456,0.0021388425671076926,-0.09877214781487043,0.34978529191781876,0.049972279505005254,0.09993928432381406,-0.1105144913753096,-0.29946632215479024,0.3668397373892662,0.2473493632110124,0.09999938455667061,0.0,0.4995749858380964,0.0,0.1,0.3991144531990274,-0.28920827402274507,0.015710123089542293,1945554.0,1468.0,314411.0,6.187932356056245,0.4456553634595861,7,17488.0,12.0,65024.0,68.3125,0.9226901319924575,4,393.16793999999976,0.8570462791227152,0.8366935483702279,0.2048138851622136,0.9999505249719605,0.0,0.0,0,66.875,7.5,7,2.670770862597635,1.910780668967399,2.5852654867245195,-4.044624746422958,-4.095238056235829,-4.049783542770938,-2.6172464067938295,-6.345736758694587,-3.8814814807626883,-3.402527073355576,-1.999999983333334,17,6
425,17,2026-01-31T15:12:50.164884,0.20145284392536442,0.051907921244144895,-0.06272005229176578,0.19700001915887325,0.05367470673431973,0.00327352041347272,0.2595396062207245,-0.6272005229176577,0.5628571975967808,0.5367470673431973,0.0654704082694544,0.3996819541499401,0.14953174681297637,0.0034281051350129052,-0.09875200100409862,-0.24871750367142348,-0.03442867732915965,-0.07090552862301525,0.09775984924720146,-0.29946632215479024,0.2906664793849745,0.15081410433065842,0.09999938098548067,0.0,0.4995749858380964,0.0,0.1,0.39857223451408696,-0.2837808550601808,0.04491036754170555,2119148.0,1610.0,341009.0,6.214346248925981,0.44647418219759055,7,24784.0,17.1875,65024.0,96.8125,1.0676392572944298,6,521.3568360000002,0.7921627005446801,0.7470725995141201,0.20485727924323255,0.9888654489759692,0.0,0.0,0,70.1875,7.75,7,3.9148869076624773,3.2304832710752334,3.7621681415912556,0.8884381338682324,0.845238087188208,0.88528138374843,-0.6982509579793015,-6.342843821888615,-3.8814814807626883,-3.163357398438009,-1.7916666517361117,14,6
425,18,2026-01-31T15:12:50.720710,0.32046887231555,0.051714080897322524,0.027691308697432887,0.2314990960181959,0.05367470673431973,0.004928048198129656,0.2585704044866126,0.27691308697432887,0.661425988623417,0.5367470673431973,0.09856096396259312,0.39961419650978297,0.14929574334109466,0.003002488726297424,-0.09906154695236322,0.34983792107242334,0.04997815142882805,0.09995417219058712,0.2363505920595893,-0.29946632215479024,0.35727274780709595,0.24224747136491406,0.09999953196131216,0.0,0.4995749858380964,0.0,0.1,0.3982435754987205,-0.2757362611091981,0.06688949718416891,2105668.0,1588.0,339316.0,6.20562543469804,0.432143174428101,7,17280.0,11.875,65024.0,67.5,1.2131398013750956,4,429.3578519999987,0.8437443274082359,0.8088578088389543,0.20276044030902035,0.992401230665084,0.0,0.0,0,71.625,8.0,6,3.8182782444167773,3.0260223045514842,3.68725663716651,-4.185260310992662,-4.214285674149661,-4.190476183219955,-2.0754812571743493,-6.482632990976649,-3.8814814807626883,-3.0595667847945367,-1.5833333201388895,17,6
425,19,2026-01-31T15:12:51.253939,0.3324551878778116,0.0488472349733702,0.038292355978006926,0.23464585391313314,0.05367470673431973,0.006033404508832295,0.24423617486685098,0.38292355978006926,0.6704167254660948,0.5367470673431973,0.1206680901766459,0.3938542298910107,0.14156399718176407,0.001820126774349012,-0.0996891562956444,0.3499998598580831,0.04999997808114575,0.09999996048824235,0.29537103140489684,-0.29946632215479024,0.3673246971539732,0.2477743640422601,0.09999966275078645,0.0,0.4995749858380964,0.0,0.1,0.3978588264741606,-0.26732019832299186,0.08123513210239004,1912038.0,1453.0,309321.0,6.181403784418129,0.3767386504777236,7,12064.0,8.25,65024.0,47.125,1.4856850715746421,2,387.3025200000001,0.8578145258927854,0.8416833667165995,0.20030246943665436,0.9999744904466723,0.0,0.0,0,73.0,8.1875,6,2.4305678984030594,1.7713754645193882,2.360044247786566,-7.711967545586803,-7.666666593650795,-7.718614705249152,-2.7050520954034347,-6.646497606557971,-3.8814814807626883,-2.9602888065268673,-1.4270833214409728,17,6
425,20,2026-01-31T15:12:51.770556,0.2500026224308086,0.036329497286961686,0.03455529585772328,0.20345635712440863,0.00993413334360918,0.007410610151786358,0.18164748643480844,0.3455529585772328,0.5813038774983104,0.09934133343609179,0.14821220303572716,0.36742528117226236,0.10659601529613813,0.0023313420298764127,-0.09986125787940305,0.34999948671589093,0.049999927916665,0.09999985520787952,0.28688167361564865,-0.29946632215479024,0.2826232351118546,0.21219657772811362,0.09999965091140676,-0.02442517061772112,0.4853334021118497,-0.24892564944428366,-0.09999988117351233,0.3970398592463771,-0.24696019367576497,0.08974714701182696,1793322.0,1358.0,289625.0,6.191875701337937,0.33636191341624916,8,13024.0,8.875,65024.0,50.875,1.3800813008130082,3,484.38007200000044,0.7880277050644846,0.6753554502209631,0.2005612466982329,0.9741109081990599,96.0,96.0,1,75.25,8.5,6,1.5797523148810608,0.8884758363486539,1.4885398230081908,-7.062880324495857,-7.071428504081634,-7.069264057022919,-1.2517953291539166,-6.629245800620606,-2.1037037033141286,-2.797833932997954,-1.1666666569444448,15,12
425,21,2026-01-31T15:12:52.147377,0.17764252360696833,-0.13478529082184254,0.016306061346220303,0.2366694538701578,0.05367470673431973,0.008444012258631202,-0.6739264541092127,0.16306061346220302,0.6761984396290224,0.5367470673431973,0.16888024517262404,-0.37692220538303645,-0.14732277407622776,0.001875949102530057,-0.0999279262183823,0.3499999459093613,0.049999992492378055,0.09999998475552019,0.05641913995310447,-0.29946632215479024,0.3762573094417921,0.24983642480053148,0.09999975893628144,0.0,0.4995749858380964,0.0,0.1,0.3962940765961841,-0.22978029004709896,0.09451484898652948,1327566.0,1009.0,214728.0,6.182547222532692,0.30359890636702197,9,11360.0,7.6875,65024.0,44.375,1.0380658436213992,2,299.972904000001,0.8743604666206348,0.8561320754515063,0.1977842592885543,0.9943735374329199,0.0,0.0,0,76.8125,8.6875,6,-1.7582346701830576,-2.355018587141728,-1.825486725662909,-8.187964841053496,-8.20238087426304,-8.194805180615056,-4.0123816760460365,-6.814378171177598,-3.8814814807626883,-2.685018048602875,-1.0104166582465282,19,12
425,22,2026-01-31T15:12:52.375970,0.17984549588830115,-0.13755864684301286,-0.08521101673356195,0.23167582300225803,0.05367470673431973,0.009544386372579573,-0.6877932342150642,-0.8521101673356194,0.6619309228635945,0.5367470673431973,0.19088772745159147,-0.3999997041107666,-0.14999994485317528,0.0014420828200343815,-0.09959295936416615,-0.3389770283672049,-0.04832329195293654,-0.09683393256351695,-0.29917641240673926,-0.29946632215479024,0.3503055969629363,0.24975844200100075,0.09999979420284526,0.0,0.4995749858380964,0.0,0.1,0.3946457192605721,-0.2079719909586049,0.09709940236365754,539652.0,428.0,87412.0,6.173660366997666,0.3902438827145782,9,26528.0,18.4375,65024.0,103.625,0.34103585657370517,6,312.99866399999905,0.8357294137172313,0.8253968253781089,0.19659798076856153,0.9969224368451242,0.0,0.0,0,79.375,8.875,6,-7.405068371412478,-7.754646839428008,-7.458938053094045,2.067613252183451,2.03571426632653,2.064935061359419,-3.8173852688896277,-6.893463353120329,-3.8814814807626883,-2.4999999981949457,-0.8541666595486116,4,12
425,23,2026-01-31T15:12:52.892584,0.2361744963683692,0.05183611912091307,-0.03333336874220888,0.19436472179104586,0.05367470673431973,0.011315588797979852,0.25918059560456536,-0.3333336874220888,0.5553277765458453,0.5367470673431973,0.22631177595959703,0.3996910095774323,0.1497163427896017,0.0036632039891795814,-0.0995656533471916,-0.12031601778978958,-0.015000191341850322,-0.0340783188442439,0.2919435894923012,-0.29946632215479024,0.30656162425176775,0.12456307077114194,0.09999979498148683,0.0,0.4995749858380964,0.0,0.1,0.392995341207507,-0.1706574937220739,0.09847568109765498,2121164.0,1637.0,341069.0,6.219163864203431,0.39349722019171446,7,24000.0,16.625,65024.0,93.75,1.4296943231441048,5,531.4618319999998,0.8011554143462518,0.7097415506817149,0.19656955037888418,0.9824405897174847,0.0,0.0,0,81.25,9.125,6,3.9293352062606473,3.4814126390816527,3.7648230088478916,0.3583502366439598,0.30952380657596307,0.3549783543636733,-0.5469785627923709,-6.89535871116858,-3.8814814807626883,-2.364620936920851,-0.6458333279513893,15,5
425,24,2026-01-31T15:12:53.399809,0.33100256508916065,0.046970605904246135,0.03409723738286094,0.23293294950427607,0.05367470673431973,0.012365433793308445,0.23485302952123066,0.3409723738286094,0.6655227128693603,0.5367470673431973,0.2473086758661689,0.3925524516609107,0.1367936717327477,0.0025312724917402074,-0.099752227921659,0.34999265277952274,0.04999888578244078,0.09999792518541055,0.2816990623454702,-0.29946632215479024,0.35976140867726997,0.24696672626792887,0.09999983110335597,0.0,0.4995749858380964,0.0,0.1,0.3921319159647574,-0.14827456036240177,0.09920158685087178,1898520.0,1428.0,306412.0,6.195971437149981,0.3653838133762815,8,14992.0,10.3125,65024.0,58.5625,1.345900094250707,3,397.69738799999845,0.8469088964876443,0.8179824561224126,0.19511594905512286,0.9937646096220132,0.0,0.0,0,82.0625,9.25,6,2.333686896195687,1.5390334571060371,2.231327433627331,-5.732251521259418,-5.702380898072564,-5.738095228159143,-2.5494402990195684,-6.992265401481541,-3.8814814807626883,-2.30595667703541,-0.5416666621527781,17,12
425,25,2026-01-31T15:12:53.994210,0.2037201712736142,-0.07463859297836457,0.02209682520333969,0.23029277005391913,0.05367470673431973,0.013977733594080641,-0.37319296489182285,0.22096825203339687,0.6579793430111975,0.5367470673431973,0.2795546718816128,-0.03175939913052663,-0.06553602628216297,-0.00230337457727793,-0.09972328607194729,0.3499972248694939,0.04999961835668146,0.0999992166280952,0.15117388895333705,-0.29946632215479024,0.3458841425918808,0.24826938982636781,0.09999985075576755,0.0,0.4995749858380964,0.0,0.1,0.3883518995046798,-0.11022067973748643,0.09958253144687874,1561794.0,1212.0,256160.0,6.096947220487196,0.3709148051973495,8,14272.0,9.75,65024.0,55.75,1.1109074243813015,3,378.8669279999997,0.8311721513749308,0.7690288713708916,0.19418817697311455,0.9840935623111644,0.0,0.0,0,84.8125,9.4375,6,-0.0795659776968667,-0.46840148694531675,0.007787610619465581,-6.219066937077627,-6.238095178684809,-6.2251082143288174,-2.8313334127498053,-7.054116832381141,-3.8814814807626883,-2.1074007205000718,-0.3854166634548615,15,11
425,26,2026-01-31T15:12:54.591344,0.31590016299276014,0.023458640302802987,0.040395254479758606,0.22358516102337317,0.05367470673431973,0.016469671786186017,0.11729320151401493,0.403952544797586,0.6388147457810662,0.5367470673431973,0.3293934357237203,0.29988409588992104,0.11120665610407184,-0.0005840061333262375,-0.09986564940973477,0.34999999956578715,0.04999999993581501,0.09999999987786427,0.276813303903236,-0.29946632215479024,0.3202146757371817,0.24242332319204504,0.09999985542082596,-0.0009478546988455261,0.4995749858380964,0.0,0.1,0.38545719617690477,-0.05257657124317412,0.0997819160188117,1708562.0,1365.0,278623.0,6.132164250618219,0.3347526030844495,8,7792.0,5.1875,65024.0,30.4375,1.3213939980638916,1,428.57957999999905,0.8100104873626592,0.6990521326848566,0.19395000054895706,0.9780861542394782,0.0,0.0,0,86.375,9.6875,6,0.9722930940572074,0.9535315984243923,1.001725663716371,-10.600405679441513,-10.583333232539685,-10.608225089855887,-2.087132035615713,-7.0699952500726955,-3.8814814807626883,-1.994584836104993,-0.17708333185763922,15,12
425,27,2026-01-31T15:12:55.207111,0.3578859525344027,0.04992201615285443,0.060329991065918,0.21541912479455827,0.05367470673431973,0.020223385120432633,0.24961008076427213,0.60329991065918,0.6154832136987379,0.5367470673431973,0.40446770240865265,0.3980014897852349,0.14910382374502382,0.00026282481837554435,-0.09956568108430659,0.3499999999975871,0.04999999999961607,0.09999999999932273,0.1983193378741815,0.0,0.3080080704178698,0.21385361171762038,0.09999985345823925,0.0,0.4995749858380964,0.0,0.1,0.3735427640604061,0.040378485380600786,0.09988612809105413,1990774.0,1575.0,323729.0,6.149507767299192,0.39349402017057816,8,3952.0,2.5,20480.0,15.4375,1.1589403973509933,0,482.7634680000001,0.8020377320628085,0.7372881355775999,0.1940511243927513,0.9925822592915228,0.0,0.0,0,90.625,10.0625,5,2.994854226987143,2.9052044606965417,2.9975663716800893,-13.196754563805296,-13.142857017687076,-13.205627682760818,-1.2759959878329334,-7.063253664980803,-3.8814814807626883,-1.6877256305503785,0.13541666553819418,15,12
425,28,2026-01-31T15:12:55.688346,0.2696227218427016,-0.03951351565784661,-0.0006316389184068806,0.23694598401082595,0.05367470673431973,0.021813605454327603,-0.19756757828923302,-0.006316389184068806,0.6769885257452171,0.5367470673431973,0.43627210908655206,0.09694007499676503,-0.006130412343598978,0.0012475480947106504,-0.09945175410774054,0.3499904746768002,0.049998744920862474,0.09999730981765362,-0.05451784925663314,-0.29946632215479024,0.37800753884414884,0.24966775713727557,0.09999988993670113,0.0,0.4995749858380964,0.0,0.1,0.3674046552619426,0.08510042705323854,0.09994055693477336,1607398.0,1258.0,260532.0,6.1696758939400915,0.4051698121396025,8,15184.0,10.375,65024.0,59.3125,0.9632465543644717,4,323.65119600000037,0.8783018247132304,0.8399999999813333,0.19190421202782923,0.9928148793269005,0.0,0.0,0,92.125,10.25,5,0.24726944356848268,-0.04089219330475065,0.2012389380530083,-5.602434077041228,-5.6428570891156475,-5.608225098513896,-3.657916226997313,-7.2063810605573435,-3.8814814807626883,-1.5794223815311028,0.2916666642361109,19,12
425,29,2026-01-31T15:12:56.184351,0.32979728710875506,0.038489722916309754,-0.020184668303922033,0.23632508183799247,0.05367470673431973,0.024158863704573336,0.19244861458154877,-0.20184668303922032,0.6752145195371214,0.5367470673431973,0.4831772740914667,0.36137066215716795,0.11760546930509207,0.0021579817284631954,-0.09798028395570874,0.28815835572221316,0.0413500307794393,0.08245910961093414,-0.1475013709155698,-0.29946632215479024,0.3749718057250356,0.24891997761767093,0.09999991414515089,0.0,0.4995749858380964,0.0,0.1,0.3499780123485001,0.16200235124441156,0.09996897375131168,1780876.0,1376.0,287780.0,6.188324414483286,0.47073947398218186,7,21744.0,15.0625,65024.0,84.9375,0.8923476005188068,5,363.07550400000014,0.8716411844285585,0.8406374501824574,0.19004122930638911,0.9995960063678203,0.0,0.0,0,95.25,10.625,5,1.4905541381187475,1.0557620816862667,1.4069026548666341,-1.1670047329197635,-1.1785714173469395,-1.1709956689679732,-3.067731975588661,-7.330579825854175,-3.8814814807626883,-1.3537906127409454,0.6041666616319442,19,6
