episode,step,timestamp,total_reward,w_throughput,w_queue,w_energy,w_drops,w_channel,w_airtime,raw_throughput,raw_queue,raw_energy,raw_drops,raw_channel,raw_airtime,throughput_bytes_reward,throughput_packets_reward,throughput_eff_reward,throughput_fairness_bonus,queue_reward,queue_packets_reward,queue_bsr_reward,queue_drain_reward,queue_max_penalty,energy_sleep_reward,energy_consumption_reward,energy_duty_reward,energy_worst_penalty,drops_reward,drops_worst_penalty,drops_fairness_penalty,channel_fcs_reward,channel_rx_reward,channel_recency_reward,airtime_duration_reward,total_bytes,total_packets,total_airtime,throughput_efficiency,throughput_fairness,starving_stas,avg_queue_bytes,avg_queue_packets,max_queue_bytes,avg_bsr_index,drain_ratio,high_queue_stas,total_energy_mj,avg_sleep_ratio,min_sleep_ratio,avg_duty_cycle,sleep_fairness,total_drops,max_drops,high_drop_stas,avg_fcs_errors,avg_rx_fragments,inactive_stas,schedule_duration_ms,beacon_utilization,total_bytes_z,total_packets_z,total_airtime_z,avg_queue_bytes_z,avg_queue_packets_z,avg_bsr_index_z,total_energy_z,avg_duty_cycle_z,total_drops_z,avg_fcs_errors_z,avg_rx_fragments_z,schedule_idx,assignment_idx
417,25,2026-02-02T17:27:17.914753,0.24376043635907624,0.04941904261330232,0.14572793188358135,-0.028634914044478377,0.10734941346863947,-0.0031909940150619646,0.24709521306651158,0.4163655196673753,-0.28634914044478377,0.5367470673431973,-0.06381988030123929,0.3978335485745084,0.14874921912258657,-0.0018216715055037961,-0.09963881935756358,0.34999999970585216,0.04999999995509152,0.09999999991727494,0.2917372946896956,-0.29946632215479024,-0.07228437876084212,-0.18029030583893138,-0.09999828356647816,-0.038062133532501825,0.4995749858380964,0.0,0.1,-0.39994597691858375,0.29997160241034027,0.09958253144687874,1985130.0,1557.0,325068.0,6.106814574181402,0.3842556559014533,8,7504.0,5.0,65024.0,29.3125,1.4271310724106325,1,628.7920319999985,0.6817282461183105,0.6610878660949563,0.38749361594300896,0.9952371797050709,0.0,0.0,0,180.5,15.875,3,2.9544047243640916,2.737918215358929,3.0568141592906826,-10.795131845768797,-10.761904659410433,-10.803030284323757,0.9100603591451778,5.832903840931372,-3.8814814807626883,4.801444039854553,4.979166625173612,5,12
417,26,2026-02-02T17:27:18.506973,0.14735792296890793,-0.11426216120163357,0.12888573540061327,0.0430710352569292,0.10734941346863947,-0.0031815747234986884,-0.5713108060081679,0.3682449582874665,0.43071035256929197,0.5367470673431973,-0.06363149446997377,-0.2679927170596453,-0.08039859208732665,-0.005555778873906385,-0.09991433475967998,0.34999999997807263,0.04999999999672742,0.09999999999383974,0.1989835242762939,-0.26360858254335257,0.23076048203028737,0.23423413587412967,-0.09999683619692308,0.0,0.4995749858380964,0.0,0.1,-0.39996940463223396,0.2999847995312464,0.0997819160188117,1459776.0,1198.0,242074.0,6.030288258962136,0.31224014592785554,9,5584.0,3.625,39680.0,21.8125,1.15972894482091,1,453.6143039999977,0.7657805614050128,0.7195652173756616,0.3829071151280089,0.9917455934068304,0.0,0.0,0,184.4375,16.25,3,-0.8107100880084274,-0.5985130110967933,-0.6154867256634444,-12.09330628795069,-12.071428456462588,-12.101731580776223,-1.7123607183065679,5.527137323775712,-3.8814814807626883,5.085740068530152,5.291666622569445,6,18
417,27,2026-02-02T17:27:19.322446,0.363629022176674,0.04999566093127864,0.21746584658530327,0.018905010000019276,0.10734941346863947,-0.0031768652616601155,0.2499783046563932,0.6213309902437236,0.18905010000019276,0.5367470673431973,-0.06353730523320231,0.39383847528592203,0.14966474863599946,-0.007773073109810715,-0.09931082976610979,0.34999999999971043,0.04999999999995496,0.0999999999999188,0.2271700957425077,0.0,0.13225885477361418,0.06308778553287808,-0.09999489354137842,0.0,0.4995749858380964,0.0,0.1,-0.39999165854679664,0.29999741296105864,0.09988612809105413,1911858.0,1628.0,319453.0,5.984786494413889,0.4166433735307619,6,2384.0,1.375,17664.0,9.3125,1.1979396615158204,0,550.7707919999978,0.734355465119876,0.7185185185007773,0.37931655733494674,0.9945926852171978,0.0,0.0,0,193.4375,17.3125,3,2.4292778717425083,3.397769516412846,2.8083628318571643,-14.256930358253841,-14.214285578911566,-14.26623374153033,-0.2579222754105243,5.287766963818474,-3.8814814807626883,5.735559562645805,6.17708328185764,5,16
417,28,2026-02-02T17:27:20.077463,0.34809744586592645,0.043514770691516984,0.2047704338176838,0.02254719254575302,0.10734941346863947,-0.003174321110760275,0.2175738534575849,0.5850583823362395,0.2254719254575302,0.5367470673431973,-0.06348642221520549,0.3759313319281433,0.14423789361193934,-0.006929591860236491,-0.09932612941646182,0.3499999999979262,0.04999999999969741,0.09999999999941794,0.17011934495723352,0.0,0.11254834297338985,0.1210645659045772,-0.0999923154504763,0.0,0.4995749858380964,0.0,0.1,-0.39999646100521674,0.2999988756747698,0.09994055693477336,1815204.0,1474.0,302428.0,6.002102979882815,0.41551702381802624,8,3840.0,2.375,22016.0,15.0,1.1286370597243491,0,532.6940519999973,0.7289170168845449,0.709956709941343,0.3762511684828254,0.9920166191398744,0.0,0.0,0,199.375,17.8125,3,1.7365765559153643,1.9665427507466031,2.055044247786701,-13.272481406265907,-13.261904635600908,-13.281385258387212,-0.5285321556095413,5.0834078432498,-3.8814814807626883,6.164259923347105,6.5937499450520844,5,18
417,29,2026-02-02T17:27:20.749822,0.11880501263689457,0.026295884426790813,-0.03293929917725208,0.03577648941762817,0.10734941346863947,-0.0031729502667700764,0.13147942213395405,-0.09411228336357738,0.35776489417628166,0.5367470673431973,-0.06345900533540152,0.325084739267467,0.09844151649406511,-0.00439245957022728,-0.0986136887031324,0.34999562871703865,0.04999938558253978,0.09999876583394979,-0.16788929152162713,-0.29946632215479024,0.19567071970658134,0.18452813118431732,-0.09998729103250721,0.0,0.4995749858380964,0.0,0.1,-0.3999978064854848,0.29999933212183666,0.09996897375131168,1731260.0,1347.0,285963.0,6.054139871242084,0.4517642400614927,7,14608.0,10.0,65024.0,57.0625,0.8735408560311284,3,504.7858200000012,0.7534977609518351,0.7199999999808,0.37247775939440697,0.9747479635386779,0.0,0.0,0,202.6875,18.125,3,1.134965455952675,0.7862453530867795,1.326504424778174,-5.991886409695796,-5.999999942857144,-5.997835487449636,-0.946320059738557,4.831847405062196,-3.8814814807626883,6.403429598264672,6.854166609548612,11,15
417,30,2026-02-02T17:27:21.668101,0.12266203393605035,0.05054836721502814,0.06129705554943912,-0.06645048732751223,0.10734941346863947,-0.0031722714226375976,0.25274183607514067,0.17513444442696893,-0.6645048732751223,0.5367470673431973,-0.06344542845275195,0.399626167015437,0.14993215270447977,-0.0036118129575278017,-0.09933181375355148,0.3499974549427593,0.049999661190073756,0.09999928159908138,0.10345843025463948,-0.29946632215479024,-0.3989003023216259,-0.24999998408713014,-0.0999950174049885,-0.14738708435497228,0.4995749858380964,0.0,0.1,-0.3999993855674648,0.299999709741164,0.09998380698061256,2107868.0,1714.0,347252.0,6.070139264856646,0.4150920412899416,7,14208.0,9.6875,65024.0,55.5,1.0719199499687304,3,1144.5838799999985,0.3705899572138741,0.34490740739942344,0.37950072667710144,0.9879483071288977,0.0,0.0,0,211.5,18.625,3,3.8340452369346214,4.197026021914774,4.038407079644231,-6.26233941848369,-6.297618987641725,-6.2683982575438995,8.631495208288678,5.300044911776823,-3.8814814807626883,7.039711186252916,7.270833272743056,0,12
417,31,2026-02-02T17:27:22.200842,0.14522119697735753,0.050630854378798246,0.026772507082216686,-0.021855158492552394,0.10734941346863947,-0.003171894227602733,0.2531542718939912,0.07649287737776196,-0.21855158492552393,0.5367470673431973,-0.06343788455205465,0.39671255122473403,0.14828707052914278,0.0006874379903947402,-0.09863173830394872,0.296181500046439,0.042245573641388375,0.08473706908733794,0.12260150140663414,-0.29946632215479024,-0.01878482409589155,-0.19254182077171728,-0.09999347581242685,-0.006971717548251796,0.4995749858380964,0.0,0.1,-0.39999972973581976,0.29999988633297314,0.09999154894357781,1955938.0,1540.0,317615.0,6.158204115044945,0.45110442750772045,7,21632.0,15.0,65024.0,84.5,1.086803105151729,5,636.1853519999968,0.6953003370078643,0.6930232557978366,0.37747892691347373,0.9966371459473992,0.0,0.0,0,217.1875,19.1875,3,2.7451910672818602,2.57992565031785,2.7270353982288817,-1.2427315753803738,-1.2380952263038556,-1.2467532445943672,1.0207388022423562,5.165258350726016,-3.8814814807626883,7.450361005451002,7.739583268836807,6,6
417,32,2026-02-02T17:27:22.792125,0.24874008851645257,0.05040600065378051,0.1484709924811961,-0.027404579126219415,0.10734941346863947,-0.0031716954140375434,0.2520300032689025,0.42420283566056033,-0.27404579126219414,0.5367470673431973,-0.06343390828075086,0.39969426843733447,0.14940401333036185,0.0010731003085434304,-0.09978654116244791,0.3499999999911624,0.04999999999873737,0.09999999999751809,0.2985193888936185,-0.2967296218168464,-0.03033584897515001,-0.22847413060883867,-0.09999158802603485,-0.01883018079686969,0.4995749858380964,0.0,0.1,-0.39999979934920116,0.2999999077096063,0.09999558951724458,2121904.0,1597.0,344124.0,6.166102916390604,0.3579219617175706,8,4912.0,3.125,54272.0,19.1875,1.6002004008016033,1,671.5849799999958,0.6924014472768381,0.6810699588337228,0.37557280816428557,0.9999444174075265,0.0,0.0,0,219.25,19.3125,3,3.934638649198468,3.109665427220291,3.899999999998274,-12.54766734271435,-12.547618928117917,-12.556277034534585,1.5506733530612133,5.0381838521631375,-3.8814814807626883,7.599277972852507,7.843749934635418,5,12
417,33,2026-02-02T17:27:23.445441,0.33390049163066843,9.964043432136385e-05,0.20406134406485898,0.040066211059436994,0.10734941346863947,-0.0031715921644466685,0.0004982021716068192,0.5830324116138829,0.4006621105943699,0.5367470673431973,-0.06343184328893336,0.22760843594491617,0.07019163363075016,-0.004723938557079672,-0.0997724127905976,0.3499999999993826,0.04999999999990799,0.0999999999998268,0.16704452069569822,0.0,0.21633740710779886,0.21169680053367537,-0.09998674172629607,0.0,0.4995749858380964,0.0,0.1,-0.39999987222094613,0.2999999451771658,0.09999769825578458,1663044.0,1317.0,275004.0,6.047344765894314,0.36112997207129566,8,2944.0,1.75,25088.0,11.5,1.1256410256410256,0,484.8548759999969,0.7605347106206081,0.7488789237500251,0.37216038422940967,0.9998188881338136,0.0,0.0,0,222.375,19.625,3,0.6460740188630102,0.5074349441907581,0.8415929203536099,-13.87829614595079,-13.85714272517007,-13.887445863398362,-1.244687484843656,4.810689074834595,-3.8814814807626883,7.8249097416426645,8.104166599131945,6,12
417,34,2026-02-02T17:27:24.181076,0.33275673257535904,0.012949192385759476,0.2032075023002081,0.03933220677025263,0.10734941346863947,-0.003171538802594071,0.06474596192879738,0.5805928637148803,0.39332206770252626,0.5367470673431973,-0.06343077605188141,0.2566766092462868,0.10795795415050685,-0.007505791263636389,-0.09948659340174242,0.34999999999952375,0.04999999999992749,0.09999999999986642,0.16335657602725678,0.0,0.20039124413561746,0.21971212259433956,-0.09997990055845303,0.0,0.4995749858380964,0.0,0.1,-0.3999999295689066,0.29999997355835656,0.0999987987710148,1679086.0,1360.0,280302.0,5.990274775064038,0.40187829041868595,8,2752.0,1.625,25088.0,10.75,1.1221122112211221,0,476.43815999999947,0.7550611143148331,0.701711491425386,0.3690396008424459,0.9897300896467486,0.0,0.0,0,226.5,20.0625,3,0.761044061577218,0.907063196941722,1.076017699114568,-14.008113590168978,-13.976190343083902,-14.017315993043608,-1.3706862273397258,4.6026369877384035,-3.8814814807626883,8.122743676445673,8.468749929427084,5,18
417,35,2026-02-02T17:27:26.321216,0.09488577845462674,-0.12707278068257852,0.16174100504081557,-0.029455795337513968,0.10734941346863947,-0.003171538802594071,-0.6353639034128926,0.4621171572594731,-0.2945579533751397,0.5367470673431973,-0.06343077605188141,-0.39999999987064394,-0.14999999998065633,-0.1,0.09950547536867305,0.34999999999952375,0.04999999999992749,0.09999999999986642,0.0,0.0,-0.3999993347775779,0.2499999794238921,-0.09997990055845303,-0.14997347424899432,0.4995749858380964,0.0,0.1,-0.3999999295689066,0.29999997355835656,0.0999987987710148,0.0,0.0,0.0,0.0,1.0,16,2752.0,1.625,25088.0,10.75,0.0,0,0.0,0.0,0.0,0.3690396008424459,1.0,0.0,0.0,0,226.5,20.0625,3,-11.272654301521422,-11.732342006344581,-11.326725663711802,-14.008113590168978,-13.976190343083902,-14.017315993043608,-8.502994010703146,4.6026369877384035,-3.8814814807626883,8.122743676445673,8.468749929427084,1,5
418,1,2026-02-02T17:27:46.471066,-0.44705906459818767,0.04969029834090743,-0.2633798958578326,-0.06625899234608824,-0.14768901806479362,-0.004916931438238884,0.24845149170453712,-0.7525139881652361,-0.6625899234608824,-0.7384450903239681,-0.09833862876477767,0.3948176427043225,0.14919814464318495,-0.0024016950906237365,-0.09957723457499722,-0.33047410063977045,-0.04732794443319798,-0.09439075685646806,-0.026037494256466582,-0.29946632215479024,-0.39840790067028564,-0.24999986647929054,-0.099998451216873,-0.14541295236110166,-0.48290710697888944,-0.2499065906585196,-0.0999982416357334,0.3999668158345457,-0.29997878624955493,-0.09998407473594395,1924018.0,1581.0,315675.0,6.094933079908134,0.39214304466430217,7,26096.0,18.1875,65024.0,101.9375,0.9825978868862648,6,1073.5377839999996,0.38912169289675436,0.3876146788901923,0.3882644651875064,1.0,319.0,129.0,4,44.125,3.75,10,2.516426339477502,2.960966542475746,2.6411946902643177,1.7755240026925254,1.7976190304988657,1.7727272696576146,7.5679308970706645,5.88429375630459,2.0259259255507547,-5.045126350147923,-5.124999957291668,1,12
418,2,2026-02-02T17:27:47.263066,-0.3139493384714567,0.05101661115183706,-0.12049269269257577,-0.06643097797276873,-0.14621404989372028,-0.004918185517322386,0.2550830557591853,-0.3442648362645022,-0.6643097797276872,-0.7310702494686013,-0.09836371034644771,0.3997255061186713,0.14992826285761227,-0.0013432143160006047,-0.09919329629098722,-0.008044559954807285,-0.0035653670833971246,-0.0019478055629591588,0.12375800332181101,-0.29946632215479024,-0.3993861238489891,-0.24999999752440313,-0.09999998297608677,-0.14750515292709981,-0.4857554937105668,-0.24999551771845344,-0.09999911694702475,0.39989930494164583,-0.29995118991681863,-0.09996948674010687,2129426.0,1711.0,348138.0,6.116614675789486,0.4245462739641721,7,23504.0,16.375,65024.0,91.8125,1.087730451366815,5,1206.729480000001,0.3414096916224359,0.3414096916224359,0.4220940661734931,1.0,324.0,170.0,3,51.8125,4.25,10,3.9885474299799335,4.169144981025172,4.077610619467222,0.022988505746971005,0.07142857074829866,0.019480519446786485,9.561818561442859,8.139598985166884,2.1185185181262005,-4.4900721989241354,-4.708333294097224,0,6
418,3,2026-02-02T17:27:48.117270,-0.2690322362107196,0.050898408665108176,-0.1965449605764956,-0.06649307663417929,-0.025166952792143284,-0.004815611326102979,0.2544920433255409,-0.5615570302185589,-0.6649307663417929,-0.1258347639607164,-0.09631222652205956,0.3998589725226023,0.149980467740353,-0.0027775143496342213,-0.0985767101163228,-0.30252692325989466,-0.043356937720678564,-0.08636057167589707,0.2776359290764587,-0.29946632215479024,-0.39966388465110547,-0.24999999853609764,-0.09999999963642292,-0.14833969601625863,0.31812622086680375,-0.2493597729726996,-0.09999942346265717,0.39944592174137705,-0.29971331797254147,-0.09994153963058766,2175900.0,1781.0,357453.0,6.087233846128022,0.4530897768496086,7,25408.0,17.6875,65024.0,99.25,1.3251488095238095,6,1224.277032,0.3112753813575946,0.3106575963648377,0.4509419388757214,1.0,169.0,103.0,3,63.625,5.3125,8,4.321617980104612,4.819702601782555,4.48977876105996,1.3103448275773473,1.3214285588435368,1.3073593050954813,9.824506465595135,10.062789216521951,-0.7518518517126199,-3.63718411289734,-3.8229166348090287,0,11
418,4,2026-02-02T17:27:48.944704,0.16272906282761151,0.053348582360218715,0.11911936382776599,-0.06626310781408011,0.0758816676578088,-0.004852917971960132,0.26674291180109355,0.34034103950790284,-0.662631078140801,0.3794083382890439,-0.09705835943920264,0.39491038765709197,0.14970009241876367,-0.002930016718361716,-0.09866979830255757,0.3499014523030987,0.049987950834044365,0.09997214129559455,0.28111276455690204,-0.29946632215479024,-0.3984486377285976,-0.24999986018912837,-0.09999999995407333,-0.14544403924539948,0.4993613758004834,0.0,-0.09999306091428163,0.3972453443876953,-0.2983194438197274,-0.09988801008500812,1925286.0,1634.0,316445.0,6.084109402897818,0.4496843220703544,5,16912.0,11.5625,65024.0,66.0625,1.342645850451931,3,1072.0002480000003,0.3878231393786655,0.3870967741846291,0.466459029015613,1.0,11.0,11.0,0,74.75,6.375,8,2.525513860619605,3.4535315981920505,2.67526548672448,-4.434077079077525,-4.511904718934241,-4.439393931706677,7.544913891086096,11.097261202866731,-3.6777777770967077,-2.833935016004379,-2.937499975520834,1,15
418,5,2026-02-02T17:27:49.863028,0.11370377593029643,0.05148834314137432,0.11310659607500467,-0.06643037106440146,0.047604492089157964,-0.005155240763932513,0.2574417157068716,0.32316170307144193,-0.6643037106440145,0.2380224604457898,-0.10310481527865024,0.39972477752217417,0.14999105196838353,-0.005518232396409946,-0.09980135306483554,0.34713068798398883,0.049620938267796344,0.09918772536743133,0.2910192963279676,-0.29946632215479024,-0.39935710927495643,-0.24999999166276743,-0.09999999999516218,-0.14752329340979534,0.4978353580699583,-0.11842204275576719,-0.09999875795200952,0.3796588274389414,-0.28920827402274507,-0.09978551850770054,2129241.0,1823.0,353046.0,6.03105827569212,0.3543225068276433,6,19408.0,13.375,65024.0,75.8125,1.4186770428015565,4,1166.173536,0.3437205847060962,0.34085778780268944,0.4833383824241929,1.0,44.0,27.0,1,88.75,7.5,7,3.987221569245478,5.2100371742369855,4.294778761060046,-2.7464503042410655,-2.7857142591836745,-2.7510822463184725,8.95469365135409,12.222550679912409,-3.066666666098765,-1.823104691824473,-1.999999983333334,0,12
418,6,2026-02-02T17:27:50.456327,0.20008867645742967,0.04939010808574776,0.07325949373109111,-0.010361925053899481,0.10734941346863947,-0.005043888542007461,0.2469505404287388,0.20931283923168892,-0.1036192505389948,0.5367470673431973,-0.10087777084014922,0.3925488550760682,0.14846691259117617,-0.0009068876888822064,-0.09967108575830642,0.3162632362527235,0.04503758983333551,0.09043629014116933,0.2298385262547129,-0.29946632215479024,0.02170458249063204,-0.12177136671508344,-0.09999999996125716,0.0,0.4995749858380964,0.0,0.1,0.3628984330990557,-0.2703935222808122,-0.09958942076378553,1898486.0,1546.0,309929.0,6.125551335951137,0.37956851663556784,7,21264.0,14.75,65024.0,83.0625,1.202177293934681,5,603.5531040000011,0.7054314804606421,0.7043269230599921,0.46773478005372143,0.9955471187535971,0.0,0.0,0,93.0625,8.125,7,2.3334432244931387,2.6356877320970544,2.386946902653811,-1.4915483434652363,-1.47619046213152,-1.4956709930810896,0.5322320957287243,11.182311215373954,-3.8814814807626883,-1.5117328508940557,-1.4791666543402784,6,11
418,7,2026-02-02T17:27:51.027383,0.20057459658034654,0.02870517289122035,0.07095189126641925,0.012872838373787526,0.10734941346863947,-0.004800194187578325,0.14352586445610174,0.20271968933262643,0.12872838373787526,0.5367470673431973,-0.09600388375156649,0.3322910211386537,0.10448459992100502,0.00024672570207172296,-0.09969307453552634,0.3499924920828296,0.04999901083482636,0.0999978797869268,0.13207390739419508,-0.29946632215479024,0.12065330493073079,0.01734417363846445,-0.09999999968218205,-0.004346608887754305,0.4995749858380964,0.0,0.1,0.3532588235707301,-0.25620700514780204,-0.09921473800972092,1739006.0,1355.0,282803.0,6.149178049737803,0.37610340459589126,8,15008.0,10.25,65024.0,58.625,1.0945072697899838,3,563.3581799999998,0.7311315366805173,0.6956521738986408,0.4519507835615462,0.9920484501427146,0.0,0.0,0,94.75,8.375,7,1.1904796032450484,0.8605947954590518,1.1866814159286785,-5.721433400907902,-5.76190470702948,-5.727272717355372,-0.06948832334289347,10.13004548407276,-3.8814814807626883,-1.3898916957473706,-1.2708333227430562,6,8
418,8,2026-02-02T17:27:51.618517,0.19079306964872333,0.05048522345308329,0.09711216140684426,-0.032023284034927844,0.10734941346863947,-0.005220401098009253,0.2524261172654164,0.2774633183052693,-0.3202328403492784,0.5367470673431973,-0.10440802196018505,0.39953135452698774,0.14940401333036185,0.0017853667737969168,-0.0999128671916417,0.3490034149311148,0.049869839816533076,0.09971800450086113,0.23812560349778517,-0.29946632215479024,-0.06147259308467256,-0.23383290610936075,-0.09999999873580444,-0.03215081931763796,0.4995749858380964,0.0,0.1,0.32955131439703034,-0.24170296947056052,-0.09850069910720374,2092090.0,1597.0,338488.0,6.18069178227884,0.3130898300491282,8,18624.0,12.8125,65024.0,72.75,1.2162985529322163,4,681.5186399999996,0.6845091194635265,0.6673427991751046,0.4415954393872421,0.9891431153656388,0.0,0.0,0,97.8125,8.5625,7,3.720967233322555,3.109665427220291,3.6506194690249334,-3.276538201465338,-3.3214285397959196,-3.2813852757032294,1.6993808380689484,9.43968966602303,-3.8814814807626883,-1.168772562333016,-1.1145833240451393,5,7
418,9,2026-02-02T17:27:52.211032,-0.072579854273853,-0.1265420501915213,-0.029213865469590934,0.03994562760295964,0.06333483481207057,-0.005599875795629255,-0.6327102509576064,-0.0834681870559741,0.3994562760295964,0.31667417406035286,-0.1119975159125851,-0.31797805482148817,-0.13048665411876406,-0.004867187219121871,-0.09978538790446963,0.34902471597529894,0.049853408625329804,0.09972403438346292,-0.13047984626297982,-0.29946632215479024,0.19947754761960346,0.22750206913389012,-0.09999999276421978,0.0,0.4990753638498972,-0.07112982131635986,-0.09999930550624542,0.3018746449566685,-0.2230597574444885,-0.09714668392869001,1421542.0,1119.0,235183.0,6.044407971664619,0.3581916591419894,8,18608.0,12.875,65024.0,72.6875,0.906807131280389,4,465.958151999998,0.7547566149749069,0.7525773195721118,0.4285109227020847,0.9948747356199672,21.0,21.0,0,100.375,8.75,7,-1.0847260843389985,-1.332713754522983,-0.9203982300880883,-3.287356321816854,-3.2619047308390035,-3.292207786507,-1.527572574621651,8.56738913521289,-3.492592591945816,-0.983754511925087,-0.9583333253472227,11,11
418,10,2026-02-02T17:27:52.866234,0.13663694573162471,0.04989567582970342,0.12304051763623892,-0.024269279191209192,0.020667752835059658,-0.005787677831261541,0.24947837914851706,0.3515443361035398,-0.2426927919120919,0.10333876417529828,-0.11575355662523082,0.399018138338467,0.14949566631302724,-0.0012100031318307918,-0.09964179187056646,0.3499950227719061,0.04999930790623705,0.09999859468039596,0.29370795528748744,-0.29946632215479024,-0.013679384628621808,-0.20083043271749998,-0.09999997895778073,-0.02887840998211556,0.4886448823892204,-0.24819821866686473,-0.09999987701390477,0.22861937539316282,-0.15977618585157588,-0.09460310681473014,2040446.0,1606.0,333442.0,6.119343094151307,0.38384170927765476,8,14704.0,10.0625,65024.0,57.4375,1.4547101449275361,3,642.0082679999999,0.6965788196968539,0.670756646203052,0.42050472718652143,0.9915530724260913,89.0,89.0,1,105.0,9.1875,6,3.350844250780942,3.1933085498890974,3.4273451327418463,-5.926977687586701,-5.940476133900228,-5.932900422627013,1.107908203426959,8.033643123339347,-2.233333332919753,-0.6498194941156538,-0.5937499950520837,5,12
418,11,2026-02-02T17:27:54.029958,0.25077515221162644,0.046836020740063655,0.23226564304616432,-0.06614185884263651,0.07591215096669912,-0.011186760151757548,0.23418010370031828,0.6636161229890409,-0.6614185884263651,0.37956075483349555,-0.22373520303515096,0.39629629985411036,0.14935811162310922,-0.011583188275907373,-0.09985843766382285,0.3499999999993268,0.049999999999896357,0.09999999999981114,0.2992479502643932,0.0,-0.39548172633771966,-0.24990010794428102,-0.09999999142079403,-0.14444166781023707,0.4994492637792366,0.0,-0.09990289040906437,0.005414831658000542,-0.05257657124317412,-0.08990813860026203,1947584.0,1593.0,329740.0,5.90642324255474,0.3373687787598386,9,3008.0,1.8125,20736.0,11.75,1.668062827225131,0,852.5036520000012,0.4414591055771331,0.4022662889404457,0.4272336488816596,0.9782116642351273,7.0,7.0,0,113.8125,9.6875,6,2.685319496602737,3.0724907060341544,3.2635398230074055,-13.835023664544726,-13.797618916213153,-13.84415582018328,4.259036705949265,8.482237603952239,-3.751851851157064,-0.013537906127409453,-0.17708333185763922,0,11
418,12,2026-02-02T17:27:55.188704,0.2683553397402487,0.04862404566953693,0.22013732987766618,-0.06623882477615045,0.10734941346863947,-0.014606580952536861,0.24312022834768465,0.6289637996504749,-0.6623882477615045,0.5367470673431973,-0.2921316190507372,0.3978179463659185,0.14973664977170098,-0.0117956025965572,-0.09939618960784835,0.3499999999992816,0.049999999999896357,0.09999999999979847,0.23969987650349026,0.0,-0.3982951207354441,-0.2499715075208414,-0.09999999713033643,-0.14519291881391347,0.4995749858380964,0.0,0.1,-0.2549191021282691,0.1260554995895184,-0.08151676094003975,1984628.0,1641.0,336261.0,5.902046327109002,0.41001056006670733,7,3056.0,1.8125,20736.0,11.9375,1.2191679049034176,0,894.4070520000009,0.3925507970543377,0.3911845729919784,0.4354472483129315,0.9999971321417318,0.0,0.0,0,124.4375,10.4375,6,2.9508069833441106,3.5185873602677886,3.5520796460161272,-13.802569303490179,-13.797618916213153,-13.811688287771968,4.886333113040982,9.029810534321747,-3.8814814807626883,0.7536101077591263,0.44791666293402754,0,18
418,13,2026-02-02T17:27:55.577226,-0.36394594915898326,-0.13676362442516618,-0.3000636090136128,-0.005587289173699765,0.10734941346863947,-0.014376314783002268,-0.6838181221258308,-0.8573245971817508,-0.055872891736997644,0.5367470673431973,-0.28752629566004534,-0.39987052556822744,-0.1499754964827932,-0.0005075365096776097,-0.09762212102694034,-0.3493135365959665,-0.04990215592729518,-0.09980303827321663,-0.29639994078679954,-0.29946632215479024,-0.06654970878173715,0.03292535222060452,-0.09999999349694666,-0.018709400366254562,0.4995749858380964,0.0,0.1,-0.3056938733551697,0.16200235124441156,-0.06734763932885926,963928.0,756.0,157152.0,6.133730401140297,0.4789926087492244,7,28592.0,19.9375,65024.0,111.6875,0.4890038809831824,7,559.1509440000005,0.6832064615471198,0.6811926605348351,0.4293116706084581,0.9999978850660283,0.0,0.0,0,127.9375,10.625,5,-4.364360863457532,-4.7063197021648415,-4.373097345130808,3.463150777528985,3.464285681292517,3.461038955045819,-0.13247089818375363,8.620772293382345,-3.8814814807626883,1.0063176888041028,0.6041666616319442,6,2
418,14,2026-02-02T17:27:56.125835,-0.14954516988887137,0.05206781962361487,-0.23572634460412115,-0.03375051191624135,0.10734941346863947,-0.012575502913856645,0.2603390981180743,-0.6735038417260605,-0.3375051191624135,0.5367470673431973,-0.2515100582771329,0.39993925429565524,0.1498997681382655,0.0033456833380610756,-0.09843747369525913,-0.3120362409240481,-0.04468967728220455,-0.08909279045686386,0.10918636453976806,-0.29946632215479024,-0.06953360383973127,-0.24759331812997173,-0.09999998457369938,-0.030194214811330382,0.4995749858380964,0.0,0.1,-0.33620585596958796,0.20958347804812083,-0.04557344906251849,2234668.0,1693.0,359696.0,6.2126573550998625,0.4577914940496598,7,25584.0,17.8125,65024.0,99.9375,1.0762873490146216,6,746.0732399999986,0.6824382554299318,0.6693877550883798,0.42283315471586796,0.9951924809681514,0.0,0.0,0,130.9375,10.9375,5,4.742797351144917,4.001858735687559,4.589026548670535,1.4293441514440208,1.440476176757369,1.4264069239369572,2.6657670654691756,8.188871521810185,-3.8814814807626883,1.222924186842654,0.8645833261284721,5,15
418,15,2026-02-02T17:27:56.653973,-0.14068153573669168,0.05193052216343134,-0.2206317457931417,-0.04209708135260245,0.10734941346863947,-0.010322600676111736,0.2596526108171567,-0.6303764165518335,-0.42097081352602445,0.5367470673431973,-0.2064520135222347,0.3999269387505892,0.14985193354735798,0.00272952245809356,-0.0984974193836275,-0.24491096266706364,-0.037309121430376534,-0.06981264792941995,0.09048817902174915,-0.29946632215479024,-0.13398659314675632,-0.2466580536219147,-0.09999997155330348,-0.06374080359752227,0.4995749858380964,0.0,0.1,-0.359571251250419,0.24279032106053425,-0.01652220341014792,2221788.0,1672.0,358351.0,6.200032928609101,0.45582039706775057,7,24752.0,17.3125,65024.0,96.6875,1.062261753494282,6,735.0450359999983,0.6651587988518612,0.6319444444298161,0.41824346807668245,0.9887343260774447,0.0,0.0,0,134.3125,11.25,4,4.65048877676772,3.8066914494603443,4.5295132743342785,0.8668018931652008,0.9642857051020403,0.8636363621408889,2.5006741912423887,7.882892616517086,-3.8814814807626883,1.4666064971360242,1.124999990625,5,12
418,16,2026-02-02T17:27:57.262408,0.12292886125170294,0.0514423705982858,0.034305138521786877,-0.03468360589267603,0.10734941346863947,-0.008574411897426618,0.25721185299142896,0.09801468149081966,-0.3468360589267603,0.5367470673431973,-0.17148823794853235,0.39979190980657614,0.14975550416557015,0.00100784689873544,-0.0991597227751391,0.3497805972942503,0.04996877607569739,0.09993795621778606,0.050428198642334984,-0.29946632215479024,-0.08330153036047215,-0.23578986675178856,-0.09999994718517388,-0.03820637209735252,0.4995749858380964,0.0,0.1,-0.37739782625506674,0.26464752667862806,0.015710123089542293,2148754.0,1645.0,348554.0,6.164766435043064,0.4265934729100664,7,17504.0,12.0625,65024.0,68.375,1.033940917661848,4,685.962815999999,0.6788654687998421,0.6609336609174218,0.4136027678345785,0.9880658436213992,0.0,0.0,0,138.5,11.5625,4,4.127067626063976,3.555762081453925,4.096017699113232,-4.033806626071442,-4.0357142472789125,-4.038961031967167,1.7659104188973034,7.57351280663003,-3.8814814807626883,1.7689530673148353,1.3854166551215277,5,15
418,17,2026-02-02T17:27:57.918905,-0.03876877272274142,0.05168260094891243,-0.073612393346504,-0.04314675187735956,0.06031235798309892,-0.0070945428839826324,0.25841300474456214,-0.21032112384715432,-0.43146751877359557,0.3015617899154946,-0.14189085767965265,0.3999446911704947,0.14993583167493152,0.0019475083356764252,-0.09914581947917861,0.05214447134903923,0.008257020646231501,0.015248113499019195,0.17996613562746816,-0.29946632215479024,-0.14615198112388103,-0.2469411259535477,-0.09999991506298783,-0.06423818768494241,0.49900434252942905,-0.08776816149472712,-0.09999943837734471,-0.3878224072557606,0.27621669653941794,0.04491036754170555,2241210.0,1717.0,362420.0,6.184013023563821,0.4274174978787555,7,23248.0,16.125,65024.0,90.8125,1.1385941644562334,5,738.0201839999997,0.6616919223167672,0.6313364055154069,0.4100393816341038,0.9901048862597054,23.0,23.0,0,142.875,11.8125,4,4.789682653441161,4.224907062804376,4.70955752212181,-0.15010141987728126,-0.16666666507936578,-0.1536796534135422,2.5452123349483182,7.335953884970998,-3.455555554915638,2.084837543621056,1.59374998671875,5,12
418,18,2026-02-02T17:27:58.472986,-0.04825755271717591,0.05018029497854113,-0.1439192253814791,-0.04153761584135078,0.10734941346863947,-0.005825894709384897,0.25090147489270564,-0.4111977868042261,-0.4153761584135078,0.5367470673431973,-0.11651789418769794,0.3984692591633705,0.14872585266066424,0.0017864350415154997,-0.09980141424058184,-0.13346779810522055,-0.017657919690954618,-0.03784663627011361,0.22104350885673776,-0.29946632215479024,-0.12260862787797584,-0.2381760529792934,-0.09999986444387926,-0.07572954362762467,0.4995749858380964,0.0,0.1,-0.3934206577902204,0.2856410460094023,0.06688949718416891,2009418.0,1556.0,325111.0,6.18071366394862,0.35430709103721875,8,24064.0,16.6875,65024.0,94.0,1.1886936592818946,5,692.2663439999972,0.6683298271130533,0.6166281755053896,0.4065333113770958,0.9775701885257019,0.0,0.0,0,147.1875,12.125,4,3.128472321761092,2.7286245350623948,3.0587168141579384,0.40162271805002286,0.3690476155328792,0.3982683975787555,1.8602746104999166,7.102216023662373,-3.8814814807626883,2.396209384551473,1.8541666512152777,11,13
418,19,2026-02-02T17:27:59.004966,0.2485880838638071,0.04800233878132682,0.12377090466357833,-0.011130759804640657,0.10734941346863947,-0.004899288012955151,0.2400116939066341,0.3536311561816524,-0.11130759804640657,0.5367470673431973,-0.09798576025910301,0.3923839182800726,0.14380234383979626,0.001330360732523612,-0.09992458549636075,0.3499853172799079,0.049997979426363616,0.0999958525150087,0.29610481308793835,-0.29946632215479024,0.06491257494526113,-0.1716581791674334,-0.09999972669329249,-0.0012552008410505818,0.4995749858380964,0.0,0.1,-0.3956046531865465,0.29222776348158247,0.08123513210239004,1896944.0,1470.0,307378.0,6.1713720565557715,0.3058652055285882,8,15504.0,10.625,65024.0,60.5625,1.5030674846625767,3,624.215988000002,0.7163728954474899,0.6987447698598589,0.40127423942004903,0.9976080358349134,0.0,0.0,0,150.0,12.5,4,2.322391996101086,1.929368029560467,2.2740707964591707,-5.386071670010913,-5.404761853287983,-5.391774882438486,0.8415567064608744,6.751611460262296,-3.8814814807626883,2.599277976462615,2.1666666486111112,6,16
418,20,2026-02-02T17:27:59.554689,0.19140852550641946,-0.050752083987649466,0.1221411552610687,0.03157929767467457,0.10734941346863947,-0.00440473167817206,-0.25376041993824733,0.34897472931733914,0.3157929767467457,0.5367470673431973,-0.08809463356344119,0.07699651204850073,-0.038696628884223705,-0.0021957884849379133,-0.09992684608965385,0.3499998986974031,0.04999998466397862,0.0999999714424023,0.25616573051489894,-0.29946632215479024,0.16548290672305163,0.1769163535059436,-0.09999940571355259,-0.009809656757363916,0.4995749858380964,0.0,0.1,-0.39727000958834424,0.2953586865754069,0.08974714701182696,1600094.0,1234.0,262347.0,6.099151124274339,0.3043429386756124,9,11824.0,8.0625,65024.0,46.1875,1.2540650406504066,2,509.0495519999995,0.7440075795296204,0.6901763224007512,0.39544847636420644,0.9771460446581478,0.0,0.0,0,153.3125,12.8125,4,0.1949230284092398,-0.26394052042156774,0.2815486725662471,-7.874239350859539,-7.845238020521544,-7.88095236730571,-0.8824917363948442,6.3632275154620865,-3.8814814807626883,2.838447651380182,2.427083313107639,11,18
418,21,2026-02-02T17:28:00.697272,0.289105003686265,0.04692956056928146,0.23206968746904155,-0.0661907202429054,0.10734941346863947,-0.004142894030885442,0.23464780284640727,0.6630562499115473,-0.661907202429054,0.5367470673431973,-0.08285788061770884,0.39632052781053695,0.14825512086435544,-0.009911216187256254,-0.09995675344350051,0.3499999999985009,0.04999999999976152,0.09999999999957931,0.2982481501245647,0.0,-0.39678347839504213,-0.2499623219220883,-0.0999997184995575,-0.14483279834892232,0.4995749858380964,0.0,0.1,-0.39891043784542923,0.29750672061769434,0.09451484898652948,1948044.0,1539.0,327907.0,5.940842982918937,0.27805306111667505,9,3600.0,2.25,17664.0,14.0625,1.5833333333333333,0,885.073200000003,0.42438587788260823,0.3966942148651048,0.4010526937308922,0.9872048899938314,0.0,0.0,0,159.6875,13.1875,4,2.6886162314019226,2.5706319700213163,3.1824336283171757,-13.434753211538643,-13.38095225351474,-13.44372292044377,4.746604789708638,6.7368417574983095,-3.8814814807626883,3.2987364597121034,2.7395833105034724,0,18
418,22,2026-02-02T17:28:01.432151,0.23077129702616245,0.014926904731119482,0.10606736432641356,0.033354977850092844,0.10734941346863947,-0.004017319803196329,0.0746345236555974,0.3030496123611816,0.33354977850092843,0.5367470673431973,-0.08034639606392657,0.3038062283689377,0.07019163363075016,-0.006910064519029254,-0.09950871360417701,0.34999999999557774,0.04999999999921573,0.09999999999875842,0.07263234131806547,-0.2107743970712047,0.14124506550313146,0.20949955122347694,-0.09999948890554608,0.0,0.4995749858380964,0.0,0.1,-0.39921239291581917,0.2977524440939645,0.09709940236365754,1711740.0,1317.0,285171.0,6.002503760901354,0.3996707028528106,8,4400.0,2.875,33792.0,17.1875,1.049402390438247,1,486.87724800000024,0.7368995373752383,0.7086956521585066,0.3965795321592692,0.9955173572407614,0.0,0.0,0,161.9375,13.25,4,0.9950692314307115,0.5074349441907581,1.291460176990579,-12.893847193962856,-12.785714163945581,-12.902597380255242,-1.2144124549080186,6.438631184863826,-3.8814814807626883,3.461191333241017,2.791666643402778,5,11
418,23,2026-02-02T17:28:02.211009,0.2150170850601855,-0.028470319276015267,0.13465516952107187,0.03229209041590548,0.10734941346863947,-0.0038992255225094906,-0.14235159638007633,0.38472905577449107,0.3229209041590548,0.5367470673431973,-0.07798451045018981,0.12629040904857053,0.03370841300659911,-0.007894737983592534,-0.09982385665392855,0.34999999999538217,0.04999999999921573,0.09999999999870349,0.16535665024832719,-0.2107743970712047,0.1314762287159048,0.20737354099322702,-0.09999909294038388,0.0,0.4995749858380964,0.0,0.1,-0.3995772791161898,0.2991178340040816,0.09847568109765498,1618508.0,1287.0,270550.0,5.98228793199039,0.34830532945572706,9,4432.0,2.875,33792.0,17.3125,1.1240174672489083,1,488.74095599999987,0.7341359514102854,0.7095115681051539,0.3922771140924568,0.9952838991031945,0.0,0.0,0,166.25,13.8125,4,0.32689275578359606,0.22862453529473667,0.644513274335998,-12.872210953259824,-12.785714163945581,-12.8809523586477,-1.1865126345529193,6.1518035049614515,-3.8814814807626883,3.7725631741714345,3.260416639496528,5,13
418,24,2026-02-02T17:28:02.940741,0.22084426770571977,-0.10160023454453325,0.2028455027600903,0.04300748023322421,0.10734941346863947,-0.0038478506647944034,-0.5080011727226662,0.5795585793145438,0.4300748023322421,0.5367470673431973,-0.07695701329588807,-0.1701910956017167,-0.08893789811501701,-0.00851334331503006,-0.09958414361724144,0.3499999999996246,0.049999999999935624,0.09999999999989473,0.1617977729068041,0.0,0.22676097658892425,0.2373793187153645,-0.09999819545561008,0.0,0.4995749858380964,0.0,0.1,-0.3997258473941562,0.2995741977605396,0.09920158685087178,1509498.0,1189.0,252865.0,5.969580606252348,0.3913174383996197,8,2576.0,1.5625,17664.0,10.0625,1.120640904806786,0,445.9662239999991,0.764294648563063,0.7228381374562564,0.387118166087974,0.9926672182910647,0.0,0.0,0,169.25,14.25,4,-0.4543617234755859,-0.6821561337655998,-0.13800884955746107,-14.127112914035653,-14.035714152040818,-14.136363611885084,-1.8268529338582693,5.807873867282356,-3.8814814807626883,3.989169672209986,3.624999969791667,5,10
418,25,2026-02-02T17:28:03.680090,0.27332819172839573,-0.05795795533452624,0.21291418966008194,0.041754538273458146,0.10734941346863947,-0.003821950792350998,-0.28978977667263117,0.6083262561716627,0.4175453827345814,0.5367470673431973,-0.07643901584701995,-0.013806398753494199,0.017485206779889156,-0.009399502976315432,-0.09981054146137727,0.3499999999992816,0.049999999999883256,0.09999999999979847,0.20626005884687357,0.0,0.21252747086326573,0.23578318695817171,-0.09999668293941266,0.0,0.4995749858380964,0.0,0.1,-0.3998760784237676,0.2998645468505344,0.09958253144687874,1568078.0,1275.0,263482.0,5.95136669677625,0.3519522651582153,8,3056.0,1.875,17664.0,11.9375,1.1686526122823098,0,450.05333999999993,0.7591980734198124,0.7465437787846418,0.3825523277593883,0.9999809889717277,0.0,0.0,0,174.75,14.9375,4,-0.03452971361407888,0.11710037173632813,0.331769911504278,-13.802569303490179,-13.738095107256237,-13.811688287771968,-1.765668562609931,5.503484848302655,-3.8814814807626883,4.386281585280663,4.197916631684028,5,8
418,26,2026-02-02T17:28:04.436336,0.17917186806819999,-0.1334806172918253,0.19122870492767208,0.044795486852784144,0.10734941346863947,-0.0038110763421638143,-0.6674030864591265,0.5463677283647774,0.44795486852784144,0.5367470673431973,-0.07622152684327628,-0.36720870607483147,-0.1318000161776586,-0.01157753242668462,-0.09985420742954404,0.34999999999944587,0.04999999999990799,0.09999999999984457,0.11318858166768875,0.0,0.23981746427586806,0.2467371454504971,-0.0999938908765964,0.0,0.4995749858380964,0.0,0.1,-0.39991964210210973,0.29992748954612786,0.0997819160188117,1352952.0,1115.0,229060.0,5.906539771238977,0.33884207221643975,9,2864.0,1.75,17664.0,11.1875,1.0793804453049372,0,400.1496839999984,0.7692434455183639,0.7186700767079623,0.37797194104265863,0.9894693065352782,0.0,0.0,0,177.75,15.3125,4,-1.5762979101566967,-1.3698884757091192,-1.1913274336277915,-13.93238674770837,-13.85714272517007,-13.941558417417214,-2.5127292810609934,5.198125937426618,-3.8814814807626883,4.602888083319214,4.510416629079861,5,7
418,27,2026-02-02T17:28:05.247854,0.3573738953269781,0.04761114243758633,0.21087674930274716,0.022252587735938478,0.10734941346863947,-0.0038059540710267525,0.23805571218793165,0.6025049980078491,0.22252587735938475,0.5367470673431973,-0.07611908142053504,0.3920571110992548,0.14906998687953887,-0.006289167273781807,-0.09932040764331201,0.34999999999972276,0.04999999999995496,0.09999999999992225,0.19707047363086408,0.0,0.12697388554254635,0.1029264820916712,-0.09999045087341162,0.0,0.4995749858380964,0.0,0.1,-0.399972544972736,0.2999792236156696,0.09988612809105413,1893984.0,1573.0,314864.0,6.015244677066924,0.41594121226953396,8,2352.0,1.375,17664.0,9.1875,1.157468727005151,0,538.7640719999984,0.7328791773149987,0.7321428571265146,0.374621814038701,0.9999906480875339,0.0,0.0,0,185.1875,16.0625,4,2.3011782243498047,2.8866171001034737,2.6053097345121214,-14.278566598956873,-14.214285578911566,-14.287878763137872,-0.4376635927488775,4.97478428605721,-3.8814814807626883,5.1398916930397895,5.135416623871528,5,9
418,28,2026-02-02T17:28:06.017982,0.35109111180886693,0.04534977956424088,0.20833278752936638,0.020772596059531447,0.10734941346863947,-0.003803421266004712,0.22674889782120441,0.5952365357981897,0.20772596059531445,0.5367470673431973,-0.07606842532009424,0.38263461986926306,0.14607567250517167,-0.0057576091314952395,-0.09938769744459548,0.34999999999973447,0.04999999999995496,0.09999999999992554,0.18573722252461802,0.0,0.11618404397682558,0.09905894171452977,-0.0999857005429843,-0.0008657912660393765,0.4995749858380964,0.0,0.1,-0.3999886627597192,0.29999186367958586,0.09994055693477336,1838578.0,1495.0,305100.0,6.026148803670927,0.41071100475955663,8,2320.0,1.375,17664.0,9.0625,1.1447166921898928,0,539.9990639999971,0.7299068695171438,0.6991341991190664,0.3715933468505498,0.9999904741038513,0.0,0.0,0,191.3125,16.625,4,1.9040936846026786,2.161710036973818,2.173274336282224,-14.300202839659905,-14.214285578911566,-14.309523784745414,-0.4191756885600466,4.772886608112248,-3.8814814807626883,5.582129959868498,5.604166619965278,5,9
418,29,2026-02-02T17:28:06.727898,0.20157622207221496,0.05097700693978855,0.09926490151748643,-0.025302967465665033,0.10734941346863947,-0.0038020888411278986,0.25488503469894275,0.2836140043356755,-0.2530296746566503,0.5367470673431973,-0.07604177682255797,0.3997331614061866,0.14987703850072145,-0.0025918811150034554,-0.09811285147354754,0.34999999943706184,0.04999999991856016,0.09999999984163964,0.12754359782164645,-0.24351231677177987,-0.016006237936739866,-0.21021860979801243,-0.0999813033899154,-0.0281155070088437,0.4995749858380964,0.0,0.1,-0.39999487629993247,0.2999964639426127,0.09996897375131168,2131400.0,1682.0,349924.0,6.091036910872075,0.46731150741913535,7,7984.0,5.3125,36864.0,31.1875,1.0907911802853436,2,649.7732999999982,0.6959963026319888,0.6715481171407626,0.3695822769718581,0.9905970564196589,0.0,0.0,0,196.8125,17.125,4,4.002694722357308,3.8996282524256847,4.156637168139754,-10.470588235223323,-10.464285614625853,-10.478354960210641,1.2241511974215082,4.638815372246958,-3.8814814807626883,5.979241872939175,6.020833283159723,5,8
418,30,2026-02-02T17:28:07.418999,0.11284667860027407,0.03395595972782322,-0.036155022061358094,0.02537312459499637,0.10734941346863947,-0.003172271897685162,0.1697797986391161,-0.1033000630324517,0.25373124594996366,0.5367470673431973,-0.06344543795370323,0.34793635980013127,0.12069007476883896,-0.004771222662591671,-0.09960977822175726,0.34999919149234776,0.04999988395095346,0.09999977188632028,-0.17717260331382234,-0.29946632215479024,0.16784206293849588,0.18102852853660012,-0.0999698802090932,-0.07665225294565767,0.4995749858380964,0.0,0.1,-0.39999709832670965,0.29999741296105864,0.09998380698061256,1758812.0,1382.0,290887.0,6.0463753966316816,0.3881297804455477,8,13360.0,9.125,65024.0,52.1875,0.8642901813633521,3,506.795124,0.7447212709300316,0.6153846153682921,0.366005546807492,0.9339214054616232,0.0,0.0,0,200.75,17.3125,3,1.3324255367943314,1.1115241634654711,1.5443805309727678,-6.835699797114025,-6.83333326825397,-6.841991330143738,-0.9162406585454733,4.40036685358823,-3.8814814807626883,6.263537901614774,6.17708328185764,10,18
418,31,2026-02-02T17:28:08.012245,0.1842063023116214,0.05167847263418715,0.09094738332192474,-0.035687048853960825,0.10734941346863947,-0.0031718747122625557,0.2583923631709357,0.2598496666340707,-0.35687048853960823,0.5367470673431973,-0.06343749424525111,0.39986297302285806,0.14986999019510247,0.0012296389334465465,-0.09830250891619935,0.3495323021707559,0.04992818367588098,0.09986770098693934,0.21840414744710432,-0.29946632215479024,-0.09460294709927418,-0.24184334407862787,-0.09996459351706218,-0.03279526256589241,0.4995749858380964,0.0,0.1,-0.39999853863812795,0.299999087119159,0.09999154894357781,2177908.0,1679.0,353023.0,6.169309081844526,0.46196788201598377,7,18064.0,12.5,65024.0,70.5625,1.1848976711362031,4,704.9174879999962,0.6758928714576314,0.6666666666531986,0.3647925049517533,0.9934692515631725,0.0,0.0,0,205.5,17.9375,3,4.3360089441845355,3.8717472115360825,4.293761061945003,-3.65517241376839,-3.6190475845805,-3.6601731538351983,2.049662993705083,4.319497450451921,-3.8814814807626883,6.606498190175813,6.697916610850696,5,5
418,32,2026-02-02T17:28:08.823562,0.30339143448240125,0.04800080239745201,0.23181717125630918,-0.06609972741037032,0.10734941346863947,-0.0031716999974873367,0.24000401198726004,0.6623347750180263,-0.6609972741037031,0.5367470673431973,-0.06343399994974673,0.3895132352983657,0.14774041509870808,-0.004567536280515855,-0.09963263655129667,0.34999999998271675,0.049999999997967254,0.09999999999514493,0.2969617190850781,0.0,-0.39564066704925005,-0.2499985560884012,-0.09998185029654341,-0.1440689584730903,0.4995749858380964,0.0,0.1,-0.3999995869422254,0.2999996032632806,0.09999558951724458,1874376.0,1525.0,309786.0,6.0505510255466675,0.385105877109044,7,5408.0,3.375,20736.0,21.125,1.528056112224449,0,994.0171560000024,0.4396585696045916,0.40722891565283786,0.3698049575309805,0.9842910207322768,0.0,0.0,0,214.25,18.4375,3,2.1606513201271276,2.4405204458698395,2.380619469025495,-12.212305611817362,-12.309523692290252,-12.220779199617699,6.377502334374662,4.6536607329582145,-3.8814814807626883,7.238267142788255,7.11458327404514,1,11
418,33,2026-02-02T17:28:09.559551,0.3394280149431316,0.011603046119232492,0.20984238972812752,0.040714801164114287,0.10734941346863947,-0.003171591990075589,0.05801523059616246,0.5995496849375073,0.40714801164114284,0.5367470673431973,-0.06343183980151178,0.2586689999911415,0.09923031764078631,-0.007222240925755757,-0.09979110975169467,0.3499999999996482,0.04999999999994285,0.09999999999990133,0.1924438600803591,0.0,0.20833966509910537,0.22780746180050457,-0.09997287327658493,0.0,0.4995749858380964,0.0,0.1,-0.3999997681778759,0.29999984463560586,0.09999769825578458,1680274.0,1348.0,280228.0,5.996096036084903,0.3568390668920954,8,2528.0,1.5,20736.0,9.875,1.152136752136752,0,465.48031199999764,0.7577504334696261,0.7391304347665406,0.3667906324262405,0.9947633095091963,0.0,0.0,0,218.25,19.0,3,0.7695582375368539,0.7955390333833134,1.0727433628313836,-14.1595672750902,-14.095237960997734,-14.168831144296396,-1.5347258680337592,4.4527058599454605,-3.8814814807626883,7.527075806839656,7.58333327013889,5,18
418,34,2026-02-02T17:28:10.392927,0.3610581752390403,0.03238343927267724,0.21105615881456344,0.040350748560410835,0.10734941346863947,-0.0031715413303440732,0.1619171963633862,0.6030175966130384,0.4035074856041083,0.5367470673431973,-0.06343082660688146,0.33645025076250873,0.12986730106659103,-0.010640753119297843,-0.09951639836165899,0.34999999999993053,0.04999999999998784,0.09999999999998055,0.19787558705383707,0.0,0.20340457462842332,0.22869751208913622,-0.09995946394461455,0.0,0.4995749858380964,0.0,0.1,-0.3999999236092006,0.29999991683942245,0.0999987987710148,1743824.0,1404.0,294275.0,5.925831280265058,0.39888048986506297,8,1328.0,0.6875,2816.0,5.1875,1.1584158415841583,0,464.0510159999983,0.7560719984691697,0.7219387754917873,0.3637775858265804,0.9907666028056602,0.0,0.0,0,225.9375,19.375,3,1.2250093168591272,1.31598512998922,1.6942920353974804,-14.970926301453883,-14.869047477437643,-14.980519454579186,-1.5561225147371331,4.251836220547879,-3.8814814807626883,8.082129958063444,7.895833267534723,5,15
418,35,2026-02-02T17:28:11.892765,0.09488764228262633,-0.12707278068257852,0.16174100504097558,-0.029453928981924393,0.10734941346863947,-0.0031715413303440732,-0.6353639034128926,0.46211715725993024,-0.29453928981924393,0.5367470673431973,-0.06343082660688146,-0.39999999987064394,-0.14999999998065633,-0.1,0.09950547536867305,0.34999999999993053,0.04999999999998784,0.09999999999998055,0.0,0.0,-0.3999993347775779,0.2499999794238921,-0.09995946394461455,-0.14997347424899432,0.4995749858380964,0.0,0.1,-0.3999999236092006,0.29999991683942245,0.0999987987710148,0.0,0.0,0.0,0.0,1.0,16,1328.0,0.6875,2816.0,5.1875,0.0,0,0.0,0.0,0.0,0.3637775858265804,1.0,0.0,0.0,0,225.9375,19.375,3,-11.272654301521422,-11.732342006344581,-11.326725663711802,-14.970926301453883,-14.869047477437643,-14.980519454579186,-8.502994010703146,4.251836220547879,-3.8814814807626883,8.082129958063444,7.895833267534723,6,12
419,1,2026-02-02T17:28:32.004531,-0.44705906459818767,0.04969029834090743,-0.2633798958578326,-0.06625899234608824,-0.14768901806479362,-0.004916931438238884,0.24845149170453712,-0.7525139881652361,-0.6625899234608824,-0.7384450903239681,-0.09833862876477767,0.3948176427043225,0.14919814464318495,-0.0024016950906237365,-0.09957723457499722,-0.33047410063977045,-0.04732794443319798,-0.09439075685646806,-0.026037494256466582,-0.29946632215479024,-0.39840790067028564,-0.24999986647929054,-0.099998451216873,-0.14541295236110166,-0.48290710697888944,-0.2499065906585196,-0.0999982416357334,0.3999668158345457,-0.29997878624955493,-0.09998407473594395,1924018.0,1581.0,315675.0,6.094933079908134,0.39214304466430217,7,26096.0,18.1875,65024.0,101.9375,0.9825978868862648,6,1073.5377839999996,0.38912169289675436,0.3876146788901923,0.3882644651875064,1.0,319.0,129.0,4,44.125,3.75,10,2.516426339477502,2.960966542475746,2.6411946902643177,1.7755240026925254,1.7976190304988657,1.7727272696576146,7.5679308970706645,5.88429375630459,2.0259259255507547,-5.045126350147923,-5.124999957291668,1,5
419,2,2026-02-02T17:28:32.774468,-0.3139493384714567,0.05101661115183706,-0.12049269269257577,-0.06643097797276873,-0.14621404989372028,-0.004918185517322386,0.2550830557591853,-0.3442648362645022,-0.6643097797276872,-0.7310702494686013,-0.09836371034644771,0.3997255061186713,0.14992826285761227,-0.0013432143160006047,-0.09919329629098722,-0.008044559954807285,-0.0035653670833971246,-0.0019478055629591588,0.12375800332181101,-0.29946632215479024,-0.3993861238489891,-0.24999999752440313,-0.09999998297608677,-0.14750515292709981,-0.4857554937105668,-0.24999551771845344,-0.09999911694702475,0.39989930494164583,-0.29995118991681863,-0.09996948674010687,2129426.0,1711.0,348138.0,6.116614675789486,0.4245462739641721,7,23504.0,16.375,65024.0,91.8125,1.087730451366815,5,1206.729480000001,0.3414096916224359,0.3414096916224359,0.4220940661734931,1.0,324.0,170.0,3,51.8125,4.25,10,3.9885474299799335,4.169144981025172,4.077610619467222,0.022988505746971005,0.07142857074829866,0.019480519446786485,9.561818561442859,8.139598985166884,2.1185185181262005,-4.4900721989241354,-4.708333294097224,0,7
419,3,2026-02-02T17:28:33.283155,-0.29476877142711716,0.050128081875872116,-0.23107986310613718,-0.03210650681663902,-0.06233055853637529,-0.004875399611696009,0.25064040937936055,-0.6602281803032491,-0.3210650681663902,-0.31165279268187646,-0.09750799223392016,0.3952471813533145,0.14747607038638444,0.001313263890102981,-0.09966537592558956,-0.339209325484398,-0.04832329195293654,-0.09690067525504634,0.17171123750228298,-0.29946632215479024,-0.016650773619509292,-0.18399569975599767,-0.0999998877281211,-0.11874308316608584,0.09690665708000845,-0.24996433592432385,-0.09999970872797374,0.3997870507545056,-0.2998616959668041,-0.09994153963058766,1930092.0,1519.0,312767.0,6.171021878906662,0.38043048059286855,7,26544.0,18.4375,65024.0,103.6875,1.1302083333333333,6,630.9027120000001,0.6958348997182586,0.5386363636241219,0.40794677957428827,0.9315071806161622,199.0,142.0,2,57.0,4.875,9,2.5599575724563137,2.384758364090635,2.5125221238926936,2.078431372534967,2.03571426632653,2.0757575721631896,0.9416573651284955,7.196447173987769,-0.19629629625994502,-4.115523462732474,-4.187499965104168,10,10
419,4,2026-02-02T17:28:34.173946,0.06846374337609418,0.05717026912362795,0.07934515956268055,-0.06644366735330313,0.029997481620707162,-0.004695456030711783,0.28585134561813974,0.226700455893373,-0.6644366735330313,0.1499874081035358,-0.09390912061423565,0.39975492652076694,0.14998437250084082,-0.003724570542484604,-0.09965331546526231,0.28439980793153335,0.039274076867651275,0.0813917879861934,0.29476578016523114,-0.29946632215479024,-0.3992439704122631,-0.24999999474476167,-0.09999999529052256,-0.14764404309198198,0.4976693140730095,-0.20980415574983655,-0.09999980473677289,0.3988394848496732,-0.29900057061973234,-0.09988801008500812,2137338.0,1793.0,352241.0,6.06782856055939,0.38220387629553265,4,21792.0,15.1875,65024.0,85.125,1.4732949876746098,5,1181.5878359999997,0.35183294948977056,0.3370786516778185,0.4317318820972482,0.9968370435968312,46.0,46.0,1,68.75,6.0625,7,4.045251268525926,4.931226765340964,4.259159292033513,-1.1345503718652161,-1.0595237994331073,-1.1385281365566617,9.185446645331517,8.78211961840347,-3.029629629068587,-3.2671480120814813,-3.197916640017362,0,10
419,5,2026-02-02T17:28:34.664543,0.093355379359757,-0.01662530845497452,0.031654956520729735,0.02923377447537248,0.0744372624897877,-0.004503670004318192,-0.08312654227487261,0.09044273291637067,0.2923377447537248,0.3721863124489385,-0.09007340008636383,0.13082488564711695,0.07859417239044365,-0.00025712858142869444,-0.09967522223325975,0.3489366838414025,0.049869839816533076,0.09969911396111329,0.04397006988172978,-0.29946632215479024,0.1640042164003032,0.15161108682471355,-0.09999996047273052,-0.009679203446557282,0.4992863788369204,-0.00833024828470572,-0.0999975561847959,0.39743661116975115,-0.29745445512885166,-0.09978551850770054,1620272.0,1325.0,263937.0,6.138858894357366,0.37893468585151724,8,18672.0,12.8125,65024.0,72.9375,1.0295260295260296,4,521.0210279999993,0.7435623894297073,0.6903073285888817,0.4157762769465657,0.9851044427831827,14.0,14.0,0,74.25,6.625,6,0.3395350170569948,0.5817843865630304,0.35190265486710093,-3.2440838404107906,-3.3214285397959196,-3.248917743291918,-0.7032780238468249,7.718413317495504,-3.62222222155144,-2.8700360990108043,-2.729166643923612,15,7
419,6,2026-02-02T17:28:35.563853,0.12768510939028532,0.049324436013292866,0.11131791408388031,-0.06637039097031845,0.06488348493151892,-0.004560291121181756,0.24662218006646433,0.3180511830968009,-0.6637039097031845,0.3244174246575946,-0.09120582242363512,0.39959359015576235,0.14997972801882792,-0.005130243999453926,-0.09982452725931372,0.34577265269078944,0.04939114496078119,0.09880306919230111,0.2872957573635138,-0.29946632215479024,-0.3985931973744628,-0.24999998842588558,-0.09999999593320047,-0.14668084683091556,0.4991089532530769,-0.06253345435417974,-0.09999921439385787,0.38669135780599684,-0.2880471024994907,-0.09958942076378553,2102036.0,1779.0,348076.0,6.039014468104667,0.3481144405199571,8,19696.0,13.625,65024.0,76.9375,1.3833592534992223,4,1155.2170079999994,0.3829233905765296,0.3630289532213134,0.4328322867683015,0.9929486978595381,20.0,20.0,0,85.75,7.5625,6,3.7922483731327725,4.801115241189487,4.074867256635365,-2.551724137913782,-2.54761902335601,-2.556277051850603,8.790673771139113,8.85547988090018,-3.5111111104609054,-2.0397111898630245,-1.9479166504340284,0,12
419,7,2026-02-02T17:28:36.236074,0.09237207674079136,0.04893837307930025,0.02094736112653975,-0.06621629598934947,0.10734941346863947,-0.004142249712196906,0.24469186539650123,0.059849603218685,-0.6621629598934947,0.5367470673431973,-0.08284499424393812,0.3937236745399299,0.14925545720526467,-0.0007916901026596008,-0.09962318097661287,0.17242753486339854,0.024031742893332337,0.04954743654790519,0.2656996561622439,-0.29946632215479024,-0.3981489320084464,-0.2499999372651964,-0.09999999928303457,-0.1449093337970542,0.4995749858380964,0.0,0.1,0.35365444865507467,-0.24696019367576497,-0.09921473800972092,1910560.0,1585.0,311780.0,6.127910706267239,0.38637891274252756,8,22672.0,15.75,65024.0,88.5625,1.2802907915993538,4,1098.7661519999988,0.39667337768133587,0.3955555555467654,0.4458491668525142,0.9999965816440144,0.0,0.0,0,94.6875,8.5,6,2.4199753461569804,2.998141263661882,2.468849557521031,-0.5395537525318489,-0.5238095188208625,-0.5432900423492818,7.945601076654833,9.723271307986742,-3.8814814807626883,-1.3944043311231737,-1.1666666569444448,1,16
419,8,2026-02-02T17:28:36.851175,0.21495993790022072,0.049514064217924994,0.0914359533958877,-0.01642229807341243,0.10734941346863947,-0.002412669876677303,0.24757032108962496,0.26124558113110774,-0.1642229807341243,0.5367470673431973,-0.04825339753354606,0.3968754554016922,0.14728302980360253,0.0013722700724943134,-0.09990241259034224,0.34999734239467967,0.049999699216113504,0.09999924981662243,0.19394458012873234,-0.29946632215479024,0.005744013251320695,-0.1672815707960873,-0.09999999709778304,-0.00023640644019032886,0.4995749858380964,0.0,0.1,0.334598119593899,-0.19955995734730989,-0.09850069910720374,1959498.0,1515.0,317470.0,6.172230446971367,0.3187581948143892,8,14240.0,9.625,65024.0,55.625,1.1538461538461537,3,622.0518479999993,0.7014361020313895,0.6997635933640718,0.43536264746819414,0.995236595543658,0.0,0.0,0,97.25,8.9375,5,2.7707049279016447,2.347583642904499,2.720619469025345,-6.2407031777806585,-6.357142796598641,-6.2467532359363585,0.8091594010764623,9.024170481765957,-3.8814814807626883,-1.2093862807152445,-0.8020833266493059,6,11
419,9,2026-02-02T17:28:37.382387,0.22714306491790326,0.04981309669236725,0.10059888299553696,-0.014335540627899405,0.10734941346863947,-0.00177826237859929,0.24906548346183624,0.2874253799872485,-0.14335540627899404,0.5367470673431973,-0.0355652475719858,0.39706639857944426,0.14774041509870808,0.0022531617077985668,-0.09983821710895228,0.3495710532202585,0.04994339095726621,0.09987866693236198,0.24814956076874073,-0.29946632215479024,0.05124729500774439,-0.18834006897917668,-0.09999998831822444,-0.0030298908697690774,0.4995749858380964,0.0,0.1,0.2825604937253936,-0.13616570010148432,-0.09714668392869001,1963914.0,1525.0,317258.0,6.190274161723266,0.34404959269724306,8,18000.0,12.375,65024.0,70.3125,1.2358184764991895,4,633.5094480000014,0.712882621291538,0.6969696969534506,0.4249184841263563,0.9917723919915701,0.0,0.0,0,101.8125,9.3125,5,2.8023535819738266,2.4405204458698395,2.7112389380518978,-3.698444895174453,-3.7380952024943324,-3.7034631970502803,0.9806803591346496,8.32789338982816,-3.8814814807626883,-0.8799638982816145,-0.4895833292534726,6,12
419,10,2026-02-02T17:28:38.138979,0.1594356558649606,0.049649611553815046,0.11503091472564157,-0.06616658001350247,0.07587714916460887,-0.00045091433346070454,0.24824805776907521,0.32865975635897593,-0.6616658001350246,0.37938574582304435,-0.00901828666921409,0.39480300966104864,0.14947659833117954,-0.002636666545280709,-0.09982288977833202,0.3496618586510884,0.049949741250263274,0.09990436176431505,0.2935941582762589,-0.29946632215479024,-0.3965547485414316,-0.2499998319926612,-0.09999999657539434,-0.14460413701201483,0.4993372955491493,0.0,-0.09999537194607339,0.08531251259186595,0.08510042705323854,-0.09460310681473014,1923820.0,1604.0,315892.0,6.090119407898902,0.34857927789807985,7,17824.0,12.3125,65024.0,69.625,1.4528985507246377,4,1065.8640959999996,0.4278350515371486,0.39999999999090907,0.43412131183371844,0.9873147324504805,12.0,12.0,0,111.0,10.25,5,2.515007310150896,3.174721189296029,2.650796460175818,-3.8174442190411266,-3.797619011451248,-3.8225108158917567,7.453055328225585,8.941414827971345,-3.6592592585816184,-0.21660649803855125,0.2916666642361109,1,9
419,11,2026-02-02T17:28:38.669892,0.20970977241300037,-0.02196108997989786,0.11825657423612286,0.021774791477182857,0.10734941346863947,-0.0012053915569052356,-0.10980544989948929,0.3378759263889225,0.21774791477182856,0.5367470673431973,-0.024107831138104708,0.175728714155172,0.007799650568997203,-0.001233119519046846,-0.09973971625381839,0.34999991103041056,0.04999998791325746,0.09999997492044664,0.2781890112623998,-0.29946632215479024,0.1106248912977061,0.12043088675639546,-0.09999998856475306,-0.00595169918346796,0.4995749858380964,0.0,0.1,-0.0,0.1506239994383939,-0.08990813860026203,1638670.0,1268.0,267806.0,6.118869629507928,0.36785009940977664,8,11728.0,7.9375,65024.0,45.8125,1.3277486910994765,3,532.9148880000008,0.7283955726123935,0.6940451745237363,0.42507845583608606,0.9970274638078552,0.0,0.0,0,114.0,10.5625,5,0.47139007539485767,0.05204460966058981,0.5230973451325119,-7.939148072968634,-7.964285638435376,-7.945887432128334,-0.5252262274662713,8.338558163366962,-3.8814814807626883,0.0,0.5520833287326387,6,5
419,12,2026-02-02T17:28:39.542594,0.1687265193828809,0.04624291688943805,0.10407321500773661,-0.06587395311046683,0.10734941346863947,-0.008560547640324672,0.23121458444719026,0.2973520428792475,-0.6587395311046682,0.5367470673431973,-0.17121095280649343,0.38672826556140094,0.146419795929381,-0.005150265416003979,-0.09972000950937353,0.3499999995930761,0.049999999943018784,0.09999999988554314,0.15506234617623457,-0.29946632215479024,-0.39385625885784303,-0.24999686626978787,-0.09999999503952689,-0.14216751598130983,0.4995749858380964,0.0,0.1,-0.21615227250519162,0.20958347804812083,-0.08151676094003975,1857698.0,1500.0,307637.0,6.038603939058046,0.3715041964158086,8,7744.0,5.125,65024.0,30.25,1.1144130757800892,1,968.1364439999994,0.4569265726236512,0.4285714285612245,0.4313424508332495,0.9878630126357625,0.0,0.0,0,122.375,10.9375,5,2.0411231832123065,2.208178438456488,2.285530973450316,-10.63286004049606,-10.642857041496601,-10.6406926222672,5.990066526049383,8.756157551444934,-3.8814814807626883,0.6046931403576222,0.8645833261284721,1,6
419,13,2026-02-02T17:28:40.163443,0.10952920935054022,0.041332305521915455,-0.0336195032266844,0.017619579705051926,0.10734941346863947,-0.008648060886240498,0.20666152760957726,-0.09605572350481259,0.17619579705051924,0.5367470673431973,-0.17296121772480996,0.375590386522428,0.12165861413134543,-0.001469350528949483,-0.09782314168733464,0.34975553936965215,0.04996483002446118,0.09993086715441982,-0.14421887889371818,-0.29946632215479024,0.12806407352092894,0.05379273864884382,-0.09999998472357426,0.0,0.4995749858380964,0.0,0.1,-0.26533191602658257,0.24279032106053425,-0.06734763932885926,1814192.0,1384.0,296726.0,6.114031126358998,0.4745254644324135,7,17584.0,12.125,65024.0,68.6875,0.8952134540750324,4,553.3983840000008,0.7331825576789006,0.7055214723782102,0.4229063775660915,0.9971669198189326,0.0,0.0,0,125.0625,11.25,5,1.7293237393571559,1.130111524058539,1.8027433628310607,-3.9797160243138627,-3.9761904383219964,-3.9848484779483146,-0.2185870658355295,8.193753041904074,-3.8814814807626883,0.7987364615171577,1.124999990625,6,15
419,14,2026-02-02T17:28:40.836965,0.012314366399376511,0.04991572874824007,-0.05480427938844609,-0.06614867096445394,0.10734941346863947,-0.009493300232461255,0.2495786437412003,-0.15658365539556027,-0.6614867096445394,0.5367470673431973,-0.18986600464922507,0.3947227680963763,0.14738131262897558,-0.0005069864915698979,-0.0983585708627301,0.25554555742327273,0.03534480577106126,0.07319433091070805,-0.05284419069936743,-0.29946632215479024,-0.39662559114446455,-0.24999993897260597,-0.09999999459029082,-0.1444466472087632,0.4995749858380964,0.0,0.1,-0.34418529585525426,0.2737200013701233,-0.04557344906251849,1922744.0,1517.0,313470.0,6.133741665869143,0.46027454653503297,7,22096.0,15.375,65024.0,86.3125,0.9643992371265099,5,1099.6877760000007,0.4267917679686249,0.40219780218896267,0.43069224422512187,0.9899539831470746,0.0,0.0,0,131.9375,11.75,4,2.507295817446714,2.366171003497567,2.5436283185829454,-0.9290060851864165,-0.880952372562359,-0.9329004312850213,7.959397843119862,8.712810473134477,-3.8814814807626883,1.2951263528555044,1.5416666538194443,1,15
419,15,2026-02-02T17:28:41.348111,-0.15915254991651012,0.051471663528766025,-0.2634594661629899,-0.03148804853775623,0.10734941346863947,-0.008521586981027781,0.2573583176438301,-0.7527413318942568,-0.3148804853775623,0.5367470673431973,-0.1704317396205556,0.39892229930450174,0.14805059639597648,0.0030518944813248306,-0.09847240483289506,-0.3221388558204523,-0.04576716386276808,-0.0919956623394946,-0.03885298944002493,-0.29946632215479024,-0.0629426142336632,-0.22989439476426063,-0.09999998857448288,-0.029218228017218642,0.4995749858380964,0.0,0.1,-0.3650707123581892,0.2856410460094023,-0.01652220341014792,2033940.0,1533.0,327704.0,6.20663769743427,0.4566522320328693,7,25824.0,17.9375,65024.0,100.875,0.9739517153748412,6,673.9637520000015,0.684132504848198,0.6704035874289147,0.42508484001530134,0.9959000199999024,0.0,0.0,0,135.375,12.125,4,3.3042169538168085,2.514869888242112,3.173451327432224,1.5916159567167574,1.5595237946712013,1.5887445859935152,1.586283712337405,8.338983775030906,-3.8814814807626883,1.5433212985246778,1.8541666512152777,6,12
419,16,2026-02-02T17:28:41.858129,-0.16182497904618232,0.05049706849052084,-0.271849322921656,-0.025861601912783867,0.10734941346863947,-0.007456010938761061,0.2524853424526042,-0.7767123512047314,-0.25861601912783866,0.5367470673431973,-0.14912021877522122,0.39621866938372524,0.14718109325828294,0.0014546480981488137,-0.09851369482757849,-0.339209325484398,-0.04832329195293654,-0.09690067525504634,-0.07210028273678416,-0.29946632215479024,0.03214234056826736,-0.20387571617921102,-0.09999997226976243,-0.08653041360057838,0.4995749858380964,0.0,0.1,-0.38201899621780266,0.29222776348158247,0.015710123089542293,1946130.0,1513.0,315218.0,6.1739177331243775,0.45527176004550673,7,26544.0,18.4375,65024.0,103.6875,0.9509742300439975,6,644.3685600000014,0.7080529478853861,0.6013363028819302,0.4184347826906558,0.9707913449286314,0.0,0.0,0,140.125,12.5,4,2.674898947911398,2.328996282311431,2.620973451326274,2.078431372534967,2.03571426632653,2.0757575721631896,1.1432419159965412,7.895646915612445,-3.8814814807626883,1.8862815870857172,2.1666666486111112,11,17
419,17,2026-02-02T17:28:42.594329,-0.1815451980141375,0.04956698521464209,-0.25138382493270467,-0.06615453363002662,0.10734941346863947,-0.006418712902546024,0.24783492607321042,-0.7182394998077276,-0.6615453363002661,0.5367470673431973,-0.12837425805092048,0.39434392795021295,0.14808626698331295,-0.0017915472375880715,-0.09925881182383486,-0.3143004695347452,-0.045257412682243314,-0.0897433774784197,0.025798193072222315,-0.29946632215479024,-0.3970491143288331,-0.24999991219892975,-0.09999998922856312,-0.14450933671432642,0.4995749858380964,0.0,0.1,-0.3936520918202921,0.2958146252169088,0.04491036754170555,1917874.0,1534.0,314023.0,6.107431621250672,0.42029473606799844,7,25632.0,17.875,65024.0,100.125,1.0172413793103448,6,1087.5384959999978,0.42005945259570465,0.40133037693123436,0.42552697479496954,0.9946132236788535,0.0,0.0,0,147.4375,12.875,4,2.4723934294640317,2.524163568538646,2.568097345131607,1.461798512498568,1.4999999857142852,1.4588744563482687,7.77752239404525,8.368459407358365,-3.8814814807626883,2.4142599260546858,2.4791666460069446,1,9
419,18,2026-02-02T17:28:43.044058,-0.19177619093538556,-0.008464661220229645,-0.2595385151313433,0.026545434548468957,0.07588637659282742,-0.005363190058268833,-0.04232330610114823,-0.7415386146609808,0.26545434548468955,0.37943188296413705,-0.10726380116537665,0.1786641769946881,0.06463074642244533,0.001664193015346432,-0.0990326127422084,-0.3338492998802369,-0.04762070576018354,-0.09536058960490604,0.003437588268056098,-0.29946632215479024,0.17426407610253508,0.11939518014050421,-0.09999997123248233,-0.01678336383640798,0.4993845816025644,0.0,-0.09998876255224265,-0.3965819627262761,0.29817384119099166,0.06688949718416891,1639944.0,1312.0,265440.0,6.178209764918626,0.4336687457646781,7,26240.0,18.25,65024.0,102.5,1.0022918258212377,6,533.2743239999987,0.7466861757840029,0.6831460674003788,0.41815935666647897,0.9841224545384851,10.0,10.0,0,151.75,13.375,4,0.4805205974256457,0.4609665427080878,0.41840707964583257,1.8728870858561673,1.8571428394557818,1.8701298668915494,-0.5198454490239943,7.87728519290847,-3.6962962956117966,2.7256317669851033,2.895833309201389,15,4
419,19,2026-02-02T17:28:43.432661,-0.15686854918165094,-0.11152086327436556,-0.12244316080688576,0.044336323795752114,0.025538587188493275,-0.004690238774510439,-0.5576043163718277,-0.3498376023053879,0.44336323795752114,0.12769293594246636,-0.09380477549020877,-0.2396139737005322,-0.09907332994053443,0.0017264108297171657,-0.09958335706323151,-0.08932651651187401,-0.012245933120185425,-0.025202666253624613,0.23063946837368313,-0.29946632215479024,0.26879379654275853,0.2119058079907231,-0.099999911750712,0.0,0.4965012751713069,-0.23136979967882024,-0.09999983838864901,-0.39827492773292694,0.2991178340040816,0.08123513210239004,1476390.0,1177.0,238918.0,6.179484174486644,0.3914121165157238,8,23856.0,16.5625,65024.0,93.1875,1.203476482617587,5,484.6570079999991,0.7814352814191264,0.7110187110039289,0.40975246391593684,0.9910112359550561,57.0,57.0,1,156.5,13.8125,4,-0.69164062723958,-0.7936802973240084,-0.7551327433624977,0.26098715348031787,0.24999999761904698,0.25757575712973846,-1.247649580651563,7.3168260498450906,-2.8259259254026063,3.068592055546143,3.260416639496528,12,10
419,20,2026-02-02T17:28:44.105380,0.09189446973794697,0.04984023908164988,0.11179704165285494,-0.06590862046187423,0.014967214752685082,-0.004296880055226961,0.2492011954082494,0.319420119008157,-0.6590862046187423,0.07483607376342541,-0.08593760110453923,0.3951068773948657,0.1479011879110343,-0.0005193233235398743,-0.09965269937502204,0.33938037963507145,0.04876412154650035,0.09699179398979361,0.2976500653447771,-0.29946632215479024,-0.3954125746216911,-0.24999990839556654,-0.09999996007782702,-0.1420121210983966,0.4830311126548923,-0.2387377582394006,-0.09999953080281239,-0.3993120302000362,0.2995741977605396,0.08974714701182696,1928050.0,1529.0,314348.0,6.133488999452836,0.38229280631729173,7,20384.0,14.0,65024.0,79.625,1.5538617886178863,4,1086.1221360000047,0.442222900255559,0.4300847457535999,0.4157017188112512,0.9975871313672923,100.0,64.0,2,162.875,14.25,4,2.545322936673842,2.477695167055976,2.582477876105052,-2.0865449627986035,-2.1904761696145134,-2.0909090872884697,7.756319400036551,7.713442778454894,-2.029629629253772,3.528880863878064,3.624999969791667,1,18
419,21,2026-02-02T17:28:44.658199,0.18113543560737874,0.030704224925124875,0.12127125037181437,-0.01575518210483624,0.07588637659282742,-0.004061190630645104,0.15352112462562437,0.3464892867766125,-0.15755182104836238,0.37943188296413705,-0.08122381261290207,0.35085325796524963,0.10077904429740868,-0.0013974271351263746,-0.0998850797073097,0.3499853172799079,0.049997979426363616,0.0999958525150087,0.2879654780772897,-0.29946632215479024,-0.012487670564915461,-0.12220647017795155,-0.09999993136560707,-0.020283164877670526,0.4993845816025644,0.0,-0.09998876255224265,-0.39957344872078826,0.2998148728274751,0.09451484898652948,1763106.0,1350.0,288301.0,6.115504281983067,0.3269370451046278,9,15504.0,10.625,65024.0,60.5625,1.3888888888888888,3,603.7056959999982,0.696877067519789,0.6795918367208247,0.4116377536310143,0.9959090301896875,10.0,10.0,0,166.1875,14.75,4,1.3631998394632512,0.8141263939763815,1.4299557522117565,-5.386071670010913,-5.404761853287983,-5.391774882438486,0.534516407105584,7.442511947059656,-3.6962962956117966,3.7680505387956313,4.041666632986112,5,16
419,22,2026-02-02T17:28:45.335989,0.2037796046252976,0.050241595911612584,0.1108593959066033,-0.033822456653614406,0.10734941346863947,-0.00393830046103678,0.2512079795580629,0.31674113116172375,-0.338224566536144,0.5367470673431973,-0.07876600922073561,0.3998330178163163,0.14987238339571538,-0.0005206875142523246,-0.09967745835800401,0.3496065953616891,0.04994339095726621,0.09988872444312268,0.280367101506836,-0.29946632215479024,-0.0801993244082293,-0.23465395514796616,-0.09999989320476133,-0.032795262568401456,0.4995749858380964,0.0,0.1,-0.3998106201469605,0.29994112478893104,0.09709940236365754,2164112.0,1680.0,352837.0,6.133461059922854,0.37858868074309715,8,17936.0,12.375,65024.0,70.0625,1.3386454183266931,4,683.3160839999985,0.6796748318026365,0.6666666666505636,0.4083218553495999,0.9892841463212595,0.0,0.0,0,171.8125,15.4375,4,4.237135567468091,3.8810408918326167,4.285530973449431,-3.741717376580516,-3.7380952024943324,-3.7467532402653627,1.726288682376281,7.221452209005189,-3.8814814807626883,4.174187722617915,4.614583294878472,5,5
419,23,2026-02-02T17:28:45.977203,0.18852165504852927,0.009567462368304094,0.0885653591082968,0.01382205610410271,0.10734941346863947,-0.0038725924539072276,0.04783731184152047,0.2530438831665623,0.1382205610410271,0.5367470673431973,-0.07745184907814455,0.280487242056163,0.062342189933131426,-0.0023983291917538973,-0.09975173432031724,0.3499918133720964,0.049998744920862474,0.09999768803984262,0.18517013591300774,-0.29946632215479024,0.09466103393493103,0.07550478935094554,-0.09999980869919471,-0.02745333142459689,0.4995749858380964,0.0,0.1,-0.3998804716806672,0.2999569248410267,0.09847568109765498,1694246.0,1310.0,277973.0,6.095002032571509,0.3654834457871144,8,15072.0,10.375,65024.0,58.875,1.1441048034934498,3,547.1757719999987,0.7241225112211583,0.672233820445256,0.40394984911450305,0.9999374874237236,0.0,0.0,0,175.0,15.625,4,0.8696929736547264,0.44237918211501975,0.972964601769481,-5.678160919501838,-5.6428570891156475,-5.68398267414029,-0.3117399400731125,6.929985320976657,-3.8814814807626883,4.404332126783876,4.7708332935763895,5,5
419,24,2026-02-02T17:28:46.632586,0.21626336419483422,0.002810110992170085,0.10839218687108162,0.028459533397368866,0.10734941346863947,-0.0038378369875192463,0.014050554960850423,0.30969196248880465,0.28459533397368864,0.5367470673431973,-0.07675673975038493,0.25125290240347753,0.06001800328320666,-0.004613688876389223,-0.09980022111348139,0.34999956829620144,0.04999993600689507,0.09999987822939305,0.24670138822985643,-0.29946632215479024,0.1491859401377764,0.16225585604926807,-0.09999964847414558,-0.014420732655881502,0.4995749858380964,0.0,0.1,-0.3999217884564894,0.29997160241034027,0.09920158685087178,1675916.0,1308.0,277029.0,6.049604915008898,0.3546068967840306,8,12896.0,8.8125,65024.0,50.375,1.2327992459943449,3,516.3228839999997,0.7391862602849405,0.6855345911805968,0.3993865717784132,0.9903537332867082,0.0,0.0,0,177.9375,15.875,4,0.7383252587219606,0.42379182152195166,0.9311946902650746,-7.149425287307983,-7.13095231303855,-7.155844143453084,-0.7736095208422785,6.6257670347161906,-3.8814814807626883,4.616425989446624,4.979166625173612,5,18
419,25,2026-02-02T17:28:47.304585,0.29498471490803196,0.03247015781923871,0.16330704460929946,0.022588114876771963,0.10734941346863947,-0.0038199723190110307,0.16235078909619355,0.46659155602656993,0.22588114876771961,0.5367470673431973,-0.07639944638022061,0.3349569625915822,0.12688821856826213,-0.005438310173953607,-0.09980117214350219,0.3499999999851458,0.049999999997710265,0.09999999999582754,0.265462567589674,-0.2107743970712047,0.11554331431315801,0.11846257986861607,-0.09999939078172011,0.0,0.4995749858380964,0.0,0.1,-0.39996060869120054,0.2999888790238779,0.09958253144687874,1742062.0,1396.0,288770.0,6.032697302351353,0.35436806979355456,8,5296.0,3.4375,33792.0,20.6875,1.2795600366636113,1,533.5964039999981,0.7297320164491936,0.7120879120722617,0.39526236188597097,0.9925691815682475,0.0,0.0,0,182.6875,16.4375,4,1.2123813892152902,1.2416356876169476,1.450707964601128,-12.288032454277973,-12.249999883333336,-12.296536775244093,-0.5150238921384984,6.350819891851471,-3.8814814807626883,4.959386278007663,5.447916621267361,5,16
419,26,2026-02-02T17:28:47.979265,0.22116586095033486,-0.12437348718000554,0.20903388674186002,0.047471221407361305,0.10734941346863947,-0.003810648255378666,-0.6218674359000277,0.5972396764053144,0.474712214073613,0.5367470673431973,-0.07621296510757332,-0.33211669639685976,-0.09160502153723056,-0.00885197877475413,-0.09986541520710533,0.34999999999889264,0.04999999999985187,0.0999999999996893,0.18884528080953877,0.0,0.2739894490530421,0.24634029606778893,-0.09999877622105202,0.0,0.4995749858380964,0.0,0.1,-0.3999796165316265,0.29999607573766385,0.0997819160188117,1406982.0,1186.0,235967.0,5.962621892044226,0.3348397467898494,9,3376.0,2.0,25088.0,13.1875,1.14811229428848,0,404.01002399999743,0.783842440772293,0.7600896860816123,0.39003092217661833,0.9921608504926834,0.0,0.0,0,187.25,17.0625,4,-1.189074907548004,-0.7100371746552019,-0.885707964601378,-13.586206896459863,-13.619047489342405,-13.595238071696556,-2.454939760111575,6.002057477069572,-3.8814814807626883,5.288808660441293,5.968749950260417,6,12
419,27,2026-02-02T17:28:48.734978,0.3488199105739729,0.04691438130247859,0.20339609388121122,0.021876006211104554,0.10734941346863947,-0.0038059407425544236,0.23457190651239293,0.5811316968034607,0.21876006211104554,0.5367470673431973,-0.07611881485108847,0.38924161908805177,0.14778171920449984,-0.005804480740525429,-0.0993912025727924,0.3499999999995027,0.04999999999992749,0.09999999999986052,0.16416978754599174,0.0,0.1392433319843593,0.08741182123091354,-0.09999795000479635,0.0,0.4995749858380964,0.0,0.1,-0.39999095272144136,0.29999789948735134,0.09988612809105413,1872568.0,1526.0,310790.0,6.025187425592844,0.41042307822452934,8,2784.0,1.625,25088.0,10.875,1.1228844738778514,0,543.6152039999988,0.7363289626920181,0.7114914425253914,0.3861616870652613,0.9908541485260037,0.0,0.0,0,192.875,17.4375,4,2.147693719003372,2.4498141261663737,2.4250442477865377,-13.986477349465948,-13.976190343083902,-13.995670971436068,-0.365041856232796,5.744108641611661,-3.8814814807626883,5.694945844263577,6.281249947656251,5,15
419,28,2026-02-02T17:28:49.369613,0.26400119724442056,0.04015493312199487,0.10698383742255992,0.02782089341521366,0.10734941346863947,-0.00380335495184562,0.20077466560997434,0.3056681069215998,0.2782089341521366,0.5367470673431973,-0.07606709903691239,0.3654229815366577,0.13338391280989936,-0.0030843858992148135,-0.09937736460660612,0.34999999998448894,0.049999999997967254,0.09999999999564294,0.11839722008750758,-0.25365345269211187,0.167626096310036,0.1223461318035232,-0.09999658988702231,0.0,0.4995749858380964,0.0,0.1,-0.39999408033307493,0.2999986152550658,0.09994055693477336,1788978.0,1415.0,294194.0,6.080946586266205,0.41155032457852436,8,5328.0,3.375,38144.0,20.8125,1.0834609494640122,1,532.2452519999986,0.7446557596316332,0.7179487179333771,0.38234482629589006,0.9916652196969656,0.0,0.0,0,195.8125,17.6875,4,1.5486196714730993,1.4182156132510946,1.6907079646010217,-12.266396213574941,-12.309523692290252,-12.27489175363655,-0.5352507184827684,5.489651426625054,-3.8814814807626883,5.907039706926325,6.489583279253473,6,8
419,29,2026-02-02T17:28:50.025175,0.20406186574933424,0.051329460014911066,0.10321562316816381,-0.02774967266853059,0.10734941346863947,-0.003172914686942927,0.25664730007455533,0.29490178048046806,-0.2774967266853059,0.5367470673431973,-0.06345829373885853,0.39982454962770997,0.14988584567980962,-0.0006683773425843994,-0.09825093455751972,0.349999999974487,0.04999999999672742,0.09999999999283193,0.13071368836581035,-0.2778034486027923,-0.030050464669352264,-0.23184646536992312,-0.09999541016731424,-0.01947704550311798,0.4995749858380964,0.0,0.1,-0.3999970186885727,0.2999992587986534,0.09996897375131168,2160660.0,1686.0,352448.0,6.130436262938079,0.46347740189407094,7,5696.0,3.625,42752.0,22.25,1.093385214007782,1,677.5105919999987,0.6924732021920128,0.6804123711199915,0.3801165459344997,0.9999819292400264,0.0,0.0,0,200.5625,18.0625,3,4.2123957228446365,3.936802973611821,4.268318584068908,-12.017579445490078,-12.071428456462588,-12.025974005149829,1.639380119515044,5.3410995015669815,-3.8814814807626883,6.249999995487364,6.802083276649307,5,8
419,30,2026-02-02T17:28:50.740168,0.1333723270673927,0.05067866621890217,0.02110693408601727,-0.01568040403398685,0.10734941346863947,-0.0031722391252727924,0.25339333109451084,0.06030552596004935,-0.1568040403398685,0.5367470673431973,-0.06344478250545585,0.39889483578979257,0.14925545720526467,-0.002678457588759627,-0.09816106854872579,0.3499998102774199,0.04999997218870118,0.09999994650284244,-0.013124824937230701,-0.29946632215479024,0.03399903951103584,-0.15167147494573932,-0.09999365933683682,-0.03609796199811407,0.4995749858380964,0.0,0.1,-0.39999853863812795,0.29999951136975145,0.09998380698061256,2032182.0,1585.0,333732.0,6.089263241163568,0.46600522462035904,7,12288.0,8.375,65024.0,48.0,0.9912445278298937,3,615.0044999999977,0.7085203181652516,0.6631799163041175,0.37769293184146124,0.9903731541324888,0.0,0.0,0,205.5,18.3125,3,3.291617693432095,2.998141263661882,3.44017699114892,-7.560513860665582,-7.547618975736963,-7.567099553996364,0.7036601795353464,5.179525336413859,-3.8814814807626883,6.606498190175813,7.010416608246529,5,7
419,31,2026-02-02T17:28:51.494160,0.006703874521761216,0.051430073004480326,-0.06810804000207106,-0.06629115266857905,0.10734941346863947,-0.0031718940485667407,0.25715036502240163,-0.19459440000591732,-0.6629115266857905,0.5367470673431973,-0.0634378809713348,0.39619366533674566,0.14942572057664585,-0.002593438791079706,-0.09894170895941094,0.07049023766233396,0.011120517735892581,0.020485231597435524,0.16991906761165868,-0.29946632215479024,-0.3974308050210451,-0.24999992775340352,-0.09999701938681133,-0.14570041209612908,0.4995749858380964,0.0,0.1,-0.3999996673865265,0.29999982757886806,0.09999154894357781,1945668.0,1599.0,319433.0,6.091004999483459,0.43818217596083897,6,23168.0,16.0625,65024.0,90.5,1.128440366972477,5,1094.0511120000024,0.41310987730231863,0.3826879270983442,0.3833544652124383,0.9846153846153847,0.0,0.0,0,215.75,18.9375,3,2.671587879482651,3.128252787813359,2.807477876104952,-0.2041920216348601,-0.22619047403628187,-0.20779220743239493,7.875016645527729,5.5569606428554605,-3.8814814807626883,7.34657039180753,7.5312499372395845,1,12
419,32,2026-02-02T17:28:52.406427,0.261057266122747,0.0473330828735521,0.18998693549931117,-0.06593594212798566,0.10734941346863947,-0.0031716983586283585,0.23666541436776048,0.5428198157123176,-0.6593594212798566,0.5367470673431973,-0.06343396717256716,0.388198254016521,0.1475674273620133,-0.006376267626722356,-0.09987560312877895,0.34999999997556747,0.04999999999672742,0.09999999999313564,0.29683812575097,-0.1397096528775781,-0.3961476718360032,-0.24998747568767038,-0.09999830454355463,-0.14194881394859396,0.4995749858380964,0.0,0.1,-0.399999883248244,0.2999999324789027,0.09999558951724458,1866018.0,1521.0,310307.0,6.013457640336828,0.33090132806855255,7,5664.0,3.625,29440.0,22.125,1.5240480961923848,1,921.8618640000018,0.43344464987163356,0.43069306929627,0.38758584130744933,1.0,0.0,0.0,0,223.0,19.5,3,2.1007510821888813,2.4033457246837036,2.4036725663706178,-12.03921568619311,-12.071428456462588,-12.047619026757369,5.297333292620187,5.839052194461827,-3.8814814807626883,7.870036095400696,7.999999933333334,1,5
419,33,2026-02-02T17:28:52.875675,-0.015444627691386655,-0.13398122352241487,-0.019179068755184693,0.054379480329533415,0.10734941346863947,-0.0031715935451197656,-0.6699061176120743,-0.054797339300527693,0.5437948032953341,0.5367470673431973,-0.06343187090239531,-0.372882329086797,-0.14280639862855007,-0.0022636877335493245,-0.09981485890936932,0.34999969461904473,0.0499999552257733,0.09999991387335444,-0.1283557369557781,-0.29946632215479024,0.3640969837346848,0.24970235508853927,-0.09999618373813304,0.0,0.4995749858380964,0.0,0.1,-0.39999991862735573,0.2999999638585591,0.09999769825578458,1339184.0,1063.0,219619.0,6.097760212003515,0.3507985837558798,8,12640.0,8.625,65024.0,49.375,0.9085470085470085,3,319.97605200000044,0.8528936706336916,0.824390243882332,0.3815008664204147,0.9911951966727766,0.0,0.0,0,225.5,19.875,3,-1.6749706160592783,-1.8531598511288896,-1.609070796459465,-7.322515212932235,-7.309523739909299,-7.329004316313412,-3.7129333527375787,5.433387472435999,-3.8814814807626883,8.050541510432822,8.312499930729167,18,5
419,34,2026-02-02T17:28:53.453542,-0.10554646049323779,-0.11261432025603674,-0.0486036517129843,-0.060417164382968326,0.10734941346863947,-0.00317154029975333,-0.5630716012801836,-0.1388675763228123,-0.6041716438296832,0.5367470673431973,-0.06343080599506659,-0.29582831318058767,-0.04638569816661763,-0.0027946557513890504,-0.09950521947834891,0.21431617838050493,0.03379233344934862,0.06147056691441852,0.01977327200154392,-0.29946632215479024,-0.33502032699982687,-0.2495637752931393,-0.09999666320436702,-0.11117209161738628,0.4995749858380964,0.0,0.1,-0.3999999757200006,0.29999998964530333,0.0999987987710148,1440406.0,1228.0,236641.0,6.08688266192249,0.4000259297934803,8,22416.0,15.4375,65024.0,87.5625,1.0132013201320131,5,803.2473239999977,0.578708817165041,0.5570469798533099,0.38250783754694306,0.9953852746797982,0.0,0.0,0,233.875,20.625,3,-0.949531290313265,-0.319702602200772,-0.8558849557518337,-0.7126436781561012,-0.8214285636054429,-0.7164502152096105,3.5216665264188776,5.5005188361169814,-3.8814814807626883,8.655234650790444,8.937499925520834,2,15
419,35,2026-02-02T17:28:55.353448,-0.12222813142810666,-0.12707278068257852,-0.05537137252779705,-0.029457326154475483,0.10734941346863947,-0.00317154029975333,-0.6353639034128926,-0.1582039215079916,-0.2945732615447548,0.5367470673431973,-0.06343080599506659,-0.39999999987064394,-0.14999999998065633,-0.1,0.09950547536867305,0.21431617838050493,0.03379233344934862,0.06147056691441852,0.0,-0.29946632215479024,-0.3999993347775779,0.2499999794238921,-0.09999666320436702,-0.14997347424899432,0.4995749858380964,0.0,0.1,-0.3999999757200006,0.29999998964530333,0.0999987987710148,0.0,0.0,0.0,0.0,1.0,16,22416.0,15.4375,65024.0,87.5625,0.0,5,0.0,0.0,0.0,0.38250783754694306,1.0,0.0,0.0,0,233.875,20.625,3,-11.272654301521422,-11.732342006344581,-11.326725663711802,-0.7126436781561012,-0.8214285636054429,-0.7164502152096105,-8.502994010703146,5.5005188361169814,-3.8814814807626883,8.655234650790444,8.937499925520834,1,12
420,1,2026-02-02T17:29:15.603563,-0.44705906459818767,0.04969029834090743,-0.2633798958578326,-0.06625899234608824,-0.14768901806479362,-0.004916931438238884,0.24845149170453712,-0.7525139881652361,-0.6625899234608824,-0.7384450903239681,-0.09833862876477767,0.3948176427043225,0.14919814464318495,-0.0024016950906237365,-0.09957723457499722,-0.33047410063977045,-0.04732794443319798,-0.09439075685646806,-0.026037494256466582,-0.29946632215479024,-0.39840790067028564,-0.24999986647929054,-0.099998451216873,-0.14541295236110166,-0.48290710697888944,-0.2499065906585196,-0.0999982416357334,0.3999668158345457,-0.29997878624955493,-0.09998407473594395,1924018.0,1581.0,315675.0,6.094933079908134,0.39214304466430217,7,26096.0,18.1875,65024.0,101.9375,0.9825978868862648,6,1073.5377839999996,0.38912169289675436,0.3876146788901923,0.3882644651875064,1.0,319.0,129.0,4,44.125,3.75,10,2.516426339477502,2.960966542475746,2.6411946902643177,1.7755240026925254,1.7976190304988657,1.7727272696576146,7.5679308970706645,5.88429375630459,2.0259259255507547,-5.045126350147923,-5.124999957291668,1,5
420,2,2026-02-02T17:29:16.401132,-0.3139493384714567,0.05101661115183706,-0.12049269269257577,-0.06643097797276873,-0.14621404989372028,-0.004918185517322386,0.2550830557591853,-0.3442648362645022,-0.6643097797276872,-0.7310702494686013,-0.09836371034644771,0.3997255061186713,0.14992826285761227,-0.0013432143160006047,-0.09919329629098722,-0.008044559954807285,-0.0035653670833971246,-0.0019478055629591588,0.12375800332181101,-0.29946632215479024,-0.3993861238489891,-0.24999999752440313,-0.09999998297608677,-0.14750515292709981,-0.4857554937105668,-0.24999551771845344,-0.09999911694702475,0.39989930494164583,-0.29995118991681863,-0.09996948674010687,2129426.0,1711.0,348138.0,6.116614675789486,0.4245462739641721,7,23504.0,16.375,65024.0,91.8125,1.087730451366815,5,1206.729480000001,0.3414096916224359,0.3414096916224359,0.4220940661734931,1.0,324.0,170.0,3,51.8125,4.25,10,3.9885474299799335,4.169144981025172,4.077610619467222,0.022988505746971005,0.07142857074829866,0.019480519446786485,9.561818561442859,8.139598985166884,2.1185185181262005,-4.4900721989241354,-4.708333294097224,0,10
420,3,2026-02-02T17:29:17.232567,-0.2690322362107196,0.050898408665108176,-0.1965449605764956,-0.06649307663417929,-0.025166952792143284,-0.004815611326102979,0.2544920433255409,-0.5615570302185589,-0.6649307663417929,-0.1258347639607164,-0.09631222652205956,0.3998589725226023,0.149980467740353,-0.0027775143496342213,-0.0985767101163228,-0.30252692325989466,-0.043356937720678564,-0.08636057167589707,0.2776359290764587,-0.29946632215479024,-0.39966388465110547,-0.24999999853609764,-0.09999999963642292,-0.14833969601625863,0.31812622086680375,-0.2493597729726996,-0.09999942346265717,0.39944592174137705,-0.29971331797254147,-0.09994153963058766,2175900.0,1781.0,357453.0,6.087233846128022,0.4530897768496086,7,25408.0,17.6875,65024.0,99.25,1.3251488095238095,6,1224.277032,0.3112753813575946,0.3106575963648377,0.4509419388757214,1.0,169.0,103.0,3,63.625,5.3125,8,4.321617980104612,4.819702601782555,4.48977876105996,1.3103448275773473,1.3214285588435368,1.3073593050954813,9.824506465595135,10.062789216521951,-0.7518518517126199,-3.63718411289734,-3.8229166348090287,0,7
420,4,2026-02-02T17:29:18.051405,0.10737558360038654,0.0519503362973488,0.1072444092112505,-0.06648374370309466,0.0464540591084758,-0.0048794337666873055,0.259751681486744,0.30641259774643004,-0.6648374370309467,0.23227029554237896,-0.0975886753337461,0.39979325327628934,0.14998602159746058,-0.0032213617212806665,-0.09968615898809458,0.34350498495806,0.04902341286750648,0.09816062788033182,0.2950154855652449,-0.29946632215479024,-0.3996163139265114,-0.24999999744369042,-0.09999999998174192,-0.14821998941244235,0.4988020273589179,-0.12547671234468927,-0.09999961971201278,0.3968757865052043,-0.2984852729594951,-0.09988801008500812,2149206.0,1799.0,353596.0,6.078140024208419,0.3772192159094471,6,20016.0,13.875,65024.0,78.1875,1.4782251437962202,5,1205.6579040000004,0.3178968708635962,0.31590909090191116,0.47337731805088407,1.0,28.0,28.0,1,75.625,6.3125,8,4.130307026344915,4.986988847120168,4.319115044245876,-2.3353617308834664,-2.3095237875283456,-2.339826835775192,9.545777004559023,11.558480164405497,-3.362962962340192,-2.770758120743135,-2.9895833084201398,0,12
420,5,2026-02-02T17:29:18.852111,0.09721844220254756,0.04777593876699192,0.11076778189765348,-0.06610711134409107,0.024299327409206626,-0.005012969295071651,0.23887969383495958,0.31647937685043853,-0.6610711134409107,0.12149663704603313,-0.10025938590143302,0.38129918657091433,0.14929574334109466,-0.006341133975332141,-0.09963847392367958,0.34999265277952274,0.04999901083482636,0.09999792518541055,0.25423626638784874,-0.29946632215479024,-0.3974105871365452,-0.2499988874435963,-0.0999999999949979,-0.14370695371728534,0.4926895352377179,-0.23385226765077474,-0.09999965840099906,0.38324527096049843,-0.2935422876513183,-0.09978551850770054,1833290.0,1588.0,304828.0,6.014178487540515,0.38430353966252395,6,14992.0,10.25,65024.0,58.5625,1.2494099134539733,3,1002.7244039999999,0.41350307222177396,0.41176470587266434,0.48308792681399687,0.9999980853710091,77.0,59.0,1,87.375,7.1875,6,1.8661955680416056,3.0260223045514842,2.161238938052141,-5.732251521259418,-5.76190470702948,-5.738095228159143,6.507850358307208,12.205853650364025,-2.455555555100823,-1.9223826700921425,-2.260416647829862,1,7
420,6,2026-02-02T17:29:19.771604,0.09983559673733966,0.05385089956882164,0.12263736906570157,-0.0664364515126434,0.02387691553022509,-0.0071830923678586865,0.2692544978441082,0.35039248304486165,-0.6643645151264339,0.11938457765112545,-0.14366184735717372,0.3997502040035804,0.1499883925427232,-0.005233383839748499,-0.09878861038623782,0.3499853172799079,0.04999772398407293,0.0999958525150087,0.2924083173096062,-0.29946632215479024,-0.3993962288551055,-0.2499999893793821,-0.09999999999925459,-0.14759266254563613,0.49054631350339445,-0.23385226765077474,-0.09999958529029696,0.3056938733551697,-0.2602522292277196,-0.09958942076378553,2136006.0,1809.0,353825.0,6.0368995972585315,0.4449763070509437,5,15504.0,10.6875,65024.0,60.5625,1.4357142857142857,3,1158.0885359999988,0.34057916095870566,0.33870967741155045,0.4973654912545793,0.9999949981993518,84.0,59.0,1,100.0625,8.3125,6,4.0357050712378495,5.079925650085508,4.329247787608704,-5.386071670010913,-5.345238044331067,-5.391774882438486,8.833660717240454,13.15769064517819,-2.325925925495199,-1.0063176888041028,-1.3229166556423617,0,7
420,7,2026-02-02T17:29:20.589117,0.1081570932903093,0.048056775271496675,0.12550825414430405,-0.0661428518690576,0.027208595301345197,-0.011969154325637303,0.24028387635748336,0.3585950118408687,-0.6614285186905761,0.13604297650672598,-0.23938308651274604,0.3888152874678006,0.14934609528818324,-0.005078675261463551,-0.0997322383132872,0.34999999520582203,0.04999999938373682,0.0999999986501748,0.2671624108628413,-0.29946632215479024,-0.39767718334191027,-0.24999886079633116,-0.09999999999970116,-0.1440756258070163,0.49709101269542877,-0.22346168571960276,-0.09999982573637083,0.09388452791520642,-0.14827456036240177,-0.09921473800972092,1869819.0,1592.0,309569.0,6.040071841818786,0.369268220806852,7,9568.0,6.375,65024.0,37.375,1.284907183212268,2,1001.9338559999989,0.40805382712971033,0.4071428571331633,0.5042208186148982,1.0,52.0,52.0,1,110.6875,9.25,6,2.1279921451708477,3.0631970257376206,2.371017699113995,-9.399594320423262,-9.452380862358279,-9.406926390637357,6.4960158074107595,13.614712164518439,-2.918518517978052,-0.23916967491756702,-0.5416666621527781,1,5
420,8,2026-02-02T17:29:21.142659,0.20464906695674695,0.05067205061493575,0.09453998171642482,-0.02143480279400586,0.10734941346863947,-0.011973050817105485,0.25336025307467874,0.2701142334754995,-0.21434802794005858,0.5367470673431973,-0.23946101634210967,0.39767265296655613,0.14915229130692048,0.0004001313746715766,-0.09994965610060322,0.3493937701182507,0.04992818367588098,0.09982849563893441,0.22962174658367918,-0.29946632215479024,-0.007322000094919546,-0.19093773128386277,-0.09999999999775983,-0.015489828658949184,0.4995749858380964,0.0,0.1,-0.08012902991676507,0.024942289930079835,-0.09850069910720374,1980118.0,1578.0,321849.0,6.1523198767123715,0.2856528276780162,7,18256.0,12.5,65024.0,71.3125,1.2018278750952018,4,635.1443999999996,0.698169295484758,0.6844547563646298,0.4891126838950637,0.9949135779211604,0.0,0.0,0,116.8125,10.0,6,2.91848464868253,2.933085501586144,2.9143805309721618,-3.5253549695502007,-3.6190475845805,-3.530303024189952,1.0051556884722757,12.607503854668344,-3.8814814807626883,0.2030685919111418,0.0833333326388886,6,16
420,9,2026-02-02T17:29:21.795454,0.21586435531875547,0.03941139508241365,0.10310159220440747,0.007024933518590609,0.10734941346863947,-0.014112935408389158,0.1970569754120682,0.2945759777268785,0.07024933518590609,0.5367470673431973,-0.28225870816778315,0.35953132183174275,0.13631630513239337,-0.003828502689841353,-0.09954483591279217,0.34999968793975506,0.04999996025098312,0.09999991198882034,0.19545990249893616,-0.29946632215479024,0.07770773249921877,0.011924940496815646,-0.09999999998535047,-0.015518050770871233,0.4995749858380964,0.0,0.1,-0.201719441569305,0.09924633524808832,-0.09714668392869001,1777462.0,1426.0,293035.0,6.065698636681625,0.3958431876843064,8,12656.0,8.5625,65024.0,49.4375,1.1555915721231766,2,564.8112360000007,0.719677015514369,0.6844262294941715,0.4750288174270978,0.9978900435077033,0.0,0.0,0,121.6875,10.3125,6,1.4660866324569657,1.520446096512969,1.6394247787603364,-7.31169709258072,-7.369047548866215,-7.318181805509642,-0.04773598801679566,11.668580049419822,-3.8814814807626883,0.5550541512237877,0.34374999713541643,5,9
420,10,2026-02-02T17:29:22.327812,0.2899217822105267,0.0333622969718345,0.13245674176621125,0.05181636488873079,0.10734941346863947,-0.014221399218049095,0.1668114848591725,0.3784478336177464,0.5181636488873078,0.5367470673431973,-0.2844279843609819,0.35323208939170875,0.10862540848616335,-0.001023785829476072,-0.09964311816830927,0.3499999991508309,0.04999999988360292,0.09999999976108004,0.24669682744253382,-0.29946632215479024,0.33268781312665086,0.24488112308032953,-0.09999999981332174,0.0,0.4995749858380964,0.0,0.1,-0.23343081998246387,0.1260554995895184,-0.09460310681473014,1766788.0,1361.0,288542.0,6.123157114042323,0.38365590404505867,8,8288.0,5.5,65024.0,32.375,1.2327898550724639,1,415.31582400000127,0.8193689202564269,0.8061224489631403,0.45594147399877755,0.9979792557417988,0.0,0.0,0,123.25,10.4375,6,1.3895880514862977,0.9163568772382561,1.440619469025911,-10.265043948544523,-10.285714187755104,-10.272727254939001,-2.285691257142842,10.396091335857614,-3.8814814807626883,0.6678700356188664,0.44791666293402754,14,16
420,11,2026-02-02T17:29:23.505446,0.21209312698325694,-0.041994625043364917,0.22916485419183447,-0.052681804516527625,0.10734941346863947,-0.015240185885182712,-0.20997312521682457,0.6547567262623842,-0.5268180451652762,0.5367470673431973,-0.3048037177036542,0.053474944452788935,0.04537479940811061,-0.016572101738363904,-0.09981565126687121,0.34999999999940873,0.04999999999991832,0.09999999999983414,0.28357998700441606,0.0,-0.335096221819412,-0.1259149486208322,-0.09999999976446912,-0.11977700715837669,0.4995749858380964,0.0,0.1,-0.3356739954436038,0.20129012226206205,-0.08990813860026203,1591662.0,1296.0,274267.0,5.803330331392402,0.3505839387880614,9,2912.0,1.6875,25088.0,11.375,1.3570680628272251,0,605.0204159999996,0.5786452216374307,0.5358255451546472,0.4541980588283595,0.9837722551928784,0.0,0.0,0,130.875,10.875,6,0.13449244617721134,0.3122676579635431,0.8089823008845978,-13.899932386653822,-13.916666534126986,-13.909090885005902,0.5541978442284078,10.279863735314812,-3.8814814807626883,1.2184115514668508,0.8124999932291666,1,16
420,12,2026-02-02T17:29:23.973552,-0.0530062495521033,-0.13493471845831956,-0.07113352940788045,0.048563449059053625,0.10734941346863947,-0.01476166690346182,-0.6746735922915977,-0.20323865545108702,0.4856344905905362,0.5367470673431973,-0.2952333380692364,-0.3777423192744986,-0.14722231474231248,-0.0018072600833099555,-0.09969486251420097,0.3497805972942503,0.049972279505005254,0.09993795621778606,-0.2540141237494097,-0.29946632215479024,0.2895361369726455,0.2458136792505979,-0.09999999849942998,0.0,0.4995749858380964,0.0,0.1,-0.3495531043649281,0.21729500582103853,-0.08151676094003975,1324968.0,1011.0,216955.0,6.107109769306999,0.3758108327548175,8,17504.0,12.0,65024.0,68.375,0.7511144130757801,4,408.5357759999989,0.7915665335108971,0.7487804877866151,0.4403098714278126,0.9829910835440847,0.0,0.0,0,132.6875,11.0,6,-1.7768540549836755,-2.33643122654866,-1.726946902654103,-4.033806626071442,-4.095238056235829,-4.038961031967167,-2.387188981678581,9.353985192530711,-3.8814814807626883,1.3492779773651422,0.9166666590277777,12,18
420,13,2026-02-02T17:29:24.763581,0.12317474637566855,0.050840763503063185,0.07248296630018138,-0.06640050925112667,0.10734941346863947,-0.014187844098182243,0.2542038175153159,0.20709418942908966,-0.6640050925112667,0.5367470673431973,-0.28375688196364485,0.3998137455124837,0.14990866089871183,-0.001988355803581435,-0.09955699648672632,0.3499900534502542,0.049998744920862474,0.09999719080370537,0.13664353122268894,-0.29946632215479024,-0.3988710470054925,-0.24999999764540448,-0.09999999963318267,-0.14704536913007318,0.4995749858380964,0.0,0.1,-0.3818596747546595,0.24795890824782507,-0.06734763932885926,2156490.0,1698.0,353326.0,6.103400259250663,0.3944861264735103,7,15216.0,10.375,65024.0,59.4375,1.0983182406209573,3,1208.4032399999996,0.3719045554959185,0.3542116630593043,0.45087539397138193,0.9942487022105811,0.0,0.0,0,140.0625,11.3125,6,4.182510105208541,4.048327137170229,4.307168141591014,-5.5807978363381965,-5.6428570891156475,-5.586580076906355,9.586874848864236,10.058352892523535,-3.8814814807626883,1.881768951709914,1.1770833235243054,0,18
420,14,2026-02-02T17:29:25.372114,0.09332884221229162,0.037895332220486806,-0.042253286973736676,0.017460323804156404,0.10734941346863947,-0.012618415075112641,0.18947666110243402,-0.12072367706781907,0.17460323804156405,0.5367470673431973,-0.2523683015022528,0.36634980662813094,0.11539358010625075,-0.002574983063296192,-0.09909900979776617,0.3498030874315851,0.04996877607569739,0.09994431855244837,-0.16924637222646532,-0.29946632215479024,0.0970641744861616,0.09194332948908909,-0.0999999988051684,-0.0069004968198961925,0.4995749858380964,0.0,0.1,-0.38855728741554607,0.2610184985228015,-0.04557344906251849,1790958.0,1372.0,294015.0,6.091383092699352,0.4300968433288223,7,17424.0,12.0625,65024.0,68.0625,0.8722186904005086,4,542.2255079999984,0.724759907769115,0.693094629138284,0.44201866989587946,0.9764806789857777,0.0,0.0,0,143.3125,11.5,5,1.5628099647391591,1.0185873605001305,1.6827876106187243,-4.08789722782902,-4.0357142472789125,-4.09307358598602,-0.38584568856501716,9.467905014455289,-3.8814814807626883,2.116425991251678,1.3333333222222221,11,11
420,15,2026-02-02T17:29:25.984500,0.08254290789869377,0.02387121744027779,-0.05348962074230518,0.030408611430146743,0.10734941346863947,-0.011092188465923337,0.11935608720138895,-0.15282748783515765,0.3040861143014674,0.5367470673431973,-0.22184376931846675,0.3386631632579901,0.07019163363075016,-0.0021289077890177814,-0.0985230224849008,0.349775800054939,0.04996877607569739,0.0999365990697312,-0.2019302921336899,-0.29946632215479024,0.17092713842863147,0.147289931302477,-0.09999999591594863,0.0,0.4995749858380964,0.0,0.1,-0.39220191898757617,0.26795800212010545,-0.01652220341014792,1746506.0,1317.0,286288.0,6.100521153523724,0.4549546352190577,7,17520.0,12.0625,65024.0,68.4375,0.8367217280813215,4,522.817943999997,0.7456610736156384,0.7352245862710348,0.4328005381931197,0.9920865145360583,0.0,0.0,0,146.0,11.625,5,1.2442307141013356,0.5074349441907581,1.340884955751619,-4.022988505719926,-4.0357142472789125,-4.028138521163397,-0.6763780837311253,8.85336331063244,-3.8814814807626883,2.3104693124112132,1.4374999880208332,11,9
420,16,2026-02-02T17:29:26.473318,-0.21217386152194695,0.04977565415216824,-0.26126155888956987,-0.010931114950145959,0.03394562630000425,-0.00919794290226185,0.24887827076084118,-0.7464615968273425,-0.10931114950145958,0.16972813150002125,-0.18395885804523698,0.3951436839511322,0.1440240048720482,0.0017351212814901132,-0.09841104447840565,-0.2644481883784551,-0.037309121430376534,-0.07542254323719125,-0.10724006006765362,-0.29946632215479024,0.061829314143146664,-0.16567426575494731,-0.09999998927683812,-0.0018432252049309906,0.4981328654719326,-0.19000857566391485,-0.09999977295515705,-0.3954439975986569,0.27848509159871915,0.015710123089542293,1928580.0,1472.0,312085.0,6.179662591922073,0.45863680173414095,7,24928.0,17.3125,65024.0,97.375,0.9252042740414833,6,621.2801760000018,0.7155822308574955,0.6981566820115632,0.4255606635554673,0.9938122302465706,40.0,40.0,1,149.75,11.875,5,2.5491213485076862,1.9479553901535351,2.4823451327422643,0.9858012170318743,0.9642857051020403,0.9826839809823649,0.7976074250303253,8.370705323227606,-3.140740740159122,2.5812274349594024,1.6458333196180555,6,12
420,17,2026-02-02T17:29:26.942826,-0.14565797347052906,0.05172554569880521,-0.24277219734488598,0.04113931853184131,0.03248021540721016,-0.0073892200966595364,0.25862772849402604,-0.6936348495568171,0.41139318531841307,0.1624010770360508,-0.14778440193319073,0.399535152307038,0.14956524982741573,0.0023227098419271695,-0.09851079815986329,-0.332792831964825,-0.04788208895449323,-0.0950570254833791,0.10130061719638733,-0.29946632215479024,0.2875338421768538,0.15427036266694835,-0.09999995748078092,0.0,0.49798959650740704,-0.19740017939024748,-0.0999997851955374,-0.3972453443876953,0.2882887349135978,0.04491036754170555,2092658.0,1614.0,337978.0,6.191698867973655,0.4553698400616131,7,26192.0,18.3125,65024.0,102.3125,1.070291777188329,6,519.8854319999999,0.7905229348137142,0.7517084282288905,0.415229036432459,0.9883793542362521,42.0,42.0,1,153.25,12.25,5,3.725037984118071,3.2676579922613698,3.6280530973435274,1.84043272480162,1.916666648412698,1.8376623344802379,-0.7202779639640315,7.681930640876841,-3.1037037031289434,2.833935016004379,1.9583333170138888,14,5
420,18,2026-02-02T17:29:27.533697,0.08366307843491716,0.042505961383185686,0.05041347932769098,-0.0010997583174103727,0.02451483608768436,-0.005761396499326914,0.2125298069159284,0.1440385123648314,-0.010997583174103726,0.1225741804384218,-0.11522792998653827,0.37688426810604625,0.12728160648010914,-0.0005676798076970628,-0.09950374427827954,0.3497391515526011,0.049960385472467145,0.09992623076118168,0.09720661154892914,-0.29946632215479024,0.08099413170908898,-0.0615349183206673,-0.09999990748553417,-0.026257376141899713,0.4959448479701056,-0.2360135588066215,-0.09999984640217639,-0.3978588264741606,0.2913867345424576,0.06688949718416891,1818108.0,1397.0,296471.0,6.132498625497941,0.4001751539201053,7,17632.0,12.1875,65024.0,68.875,1.0672268907563025,4,584.7867959999991,0.7205322785665209,0.6734693877413578,0.4093984683170273,0.9921009911350711,61.0,61.0,1,155.0,12.4375,4,1.7573889860389187,1.2509293679134816,1.7914601769903578,-3.9472616632593156,-3.9166666293650803,-3.952380945537003,0.25129934127973175,7.293226358984249,-2.7518518513422494,2.9602888065268673,2.1145833157118057,5,15
420,19,2026-02-02T17:29:28.434678,0.09850300234176193,0.05052591272002671,0.1248645758892364,-0.06653336605981845,0.02140960306726252,-0.004853679728038646,0.25262956360013356,0.356755931112104,-0.6653336605981844,0.1070480153363126,-0.09707359456077291,0.3997121408664367,0.14993817283727018,-0.0033257814361511992,-0.09982976927283055,0.34997687254849197,0.04999674705870245,0.099993465893284,0.2996928040881717,-0.29946632215479024,-0.3988958590855347,-0.24999997961309084,-0.09999997090546257,-0.148001574871341,0.48636627799582977,-0.24216906785681291,-0.0999996631792976,-0.39938813502438497,0.29693217096376007,0.08123513210239004,2126108.0,1719.0,349919.0,6.076000445817461,0.3465966803023965,7,15840.0,10.875,65024.0,61.875,1.7576687116564418,3,1136.3085360000018,0.3707918490709662,0.3246445497553402,0.4180745800467546,0.9789806285260931,94.0,69.0,1,163.6875,13.0625,4,3.964767938537112,4.243494423397444,4.1564159292017,-5.1588911426290815,-5.166666617460319,-5.164502155559304,8.50761281309769,7.871633422028024,-2.1407407403443073,3.587545123763505,2.6354166447048613,0,15
420,20,2026-02-02T17:29:28.965392,0.20247439022032554,0.04941206111621002,0.12418859559745865,-0.028138552887163455,0.0758816676578088,-0.004364856031846737,0.2470603055810501,0.3548245588498819,-0.28138552887163454,0.3794083382890439,-0.08729712063693475,0.3980692942823703,0.14761186823595845,0.002160307137593525,-0.09995666293761306,0.34997968810109953,0.049997112140317164,0.09999426166272768,0.29747753396523835,-0.29946632215479024,-0.054652298565273386,-0.20680354432666306,-0.09999995002289627,-0.023742352353266296,0.4993613758004834,0.0,-0.09999306091428163,-0.3996240552873849,0.29851642610601914,0.08974714701182696,1993188.0,1522.0,322086.0,6.1883720497010115,0.2781576138214819,9,15744.0,10.8125,65024.0,61.5,1.5467479674796747,3,646.7737320000043,0.6862509395958536,0.6760563380122991,0.4140169702449551,0.9947448581984647,11.0,11.0,0,167.0625,13.5,4,3.0121549178680866,2.4126394049802373,2.9248672566358738,-5.223799864738176,-5.226190426417235,-5.229437220381927,1.1792474848534709,7.6011262822461525,-3.6777777770967077,3.8312274340568755,2.999999975,6,12
