episode,step,timestamp,total_reward,w_throughput,w_queue,w_energy,w_drops,w_channel,w_airtime,raw_throughput,raw_queue,raw_energy,raw_drops,raw_channel,raw_airtime,throughput_bytes_reward,throughput_packets_reward,throughput_eff_reward,throughput_fairness_bonus,queue_reward,queue_packets_reward,queue_bsr_reward,queue_drain_reward,queue_max_penalty,energy_sleep_reward,energy_consumption_reward,energy_duty_reward,energy_worst_penalty,drops_reward,drops_worst_penalty,drops_fairness_penalty,channel_fcs_reward,channel_rx_reward,channel_recency_reward,airtime_duration_reward,total_bytes,total_packets,total_airtime,throughput_efficiency,throughput_fairness,starving_stas,avg_queue_bytes,avg_queue_packets,max_queue_bytes,avg_bsr_index,drain_ratio,high_queue_stas,total_energy_mj,avg_sleep_ratio,min_sleep_ratio,avg_duty_cycle,sleep_fairness,total_drops,max_drops,high_drop_stas,avg_fcs_errors,avg_rx_fragments,inactive_stas,schedule_duration_ms,beacon_utilization,total_bytes_z,total_packets_z,total_airtime_z,avg_queue_bytes_z,avg_queue_packets_z,avg_bsr_index_z,total_energy_z,avg_duty_cycle_z,total_drops_z,avg_fcs_errors_z,avg_rx_fragments_z,schedule_idx,assignment_idx
420,27,2026-02-02T12:39:57.362323,0.3330006121612038,0.04741901546037957,0.02722588130474478,0.22301246817013834,0.05367470673431973,0.023351811825301758,0.23709507730189783,0.27225881304744776,0.6371784804861096,0.5367470673431973,0.46703623650603515,0.3899811714034569,0.14483550195005626,-0.000841816942087677,-0.0994754319218146,0.34999999994194647,0.04999999999044555,0.099999999983684,0.1253787442383164,-0.25365345269211187,0.3216230999064903,0.2362438251845704,0.09999510084079699,0.0,0.4995749858380964,0.0,0.1,0.2602019129131814,0.19239669623077676,0.09988612809105413,1877602.0,1480.0,306453.0,6.126884057261636,0.40295644281480586,8,6304.0,4.1875,38144.0,24.625,1.089036055923473,2,448.92157200000077,0.8109986869012505,0.7511737089025546,0.22037261587303328,0.9891141054021292,0.0,0.0,0,103.25,10.8125,2,2.183771464610112,2.0223048325258075,2.233141592919366,-11.606490872132479,-11.535714175850343,-11.614718594606547,-1.7826111973379213,-5.3084887361386235,-3.8814814807626883,-0.7761732846381421,0.7604166603298609,14,12
420,28,2026-02-02T12:39:57.856079,0.32396448500503694,0.03692108971168539,0.0171262889481421,0.23551571124078066,0.05367470673431973,0.022409959703789478,0.18460544855842695,0.171262889481421,0.6729020321165162,0.5367470673431973,0.4481991940757895,0.35249197813645994,0.12688821856826213,-0.00035988773704780715,-0.09946832543758505,0.34999993428105214,0.04999999047410403,0.09999998147682526,0.09946363136283382,-0.29946632215479024,0.37137890758018544,0.24915529697359268,0.09999653615390819,0.0,0.4995749858380964,0.0,0.1,0.19765394001576536,0.23106172184296725,0.09994055693477336,1765624.0,1396.0,287713.0,6.136754335049163,0.4036310422203697,8,11504.0,7.8125,65024.0,44.9375,1.0689127105666156,3,354.85164000000066,0.8647017879578605,0.82382133992993,0.2177724317459468,0.9885397054868209,0.0,0.0,0,106.5,11.125,2,1.381245879081402,1.2416356876169476,1.4039380530967238,-8.090601757889855,-8.083333256349208,-8.097402583381122,-3.1908437120971698,-5.481834229047394,-3.8814814807626883,-0.5415162450963782,1.0208333248263888,18,12
420,29,2026-02-02T12:39:58.409677,0.29333787930829225,0.051893512816108045,0.011638386714126474,0.1969480037610667,0.05367470673431973,0.02086654061635174,0.2594675640805402,0.11638386714126474,0.5627085821744763,0.5367470673431973,0.4173308123270348,0.39971171985164905,0.1495732446588932,0.0026283900596436507,-0.09810079338438851,0.3492793269714466,0.04990889488055994,0.0997961046725501,0.06971448746617195,-0.29946632215479024,0.28817767641146586,0.1529419203129214,0.09999666664478121,0.0,0.4995749858380964,0.0,0.1,0.13365300058515237,0.2570452803332685,0.09996897375131168,2126006.0,1615.0,343017.0,6.1979610340012306,0.4676330134784515,7,18384.0,12.625,65024.0,71.8125,1.0473411154345007,4,520.4556720000007,0.7908567920042837,0.7540983606380773,0.21748442543494478,0.9905637939986497,0.0,0.0,0,109.1875,11.4375,2,3.9640369234294663,3.2769516725579035,3.8510176991133402,-3.4388100067380747,-3.499999966666668,-3.4437229377597873,-0.7117414370191896,-5.501034636980589,-3.8814814807626883,-0.34747292393684265,1.2812499893229166,14,12
420,30,2026-02-02T12:39:58.979003,0.3263532489548219,0.05184698856578247,0.010954501984534147,0.23276811729851027,0.05367470673431973,0.01879220570535564,0.25923494282891235,0.10954501984534146,0.6650517637100294,0.5367470673431973,0.3758441141071128,0.39953853607079076,0.1494466386548486,0.0026972096072433744,-0.09811921956987141,0.3499999942998518,0.04999999900785965,0.09999999839498151,0.0018761481483665994,-0.29946632215479024,0.36165549955360765,0.24485142386179795,0.099997440237677,0.0,0.4995749858380964,0.0,0.1,0.06089475547845859,0.280544437568372,0.09998380698061256,2093168.0,1601.0,337642.0,6.19937093134148,0.46714089222889293,7,9696.0,6.625,65024.0,37.875,1.0012507817385867,2,415.51105200000086,0.8494441619935706,0.7695961995066604,0.21550390923727336,0.9864946994174645,0.0,0.0,0,111.875,11.9375,2,3.728693059656299,3.146840148406427,3.6131858407063655,-9.313049357611137,-9.214285626530614,-9.320346304207192,-2.282768682292986,-5.633068962135801,-3.8814814807626883,-0.15342960277730713,1.697916652517361,18,12
420,31,2026-02-02T12:39:59.675873,0.19406298186101414,0.0006591082239436744,-0.006551930558827224,0.16050486184589816,0.05367470673431973,0.014785286079963274,0.003295541119718372,-0.06551930558827224,0.45858531955970905,0.5367470673431973,0.29570572159926545,0.23811999756074811,0.05526603020573411,-0.0032900097427901774,-0.09852535727393003,0.3498828325643903,0.049980603116095326,0.09996687529751527,-0.11365845874915717,-0.29946632215479024,0.1610128512794352,0.14233131589186065,0.09999706892994703,-0.0020831994026496046,0.4995749858380964,0.0,0.1,-0.036003380283530985,0.2870308003424114,0.09999154894357781,1668592.0,1304.0,274587.0,6.0767334214656925,0.45487494522083194,7,17040.0,11.8125,65024.0,66.5625,0.9202540578687368,4,524.8121999999981,0.742666701681233,0.6979166666484917,0.2165198217905696,0.9760901408193624,0.0,0.0,0,115.25,12.1875,2,0.685835507267101,0.3866171003358155,0.8231415929199898,-4.347532116265399,-4.273809483106577,-4.352813845276513,-0.6465239519990512,-5.5653415037343565,-3.8814814807626883,0.09025270751606303,1.9062499841145832,11,15
420,32,2026-02-02T12:40:00.121008,0.33398165211095604,0.04737643418018266,0.03791399268294058,0.23059960445660357,0.05367470673431973,0.013455282286760165,0.2368821709009133,0.3791399268294058,0.6588560127331531,0.5367470673431973,0.2691056457352033,0.39345964887575474,0.13338391280989936,0.0027588209444596506,-0.09985894199433554,0.3499999981495892,0.049999999732173124,0.09999999947920868,0.29094456169118177,-0.29946632215479024,0.34999580484219706,0.24489543982583398,0.09999756303450537,0.0,0.4995749858380964,0.0,0.1,-0.06617321454298292,0.2882887349135978,0.09999558951724458,1907662.0,1415.0,307656.0,6.200633174714616,0.33719020434024194,7,8864.0,5.9375,65024.0,34.625,1.4178356713426854,2,415.2213119999992,0.8353980353953221,0.8187772925585419,0.21513519866221714,0.9933385948669692,0.0,0.0,0,116.3125,12.25,2,2.399205916922111,1.4182156132510946,2.2863716814149173,-9.875591615889956,-9.869047525056692,-9.883116866003261,-2.287106107442062,-5.657649650752423,-3.8814814807626883,0.1669675089047166,1.9583333170138888,17,12
420,33,2026-02-02T12:40:00.608950,0.26053121307117366,-0.015661399544939652,0.020015927644165446,0.23345603277472068,0.05367470673431973,0.01072921679658784,-0.07830699772469825,0.20015927644165443,0.667017236499202,0.5367470673431973,0.2145843359317568,0.18917909771789243,0.02159610957597533,0.0030447373542655098,-0.09948207697268605,0.34999533557367163,0.04999938558253978,0.09999868303462718,0.12940118096267522,-0.29946632215479024,0.36077952205861236,0.2483128933740834,0.09999805077350796,0.0,0.4995749858380964,0.0,0.1,-0.12720066662833526,0.2913867345424576,0.09999769825578458,1644596.0,1278.0,264980.0,6.206491055928749,0.402317348187935,8,14656.0,10.0,65024.0,57.25,1.0923076923076922,3,378.013679999999,0.8482572293841664,0.7844311377088936,0.21346027292839492,0.9980147564559495,0.0,0.0,0,118.5625,12.4375,2,0.5138606197861054,0.14498141262593026,0.3980530973449566,-5.959432048641248,-5.999999942857144,-5.9653679550383245,-2.8441065864005983,-5.769311291899477,-3.8814814807626883,0.32942238243363003,2.1145833157118057,18,6
420,34,2026-02-02T12:40:00.957717,0.15858459805580083,-0.13031780629135145,-0.007350822945231621,0.23663822364448014,0.05367470673431973,0.008606716694102212,-0.6515890314567573,-0.0735082294523162,0.6761092104128005,0.5367470673431973,0.17213433388204422,-0.3485483533202518,-0.13986244708891105,0.0023617654875018735,-0.09920066192794776,0.3499360651048694,0.04999251537724894,0.09998192926143758,-0.14705545706440123,-0.29946632215479024,0.3758092456997937,0.24976344670954545,0.09999854285618269,0.0,0.4995749858380964,0.0,0.1,-0.17359577052034808,0.29367402781874746,0.0999987987710148,1386098.0,1082.0,223835.0,6.192498938950567,0.4240858014091063,8,16592.0,11.3125,65024.0,64.8125,0.8927392739273927,3,312.29906399999857,0.8733968083058474,0.8404907975288243,0.2112780965279356,0.9991302293915774,0.0,0.0,0,120.4375,12.625,2,-1.3387466674310309,-1.6765799254947427,-1.4225221238931758,-4.650439486107841,-4.749999954761906,-4.655844147782088,-3.827858322780283,-5.914789621611211,-3.8814814807626883,0.4648014437077246,2.2708333144097224,19,12
421,1,2026-02-02T12:41:22.211466,0.08959212059132843,0.05192212425283678,-0.06792985232227725,0.1801293500953072,-0.027929878399482546,-0.004916351701375345,0.2596106212641839,-0.6792985232227724,0.514655285986592,-0.27929878399482544,-0.0983270340275069,0.39990914528278204,0.14983447419359194,0.003996559823471226,-0.09977422852438074,-0.279414472067717,-0.04076869712477019,-0.07972097086650383,0.05258974896481788,-0.29946632215479024,0.33650792699566007,0.2319352114600952,-0.09473589928926056,0.0,0.13198471608042273,-0.24958931029373438,-0.0999991985046954,0.3999871358446443,-0.29998739831421034,-0.09998407473594395,2206580.0,1666.0,354414.0,6.2259955870817745,0.36072900836781213,7,25088.0,17.5,65024.0,98.0,1.0354257302672467,6,458.3195759999999,0.82255024676893,0.7389277389105144,0.32708050464110394,0.9867275181429607,195.0,109.0,2,37.5625,3.4375,10,4.541495857580731,3.75092936768114,4.355309734511347,1.0939824205470319,1.1428571319727885,1.0909090890200703,-1.6419225147242644,1.8053657724964152,-0.2703703703203017,-5.5189530646072535,-5.385416621788195,18,11
421,2,2026-02-02T12:41:22.748531,0.09017516217598873,0.05175320137185655,-0.07113906584261974,0.14587346619003697,0.010174548839964478,-0.004803717049569098,0.25876600685928275,-0.7113906584261974,0.4167813319715342,0.10174548839964478,-0.09607434099138194,0.39973481565349617,0.14959635896729942,0.0032482213114219593,-0.09951888585319041,-0.31573833155055553,-0.04622429676484341,-0.09015652697818194,0.042621350613452035,-0.29946632215479024,0.28019525755908126,0.13387136247399806,-0.06582560937677338,0.0,0.48636627799582977,-0.21495100794913988,-0.09999891638921422,0.3999815429090836,-0.2999808847507172,-0.09996948674010687,2131834.0,1618.0,343254.0,6.210660327337774,0.3986220188322011,7,25664.0,18.0,65024.0,100.25,1.0286077558804831,6,528.0666600000001,0.7868258314602787,0.7478448275700895,0.31184595104130763,0.9891381257250693,94.0,48.0,2,40.0625,3.6875,8,4.005805119972192,3.3048327134475057,3.8615044247770522,1.4834347532015997,1.6190476036281174,1.48051947795581,-0.5978044909284714,0.7897295429341478,-2.1407407403443073,-5.338447649575128,-5.177083290190973,14,6
421,3,2026-02-02T12:41:23.195427,0.17275905551053372,0.04226859326154233,-0.07129936646039645,0.2261184238675234,-0.016972166929159215,-0.004690008448458192,0.21134296630771163,-0.7129936646039644,0.6460526396214955,-0.16972166929159213,-0.09380016896916384,0.3756730162595789,0.12259838818620099,0.002869616302321013,-0.09828922750519814,-0.32095788721195495,-0.046633796071660155,-0.09165631785868283,0.04649721911148705,-0.29946632215479024,0.37120600614093857,0.24848706797955974,0.05293739946736801,0.0,0.2698398982245834,-0.24594859041763142,-0.0999990285573518,0.39997623652884423,-0.29997387285737315,-0.09994153963058766,1814436.0,1386.0,292514.0,6.202903108911027,0.4623609155015796,7,25792.0,18.0625,65024.0,100.75,1.03125,6,374.36256000000014,0.8643894356239576,0.8237885462373614,0.29116087468388435,0.9928735312521727,177.0,78.0,3,41.8125,3.875,7,1.7310724421636805,1.1486988846516073,1.616371681415214,1.5699797160137257,1.6785714125850335,1.5670995643859742,-2.898764071422339,-0.5892746282246236,-0.6037037035919066,-5.21209385905264,-5.020833291493057,19,12
421,4,2026-02-02T12:41:23.649742,0.10401729477444627,0.03980383553345476,-0.05383563389013828,0.2235168368496562,-0.05909786160214941,-0.004686610782696594,0.1990191776672738,-0.5383563389013828,0.6386195338561607,-0.590978616021494,-0.09373221565393187,0.35919627967996054,0.12728160648010914,0.002762425116010522,-0.09925413108033151,-0.21012646941438048,-0.03279871670642385,-0.05982878264989847,0.1886571406918823,-0.29946632215479024,0.33452033631424927,0.237400013926411,0.08836756798277856,0.0,-0.23396135844330967,-0.2499354991235698,-0.09999937428276949,0.39995727567315015,-0.2999398854802837,-0.09988801008500812,1776856.0,1397.0,286557.0,6.200707014660259,0.4206106772138071,7,24496.0,17.125,65024.0,95.6875,1.1479046836483155,7,445.90999199999965,0.8208739033083765,0.7528344671031103,0.27911551393237855,0.9891585648451451,237.0,134.0,3,45.875,4.375,7,1.4617435426997776,1.2509293679134816,1.3527876106188703,0.6937119675409485,0.7857142782312919,0.6904761892805602,-1.8276947302653206,-1.392298142976001,0.5074074073134431,-4.918772559625435,-4.6041666282986125,18,10
421,5,2026-02-02T12:41:24.228512,0.24983745596659943,0.05021812595569866,0.0297452592811107,0.21264566946318847,0.0031273908292054776,-0.004215718228923479,0.2510906297784933,0.297452592811107,0.6075590556091099,0.03127390829205477,-0.08431436457846958,0.39890202585511597,0.1496252448351585,0.0004352475937919922,-0.09958051299274723,0.34991344843540134,0.049987950834044365,0.09997553380672278,0.2586308175528557,-0.29946632215479024,0.3093889286476714,0.2041319867409906,0.09582253502590697,0.0,0.4465498439751858,-0.24594859041763142,-0.09999956979716448,0.39992853748965285,-0.2998296705769093,-0.09978551850770054,2032638.0,1622.0,330347.0,6.153039077091664,0.3917529772823644,8,16816.0,11.5625,65024.0,65.6875,1.2602952602952604,4,491.4264959999999,0.8028913764817567,0.7420718815910767,0.27114371836123047,0.9908937963158679,132.0,78.0,2,49.4375,5.0,5,3.294885760972157,3.342007434633642,3.2903982300870394,-4.4989858011866195,-4.511904718934241,-4.504328996529301,-1.1463099399481593,-1.9237508267507504,-1.4370370367709189,-4.661552343204655,-4.083333299305557,15,6
421,6,2026-02-02T12:41:24.749941,0.16810874213832144,-0.021826683216317033,0.003486302669894628,0.22324406674243177,0.009081200476277673,-0.004192873200285195,-0.10913341608158517,0.03486302669894628,0.6378401906926623,0.09081200476277672,-0.0838574640057039,0.13481404865033028,0.04789332597031015,0.0004590929009064604,-0.09993075369139505,0.3430737285079115,0.04890130573694069,0.09803843521506146,0.013986742224883645,-0.29946632215479024,0.3185552045316441,0.24180640253399005,0.09830624226570782,0.0,0.48732735046866776,-0.22694744351118848,-0.09999944929812994,0.3998804716806672,-0.29951754843862244,-0.09958942076378553,1621836.0,1298.0,263562.0,6.153527443258133,0.3015971742133911,8,20064.0,13.9375,65024.0,78.375,1.009331259720062,5,431.23594800000035,0.8088658550538022,0.7758620689487961,0.26427852793558304,0.9927885014503635,92.0,54.0,2,53.0,5.625,5,0.3507439153742259,0.3308550185566112,0.33530973451312596,-2.302907369828919,-2.2499999785714295,-2.30735930336388,-2.047366047597695,-2.3814298833412075,-2.1777777773744855,-4.404332126783876,-3.562499970312501,14,11
421,7,2026-02-02T12:41:25.239961,0.2595184542608071,0.04375461212673992,0.027451887527177712,0.2239630622153679,0.010168554913146,-0.004136391187944087,0.21877306063369958,0.2745188752717771,0.6398944634724798,0.10168554913146,-0.08272782375888174,0.37210805659387036,0.14109458601573804,0.0017219066037332178,-0.09975190286076617,0.3499635711027264,0.04999587260649583,0.09998970598869245,0.20829145222342238,-0.29946632215479024,0.32541054978225536,0.23717325412516008,0.09923782795629177,0.0,0.4886448823892204,-0.21728969585240426,-0.09999939876502942,0.39976054889622253,-0.29863477622036827,-0.09921473800972092,1804574.0,1450.0,292031.0,6.179391913872157,0.3654494485069292,8,16176.0,11.0,65024.0,63.1875,1.1712439418416802,3,446.5212839999998,0.8137369345463177,0.7800453514562348,0.25825438352898017,0.9968508341305031,89.0,49.0,2,57.8125,6.25,5,1.6603933147950534,1.743494423629786,1.594999999999294,-4.93171061524725,-5.047618999546486,-4.937229428680123,-1.8185436524223768,-2.783039242708493,-2.233333332919753,-4.056859202847033,-3.0416666413194453,18,15
421,8,2026-02-02T12:41:25.692904,0.2980883588949521,0.04345877526009501,0.009953601251483007,0.23481362578313755,0.016596503651680344,-0.00406772727092562,0.21729387630047506,0.09953601251483006,0.6708960736661074,0.16596503651680342,-0.08135454541851239,0.38297800806705906,0.12608266131026002,0.004190317588472832,-0.09963135332599164,0.3353937835189959,0.048025208602088566,0.09586177754598244,0.08970897591307,-0.29946632215479024,0.3684144128122307,0.2478676946685223,0.09976161132087787,0.0,0.4980625522628237,-0.1938104453293216,-0.09999977932071165,0.3997258473941562,-0.29793152921906185,-0.09850069910720374,1840002.0,1394.0,295347.0,6.229966784832756,0.3852805475497406,8,20624.0,14.25,65024.0,80.5625,1.0616907844630616,5,385.8654359999995,0.8595814136368929,0.8453608247248379,0.24951766841966092,0.9989407830383891,41.0,41.0,1,58.75,6.5,5,1.9142992288505922,1.2230483270238797,1.7417256637160434,-1.9242731575258671,-1.952380933786849,-1.9285714252319113,-2.726565328933157,-3.3654865283649196,-3.1222222216440327,-3.989169672209986,-2.833333309722223,19,16
421,9,2026-02-02T12:41:26.208091,0.27182586537302983,0.05068909551904073,0.032631370676807506,0.2300723642254069,0.011438907606691695,-0.003967504425066249,0.25344547759520364,0.32631370676807503,0.6573496120725911,0.11438907606691695,-0.07935008850132497,0.39938642070198216,0.14915229130692048,0.0030882210128483625,-0.09973003259422801,0.3499924920828296,0.04999888578244078,0.0999978797869268,0.2652039358727013,-0.29946632215479024,0.3530095441768482,0.23884658908038262,0.09989589172923234,0.0,0.49434964412956484,-0.2427200331125751,-0.09999985990121323,0.3996340931354716,-0.29717630665695705,-0.09714668392869001,2073278.0,1578.0,334002.0,6.2073819917246,0.3696789667848793,8,15008.0,10.3125,65024.0,58.625,1.2787682333873582,3,441.73786800000045,0.8387066694546346,0.8290258449139358,0.24329909590526266,0.9996808883173061,70.0,70.0,1,60.75,6.6875,5,3.586145113665425,2.933085501586144,3.452123893803782,-5.721433400907902,-5.702380898072564,-5.727272717355372,-1.8901516763637434,-3.7800577529439865,-2.585185184706447,-3.844765340184285,-2.6770833110243064,17,16
421,10,2026-02-02T12:41:26.687455,0.2831498759547153,0.04893153005776884,0.03702145553171526,0.23082725914377228,0.011847860436679495,-0.003794957881540136,0.24465765028884418,0.3702145553171525,0.6595064546964923,0.11847860436679494,-0.07589915763080271,0.39507793386172585,0.14474030860956313,0.0022818075594254307,-0.0995721832172584,0.3499999870296069,0.04999999797332806,0.0999999963466444,0.28056148170505646,-0.29946632215479024,0.3519710953382862,0.2437781728413972,0.09994818701399374,0.0,0.49530034552127244,-0.2395250038669899,-0.09999985304681296,0.39953318410957306,-0.29614712040203667,-0.09460310681473014,1927636.0,1479.0,311368.0,6.190860974795098,0.39273818778575975,8,10304.0,7.0,65024.0,40.25,1.3396739130434783,2,421.90764,0.8375447438019298,0.808333333316493,0.2380637044943332,0.9977760773971752,65.0,65.0,1,62.4375,6.875,5,2.5423558753545747,2.0130111522292733,2.4506194690254643,-8.901960784253538,-8.857142772789118,-8.909090893663912,-2.1870113769181123,-4.1290836143220435,-2.677777777281893,-3.7229241850376,-2.5208333123263897,18,16
421,11,2026-02-02T12:41:27.103476,0.08801586838206049,-0.13742115411130099,-0.0009350231343206992,0.23515899568293228,0.036418096388002766,-0.0035217751095724323,-0.6871057705565049,-0.009350231343206991,0.671882844808378,0.36418096388002763,-0.07043550219144865,-0.39817949769752947,-0.14977216495480386,-0.001982316916481981,-0.09971278925398903,0.3499999838965794,0.049999997717108995,0.09999999546376986,-0.11746072731518428,-0.29946632215479024,0.36872285700792845,0.24983191629093898,0.09997617484407062,0.0,0.4992594728117952,-0.01756361055690873,-0.09999810594505992,0.39944592174137705,-0.29526174989554865,-0.08990813860026203,1148494.0,876.0,188169.0,6.103523959844607,0.3727790346630039,8,10464.0,7.0625,65024.0,40.875,0.9172774869109948,2,300.881328,0.8600921467802575,0.8316582914363905,0.23223591361233156,0.9901497840973108,15.0,15.0,0,63.625,7.0,5,-3.041610526617332,-3.591078066580756,-3.0006637168128316,-8.793779580738379,-8.797618963832202,-8.800865785626206,-3.9987825143714404,-4.51760274744273,-3.603703703036351,-3.63718411289734,-2.4166666465277786,18,10
421,12,2026-02-02T12:41:27.556232,0.190745472060492,-0.03320518953176559,-0.007914170733875214,0.22295576221002894,0.05367470673431973,-0.003082365284535448,-0.16602594765882794,-0.07914170733875214,0.6370164634572256,0.5367470673431973,-0.061647305690708955,0.1728582097722591,-0.050134628339332105,0.0024054061472352133,-0.09990063689279004,0.34924749135019667,0.04988443139357006,0.0997870937978243,-0.1264414265928606,-0.29946632215479024,0.31860199770044945,0.23872710917135787,0.09998270592060782,0.0,0.4995749858380964,0.0,0.1,0.39936566031111925,-0.29474611423235764,-0.08151676094003975,1637434.0,1225.0,264384.0,6.193392943597192,0.3196602591698935,8,18416.0,12.75,65024.0,71.9375,0.9101040118870728,4,442.10192400000045,0.8088978461866134,0.7624999999841146,0.2298328352990196,0.9924024746909624,0.0,0.0,0,64.5625,7.0625,5,0.46253189232574154,-0.34758364309037415,0.3716814159290391,-3.417173766035043,-3.3809523487528357,-3.4220779161522463,-1.8847017362447986,-4.6778078615267855,-3.8814814807626883,-3.5694945822602926,-2.364583313628473,14,11
421,13,2026-02-02T12:41:28.084643,0.30144896400586585,0.05172181030596125,0.006904006559789247,0.23304455169978,0.05367470673431973,-0.0022128399603040406,0.25860905152980623,0.06904006559789247,0.6658415762850858,0.5367470673431973,-0.04425679920608081,0.3995163637233763,0.14897971873121876,0.0024887050243216024,-0.09809248934495653,0.3497391515526011,0.049960385472467145,0.09992623076118168,0.021309459808249404,-0.29946632215479024,0.36244621361342566,0.24526967332263683,0.09999045372166171,0.0,0.4995749858380964,0.0,0.1,0.3990983416418313,-0.2912080662651264,-0.06734763932885926,2089892.0,1568.0,337346.0,6.195099393501034,0.46785325152481305,7,17632.0,12.1875,65024.0,68.875,1.0142302716688227,4,412.6529880000002,0.8505378878741388,0.7965686274314566,0.22537594847057427,0.9889039245018835,0.0,0.0,0,67.0,7.375,5,3.7052145744342724,2.8401486986208035,3.6000884955736283,-3.9472616632593156,-3.9166666293650803,-3.952380945537003,-2.3255540715081477,-4.974933452006081,-3.8814814807626883,-3.3935018026039696,-2.1041666491319453,18,12
421,14,2026-02-02T12:41:28.595707,0.2784844860481869,0.048994325163120626,-0.015037525672034455,0.23357108582203628,0.05367470673431973,-0.001034834665574874,0.2449716258156031,-0.15037525672034455,0.6673459594915323,0.5367470673431973,-0.02069669331149748,0.3953459664068639,0.13952957265329063,0.0024269807832425117,-0.09897106820118633,0.30599399602065236,0.043055448206682306,0.08752232327408714,-0.11897306976102433,-0.29946632215479024,0.3634535807329934,0.24708527601982827,0.09999442493233984,0.0,0.4995749858380964,0.0,0.1,0.39891043784542923,-0.28920827402274507,-0.04557344906251849,1931566.0,1441.0,311853.0,6.193834915809693,0.43676808736657374,7,21472.0,14.9375,65024.0,83.875,0.916083916083916,5,396.35785199999987,0.8519634555746307,0.8145363408317159,0.22134194762864814,0.9875543027149767,0.0,0.0,0,68.3125,7.5,5,2.5705214574432693,1.6598513009609797,2.472079646016605,-1.3509127788955315,-1.2976190352607717,-1.3549783526320724,-2.5694932331482816,-5.243866662179015,-3.8814814807626883,-3.2987364597121034,-1.999999983333334,18,11
421,15,2026-02-02T12:41:29.068128,0.2973583205845083,0.05223014326414926,0.0036565465913779636,0.22901359000766738,0.05367470673431973,0.00046660532067440016,0.26115071632074627,0.036565465913779634,0.6543245428790497,0.5367470673431973,0.009332106413488002,0.3999050857158923,0.1495732446588932,0.004643417874168681,-0.09850369242412127,0.3141167709473569,0.045569869565646653,0.08982729880765752,0.03885298944002493,-0.29946632215479024,0.3524610502185701,0.2350341190130416,0.09999628983856956,0.0,0.4995749858380964,0.0,0.1,0.3987300472385158,-0.2880471024994907,-0.01652220341014792,2203530.0,1615.0,353172.0,6.239254527538989,0.45560963778410324,7,21312.0,14.6875,65024.0,83.25,1.0260482846251588,4,451.81989599999974,0.8380899932174979,0.7576470588057024,0.21828765970026076,0.9867029152350253,0.0,0.0,0,69.375,7.5625,5,4.519637072499174,3.2769516725579035,4.300353982298982,-1.4590939824106892,-1.5357142710884362,-1.463203460669778,-1.7392231135120964,-5.447485721658801,-3.8814814807626883,-3.2220216583234498,-1.9479166504340284,18,6
421,16,2026-02-02T12:41:29.295413,0.026551120606309583,-0.13747475198178122,-0.08603908479025246,0.23709806592776222,0.013563509919362317,0.0020698013117368985,-0.687373759908906,-0.8603908479025245,0.6774230455078921,0.13563509919362315,0.04139602623473797,-0.3999999405108279,-0.1499999902098695,0.0019287711508078316,-0.09928374503772336,-0.34999973895381414,-0.049999966353181574,-0.0999999253387101,-0.2997763893999507,-0.29946632215479024,0.378194079406633,0.24996871265024592,0.09999798706684321,0.0,0.4947509455511401,-0.22153739817319518,-0.09999959119667823,0.39858503982015925,-0.2880471024994907,0.015710123089542293,427734.0,335.0,69172.0,6.183629214132886,0.418577562676878,9,34416.0,24.125,65024.0,134.4375,0.21055939660590822,9,244.71849599999996,0.8787397216343211,0.8706896551536489,0.21370147769643585,0.9968771549859328,68.0,51.0,1,70.125,7.5625,5,-8.207163948054337,-8.618959107005674,-8.266017699111387,7.400946585480725,7.452380881405896,7.400432887618297,-4.839543472329411,-5.753230984750286,-2.6222222217366253,-3.167870033813812,-1.9479166504340284,19,2
421,17,2026-02-02T12:41:29.725167,0.14722325726969623,0.04419274054123129,-0.07939896424599073,0.2356941278482004,-0.05483350965858418,0.004235282565357638,0.22096370270615642,-0.7939896424599072,0.6734117938520012,-0.5483350965858418,0.08470565130715277,0.3722358769666975,0.1280499927399744,0.0034968413404987916,-0.09808400699756668,-0.3483711101471325,-0.049800334971593675,-0.09953247387845915,-0.10393551928000053,-0.29946632215479024,0.3722764600288363,0.24863299371418934,0.09999874731812311,0.0,-0.17228070136145862,-0.24844554659073503,-0.09999888950370782,0.3982116547315231,-0.282053489704089,0.04491036754170555,1804906.0,1399.0,290376.0,6.215754745571259,0.4680772404443831,6,27952.0,19.5625,65024.0,109.1875,0.9277188328912467,6,370.9651440000002,0.8663530362004573,0.8343685300034293,0.21014415279319287,0.995254281414325,229.0,91.0,3,71.75,7.8125,4,1.6627726973022916,1.2695167285065498,1.5217699115037513,3.030425963468354,3.1071428275510202,3.0281385228949977,-2.9496235923728085,-5.990385820196595,0.3592592591927299,-3.0505415140429304,-1.7395833188368062,19,12
421,18,2026-02-02T12:41:30.217949,0.16373800539462302,0.05205322415071739,-0.045849278440040026,0.22590768685333756,-0.025570527907658066,0.00623526896811686,0.26026612075358696,-0.45849278440040026,0.6454505338666788,-0.25570527907658064,0.1247053793623372,0.39996799185554255,0.14991361332842584,0.004215188152285843,-0.09942784278016495,-0.20018801283007076,-0.029139147267395485,-0.05697726517988656,0.27139917293014987,-0.29946632215479024,0.34902059108746397,0.2220476759045578,0.09999903357542896,0.0,0.15742765183491866,-0.24961860997906557,-0.09999925947138666,0.3977195873364836,-0.2757362611091981,0.06688949718416891,2279370.0,1701.0,365842.0,6.2304765445192185,0.40731030269514507,7,24432.0,17.0,65024.0,95.4375,1.2994652406417113,6,473.5922399999996,0.8343672335097128,0.8286852589476358,0.20819835119868751,0.9998693476114208,192.0,110.0,2,73.4375,8.0,3,5.06316830547795,4.076208178059831,4.8609734513252825,0.6504394861348856,0.6666666603174597,0.647186146065478,-1.413289820147717,-6.120105840016938,-0.3259259258655692,-2.9287003588962452,-1.5833333201388895,17,12
421,19,2026-02-02T12:41:30.622798,0.058345864876571035,-0.12582304006510334,-0.06400262983836147,0.23369279553517652,0.009841178345278145,0.007303980680099346,-0.6291152003255166,-0.6400262983836147,0.6676937015290758,0.09841178345278145,0.1460796136019869,-0.31800126484982316,-0.13850774197192217,0.003955466272625635,-0.09912176332741213,-0.31045224240490876,-0.044058217549016544,-0.08863766166526768,0.15405288247886587,-0.29946632215479024,0.36160173581787186,0.24902672081817234,0.09999928739795907,0.0,0.4842235282446181,-0.24875451945280216,-0.09999986489093732,0.39673216177631454,-0.26732019832299186,0.08123513210239004,1421520.0,1089.0,228351.0,6.2251533822930485,0.42881221617314186,7,25552.0,17.75,65024.0,99.8125,1.1134969325153374,5,359.59255199999956,0.8493705753832814,0.8202247190826916,0.20591324066801997,0.9938584128025347,98.0,94.0,1,75.9375,8.1875,3,-1.084883754264177,-1.6115241634190043,-1.2226991150437068,1.4077079107409893,1.380952367800453,1.404761902329416,-3.1198719755808644,-6.272446440501041,-2.0666666662839503,-2.748194943864119,-1.4270833214409728,19,15
421,20,2026-02-02T12:41:31.101825,0.2735929501416038,0.051085734221951756,0.013095938871863897,0.2304669108278196,0.012385899258467179,0.00824173829518176,0.25542867110975875,0.13095938871863896,0.6584768880794846,0.12385899258467178,0.1648347659036352,0.39982830543058373,0.14963890402405744,0.004362622304766518,-0.09981246147566249,0.20952008213697867,0.03210987674920224,0.0601060073575322,0.299102939171176,-0.29946632215479024,0.3586048227082416,0.23600266381354623,0.09999947054863592,0.0,0.4912153499099612,-0.19740017939024748,-0.09999933403311669,0.3963272202141143,-0.25620700514780204,0.08974714701182696,2162170.0,1624.0,346863.0,6.233498528237373,0.3514424887219724,8,22448.0,15.5,65024.0,87.6875,1.6504065040650406,5,449.518607999999,0.8454158301552904,0.7663157894575512,0.2036851202327626,0.9887201572230871,82.0,42.0,2,76.75,8.375,3,4.223217613163702,3.36059479522671,4.021194690263707,-0.6910074374530697,-0.7619047546485268,-0.6948051936020694,-1.7736735326686268,-6.420987703824022,-2.362962962525377,-2.689530683978678,-1.2708333227430562,18,12
421,21,2026-02-02T12:41:31.368063,0.13450619544764436,-0.1374631302643448,-0.0773552564498783,0.2365696468991933,0.01214659650260043,0.009141144186454977,-0.687315651321724,-0.773552564498783,0.675913276854838,0.1214659650260043,0.18282288372909952,-0.3999859945042471,-0.14999807981113902,0.004406021836039083,-0.09994906894183182,-0.19502966234582775,-0.024936680520219336,-0.05549742955864994,-0.2845267111669051,-0.29946632215479024,0.3754613234835141,0.2499311826816206,0.09999963186652987,0.0,0.495792484963641,-0.23698615904910886,-0.09999984817740402,0.3956046531865465,-0.24170296947056052,0.09451484898652948,808756.0,619.0,129725.0,6.23438812873386,0.2862327479892252,10,24400.0,16.875,65024.0,95.3125,0.6368312757201646,5,271.04827200000113,0.8726603801110802,0.8645598193935765,0.20095964609383227,0.9966604068568046,62.0,62.0,1,78.0,8.5625,3,-5.47644984662977,-5.9795539027900055,-5.586681415926732,0.628803245431854,0.5476190424036275,0.625541124457937,-4.445385149035106,-6.602685858620609,-2.7333333328271605,-2.599277976462615,-1.1145833240451393,9,13
421,22,2026-02-02T12:41:31.782832,0.22878824388345034,0.046193884304607045,-0.0660252834873644,0.23525610631044278,0.005939597125573747,0.010090359410709376,0.2309694215230352,-0.6602528348736441,0.6721603037441223,0.05939597125573747,0.2018071882141875,0.38870808279464863,0.13505002964143842,0.00414849584867088,-0.09988781584127382,-0.34070573586265307,-0.0485086699487701,-0.09733060931384183,0.1737792525490637,-0.29946632215479024,0.37124372647555054,0.24713750777859436,0.09999973687335256,0.0,0.46972430801304954,-0.24094124348171475,-0.09999952415107845,0.3940910033419165,-0.2230597574444885,0.09709940236365754,1869144.0,1421.0,300066.0,6.229109595888905,0.325731511396772,8,26656.0,18.5,65024.0,104.125,1.1322709163346614,6,395.75038799999993,0.8644574243985946,0.8481973434374156,0.1984410664243214,0.9984621593160687,116.0,67.0,2,80.0625,8.75,3,2.1231545451937817,1.4739776950302987,1.9505309734504643,2.154158214995577,2.0952380752834463,2.1515151477895835,-2.5785870056020093,-6.770591057984533,-1.7333333330123455,-2.450361009061111,-0.9583333253472227,19,16
421,23,2026-02-02T12:41:32.154520,0.09208600619730518,-0.12966455147749364,-0.07808557691033553,0.2355252325379106,0.05367470673431973,0.013302615093422216,-0.6483227573874681,-0.7808557691033553,0.6729292358226018,0.5367470673431973,0.2660523018684443,-0.34548128808193673,-0.13830054197592154,0.002657672938402697,-0.09847018119210232,-0.3474923040906381,-0.049592986228410386,-0.0992801159851265,-0.07069821846280185,-0.29946632215479024,0.3707126642173502,0.24936591908880687,0.09999980385324922,0.0,0.4995749858380964,0.0,0.1,0.39100410055988943,-0.1706574937220739,0.09847568109765498,1390424.0,1090.0,224314.0,6.198560945817024,0.4567255217016226,8,27632.0,19.1875,65024.0,107.9375,0.9519650655021834,6,345.25814400000013,0.8635080214003907,0.8333333333159723,0.19623777122867944,0.9945787478622079,0.0,0.0,0,83.0,9.125,2,-1.3077430266891243,-1.6022304831224703,-1.4013274336276984,2.814063556438039,2.7499999738095235,2.811688306819587,-3.3344589216565166,-6.917477306436499,-3.8814814807626883,-2.238267146398363,-0.6458333279513893,19,10
421,24,2026-02-02T12:41:32.590969,0.33259512458339124,0.02467158538598434,0.028601723123448466,0.23623163837648337,0.030904945270519554,0.014851652207473674,0.1233579269299217,0.28601723123448464,0.6749475382185239,0.3090494527051955,0.29703304414947346,0.34002742828813787,0.07235019810987615,0.003933905338171185,-0.09951659308596998,0.34612118180510915,0.04945910987163026,0.09890179501904374,0.25152630421753436,-0.29946632215479024,0.37483568358899433,0.24897375961628784,0.0999998573954668,0.0,0.4990405094575336,-0.07954698584717604,-0.09999937868417731,0.389438216544853,-0.13616570010148432,0.09920158685087178,1748204.0,1319.0,280849.0,6.2247114997739,0.39886030429336905,8,19632.0,13.5625,65024.0,76.6875,1.2431668237511782,4,361.36584000000084,0.8713612005057186,0.83399999998332,0.19384686064304826,0.994158706240333,22.0,22.0,0,84.125,9.3125,2,1.2563999655991989,0.5260223047838262,1.1002212389375663,-2.594996619319845,-2.607142832312926,-2.599567095065685,-3.0933257480399092,-7.076871239215956,-3.4740740734307267,-2.1570397096339065,-0.4895833292534726,19,6
421,25,2026-02-02T12:41:33.042809,0.30297235399367184,0.049814931516040176,0.03133746550746049,0.23159155135072215,0.014730587917907201,0.017181089035222204,0.24907465758020086,0.31337465507460494,0.6616901467163491,0.147305879179072,0.34362178070444405,0.39771111634254613,0.14585373797627366,0.003552957846133794,-0.09988627300362801,0.34350498495806,0.0492287288487088,0.09816062788033182,0.2851740028448476,-0.29946632215479024,0.35656186365148107,0.2439123455863514,0.0999998803950531,0.0,0.4975815865783989,-0.21245854429419056,-0.0999998088193203,0.3870411068211724,-0.08221847668823001,0.09958253144687874,1981284.0,1492.0,318693.0,6.216904670011578,0.3264148479434465,8,20016.0,13.75,65024.0,78.1875,1.3675527039413382,4,421.1704199999998,0.842872326652961,0.7517084282288905,0.1925277515720398,0.9867870975644522,47.0,47.0,1,85.5625,9.5625,2,2.9268411547169877,2.133828996084216,2.7747345132731085,-2.3353617308834664,-2.428571405442178,-2.339826835775192,-2.1980476044613733,-7.164811785322822,-3.011111110553498,-2.053249095990434,-0.28124999765625036,18,11
421,26,2026-02-02T12:41:33.431956,0.21533905633012126,-0.09841281321411045,0.02725290743589627,0.23630785892317813,0.03321049863311736,0.019647024332558133,-0.49206406607055225,0.2725290743589627,0.6751653112090804,0.33210498633117363,0.3929404866511626,-0.17455625204954073,-0.07105963291725399,0.0022951746093607776,-0.09985426382185392,0.349997859447885,0.04999973297434489,0.09999939582240047,0.2060929058328362,-0.29946632215479024,0.374765205700919,0.24966001573223848,0.09999990873867703,0.0,0.4989668137390894,-0.05377639498092501,-0.09999808348677319,0.38353882255743,-0.02183631364655691,0.0997819160188117,1507628.0,1207.0,243514.0,6.191134801284526,0.3388227144547172,9,14080.0,9.5625,65024.0,55.0,1.1684414327202324,3,324.42102,0.8712168127360067,0.827830188659721,0.19049924702934382,0.9914987879290847,24.0,19.0,0,87.25,9.8125,2,-0.4677636671157535,-0.514869888427987,-0.5517699115041806,-6.348884381295816,-6.416666605555557,-6.3549783439740635,-3.6463919156217983,-7.300045331346857,-3.4370370364005485,-1.9314079408437488,-0.07291666605902808,19,6
421,27,2026-02-02T12:41:34.002044,0.2985156110997691,0.05019349576121268,0.033403166804969533,0.2170246846717458,0.01822794550966532,0.021349589685856193,0.2509674788060634,0.3340316680496953,0.6200705276335594,0.1822794550966532,0.4269917937171238,0.39851486207970144,0.14903487656021822,0.0012866147865436418,-0.09958578145549997,0.34999999983240665,0.04999999997523607,0.09999999995287744,0.19580947766290413,-0.29946632215479024,0.3156267420947176,0.2137864958358656,0.09999990837034246,0.0,0.49832888649279933,-0.17725186209339147,-0.09999975025490067,0.37759521196171747,0.024942289930079835,0.09988612809105413,2011532.0,1571.0,325993.0,6.1704760531667855,0.3911197157339702,8,7088.0,4.6875,65024.0,27.6875,1.1559970566593083,1,482.83026000000086,0.8068954109588384,0.7584650112695606,0.19052945643863056,0.9909758929331908,37.0,37.0,1,89.4375,10.0,2,3.143622968207784,2.8680297395104057,3.097743362830488,-11.076402974908206,-11.059523704195014,-11.084415565221791,-1.2749961075935508,-7.298031372070381,-3.1962962957043892,-1.7734657026906384,0.0833333326388886,14,6
421,28,2026-02-02T12:41:34.517981,0.3181748578627872,0.044345660735068834,0.019021764502999923,0.21817793112794262,0.05367470673431973,0.024638066096136526,0.22172830367534416,0.19021764502999922,0.6233655175084075,0.5367470673431973,0.4927613219227305,0.3768887723006337,0.13989879663760074,0.0009695523558085046,-0.09947856012313636,0.3499985499291067,0.049999762943758,0.09999959077759785,0.14435022488177787,-0.29946632215479024,0.3079656272568204,0.22623052593925708,0.09999990539385321,0.0,0.4995749858380964,0.0,0.1,0.35991629007743997,0.1260554995895184,0.09994055693477336,1818122.0,1443.0,294959.0,6.163982112768215,0.40265659687300015,8,13792.0,9.5,65024.0,53.875,1.1049004594180705,4,467.8835039999989,0.8020116709698761,0.7642276422608897,0.19076921249402795,0.9984930653788575,0.0,0.0,0,93.625,10.4375,2,1.7574893214458505,1.6784386615540479,1.7245575221231306,-6.5436105476231,-6.476190414512473,-6.549783538441933,-1.4987499398954136,-7.282047645699706,-3.8814814807626883,-1.4711191325118274,0.44791666293402754,14,12
421,29,2026-02-02T12:41:35.166401,0.12323168011709953,0.05055136895057958,-0.005286809671491224,0.028562947444258975,0.05367470673431973,0.02473851712371592,0.2527568447528979,-0.05286809671491224,0.08160842126931137,0.5367470673431973,0.4947703424743184,0.39726390841018244,0.14801426536404413,-0.00020469480915008453,-0.09844275306142186,0.30599399602065236,0.04378643669135704,0.08752232327408714,-0.009724218657697603,-0.29946632215479024,0.061008500902199794,-0.16955941742390332,0.09999986589479509,-0.0054369476672470034,0.4995749858380964,0.0,0.1,0.3265977725666967,0.16200235124441156,0.09996897375131168,1968794.0,1532.0,320654.0,6.1399327624168105,0.4576209409188768,7,21472.0,14.875,65024.0,83.875,0.993514915693904,6,623.1663240000012,0.7153720726151596,0.6945606694415364,0.19338598011909902,0.9918374424395293,0.0,0.0,0,98.125,10.625,2,2.837327638104317,2.5055762079455777,2.861504424777495,-1.3509127788955315,-1.3571428442176878,-1.3549783526320724,0.825843173529083,-7.107596586995673,-3.8814814807626883,-1.1462093854540003,0.6041666616319442,6,6
421,30,2026-02-02T12:41:35.665927,0.3157009890525665,0.051193371719351656,-0.005748082483248693,0.23259534707735371,0.05367470673431973,0.025668917338470557,0.2559668585967583,-0.057480824832486926,0.664558134506725,0.5367470673431973,0.5133783467694111,0.3986385603017928,0.1475221663708207,0.0028832650281473216,-0.09898119326398419,0.33891818937761875,0.0484370729952593,0.09686079767922459,-0.0726372669505082,-0.29946632215479024,0.36024445616606515,0.24523120582940303,0.09999988561294118,0.0,0.4995749858380964,0.0,0.1,0.3122441955290835,0.20129012226206205,0.09998380698061256,2017610.0,1520.0,325254.0,6.203182743332903,0.43627108808847564,7,20416.0,14.125,65024.0,79.75,0.9505941213258287,5,412.92609600000014,0.8475445367757625,0.8009592325947013,0.19219320448343996,0.9880945286550006,0.0,0.0,0,99.5,10.875,2,3.1871828684457193,2.3940520443871693,3.0650442477862545,-2.064908722095572,-2.071428551700681,-2.0692640656809282,-2.3214656283949884,-7.1871149096940625,-3.8814814807626883,-1.0469314071863312,0.8124999932291666,18,11
421,31,2026-02-02T12:41:36.095740,-0.023953086007007587,-0.13752614264234284,-0.07329548840826598,0.08019793757690197,0.010333876417529829,0.024511260513232727,-0.6876307132117141,-0.7329548840826597,0.2291369645054342,0.10333876417529828,0.4902252102646545,-0.3998520410201188,-0.14991799309972714,-0.001975918815293439,-0.09889592106635568,-0.11358922292224294,-0.017657919690954618,-0.032151273753163394,-0.2911884299285899,-0.29946632215479024,0.005991531670043623,0.04979714919790444,0.09999983600091486,-0.01850983186989126,0.4886448823892204,-0.24819821866686473,-0.09999987701390477,0.23461800649026304,0.24795890824782507,0.09999154894357781,973240.0,821.0,159452.0,6.10365501843815,0.4403114882487448,8,23968.0,16.6875,65024.0,93.625,0.5793930839802399,6,554.513916000001,0.7014979949569223,0.6813953488213629,0.194895253087085,0.9945876011800295,89.0,89.0,1,104.6875,11.3125,2,-4.297623484218366,-4.102230482890128,-4.271327433626428,0.33671399594092827,0.3690476155328792,0.33333333275613225,-0.20188748499970224,-7.006978456208696,-2.233333332919753,-0.6723826709946695,1.1770833235243054,3,6
421,32,2026-02-02T12:41:36.546811,0.30603504781663515,0.05172635098410932,0.03019994362391236,0.23096175098837693,0.010601403670284696,0.024228869883632254,0.2586317549205466,0.30199943623912356,0.6598907171096484,0.10601403670284695,0.48457739767264507,0.39921605037564534,0.14769834786017752,0.004281311994687212,-0.09827908135608199,0.3386797277474203,0.0484370729952593,0.09679321022624347,0.29693127884235526,-0.29946632215479024,0.35715991027821076,0.23977690483774883,0.09999985890342168,0.0,0.49054631350339445,-0.24739474096880978,-0.09999987348680274,0.22246403388368896,0.2527012317423387,0.09999558951724458,2056168.0,1524.0,329946.0,6.231831875519024,0.4626591351735353,7,20432.0,14.125,65024.0,79.8125,1.5270541082164328,5,438.76535999999896,0.8436050066658354,0.7754677754516535,0.19376713042143046,0.9907009777799569,84.0,84.0,1,105.3125,11.375,2,3.463520912765282,2.4312267655733053,3.272654867255189,-2.0540906017440563,-2.071428551700681,-2.0584415548771577,-1.934650299111595,-7.0821865837802465,-2.325925925495199,-0.627256317236638,1.229166656423611,18,6
421,33,2026-02-02T12:41:37.364601,0.09239516920914602,-0.1140898113744431,0.00609279950547465,0.21805353121445445,-0.009536752497819568,0.020884452825763053,-0.5704490568722155,0.0609279950547465,0.6230100891841556,-0.09536752497819567,0.417689056515261,-0.24987335686126572,-0.0966720226108064,-0.008940319621270117,-0.09989705300704343,0.3499832820024787,0.04999743624942238,0.09999527735332658,0.01281271388573536,-0.29946632215479024,0.2929149194598149,0.246934963376008,0.09999985792693838,0.0,0.3235723813260239,-0.24991325865708072,-0.09999978353851441,0.11738342994711047,0.2737200013701233,0.09999769825578458,1470668.0,1180.0,246723.0,5.960806248302752,0.321432822311392,8,15600.0,10.75,65024.0,60.9375,1.0085470085470085,4,398.0474519999989,0.793364177828692,0.7027777777582561,0.1938188567216832,0.9475383140774645,168.0,130.0,2,109.8125,11.75,2,-0.7326491414155367,-0.7657992564344062,-0.4097787610617656,-5.321162947901818,-5.285714235374151,-5.326839817615862,-2.5441998199784304,-7.078738166062342,-0.770370370227709,-0.3023465701788111,1.5416666538194443,10,6
421,34,2026-02-02T12:41:37.937443,0.2793288693541166,0.04860297541413849,0.026606360863349554,0.2186494344321628,0.009201475168104732,0.01795189481004152,0.24301487707069241,0.26606360863349554,0.6247126698061795,0.09201475168104732,0.3590378962008304,0.38627366953381315,0.14059989714354884,0.00031084745953384273,-0.09817903363528961,0.3499076449129898,0.04998471215162339,0.09997389259067463,0.2245416440069534,-0.29946632215479024,0.3055338944027853,0.23242961532786977,0.09999985684616913,0.0,0.4868554781196322,-0.22526270182866823,-0.09999943622472245,0.03958123759828512,0.2824126615491862,0.0999987987710148,1855308.0,1447.0,301652.0,6.150491294604379,0.4655098248686695,6,16864.0,11.6875,65024.0,65.875,1.193894389438944,4,457.35848400000066,0.800535685699992,0.740291262117954,0.19387569437801822,0.9805161300935881,93.0,53.0,2,112.625,12.0,2,2.023994495886103,1.715613382740184,2.020707964600876,-4.466531440132073,-4.392857101020409,-4.471861464117989,-1.6563101195125187,-7.074948991499458,-2.159259258859396,-0.09927797826766932,1.7499999854166666,15,6
422,1,2026-02-02T12:42:59.167671,0.08959212059132843,0.05192212425283678,-0.06792985232227725,0.1801293500953072,-0.027929878399482546,-0.004916351701375345,0.2596106212641839,-0.6792985232227724,0.514655285986592,-0.27929878399482544,-0.0983270340275069,0.39990914528278204,0.14983447419359194,0.003996559823471226,-0.09977422852438074,-0.279414472067717,-0.04076869712477019,-0.07972097086650383,0.05258974896481788,-0.29946632215479024,0.33650792699566007,0.2319352114600952,-0.09473589928926056,0.0,0.13198471608042273,-0.24958931029373438,-0.0999991985046954,0.3999871358446443,-0.29998739831421034,-0.09998407473594395,2206580.0,1666.0,354414.0,6.2259955870817745,0.36072900836781213,7,25088.0,17.5,65024.0,98.0,1.0354257302672467,6,458.3195759999999,0.82255024676893,0.7389277389105144,0.32708050464110394,0.9867275181429607,195.0,109.0,2,37.5625,3.4375,10,4.541495857580731,3.75092936768114,4.355309734511347,1.0939824205470319,1.1428571319727885,1.0909090890200703,-1.6419225147242644,1.8053657724964152,-0.2703703703203017,-5.5189530646072535,-5.385416621788195,18,11
422,2,2026-02-02T12:42:59.703911,0.08357528895012997,0.051951692127323736,-0.07251502289014804,0.13521582321702072,0.015521782734842643,-0.004915714905228691,0.25975846063661867,-0.7251502289014803,0.3863309234772021,0.15521782734842643,-0.09831429810457382,0.3996742243181847,0.14940401333036185,0.0038079812469839756,-0.09876173810770554,-0.3221388558204523,-0.046633796071660155,-0.0919956623394946,0.022841910411056897,-0.29946632215479024,0.266229577941227,0.11528632915009776,-0.07030266556985595,0.0,0.4971964856550851,-0.20397631571432695,-0.09999967558019213,0.39998402464218796,-0.29998601486529514,-0.09996948674010687,2117472.0,1597.0,340313.0,6.222130803113604,0.4460800942551222,7,25824.0,18.0625,65024.0,100.875,1.0152574698029244,6,534.6824999999997,0.7802754630177057,0.7505376343924616,0.313098899608449,0.9981105287690119,51.0,44.0,1,39.0625,3.5,10,3.9028753260897924,3.109665427220291,3.731371681414278,1.5916159567167574,1.6785714125850335,1.5887445859935152,-0.4987649699852199,0.873259391723673,-2.937037036493141,-5.410649815587978,-5.33333328888889,14,15
422,3,2026-02-02T12:43:00.254809,0.1182194536436389,0.05179923255944743,-0.05889618239509184,0.16045898437574713,0.011412502653186357,-0.004871812215969765,0.25899616279723714,-0.5889618239509183,0.45845424107356325,0.11412502653186356,-0.0974362443193953,0.39981406019799826,0.14963890402405744,0.0033678074135413344,-0.09951357267223138,-0.2995726469375618,-0.044058217549016544,-0.08551179439490963,0.233563609216579,-0.29946632215479024,0.29015854460859125,0.11196496346240206,-0.003016668676350556,0.0,0.49088691288591746,-0.2395250038669899,-0.09999970011615193,0.3999786756550352,-0.2999808847507172,-0.09994153963058766,2156608.0,1624.0,347106.0,6.213110692410964,0.399172498318295,7,25360.0,17.75,65024.0,99.0625,1.2083333333333333,6,535.8010680000001,0.7918941667258189,0.7750511247285266,0.3004526376392467,0.9978217133226515,83.0,65.0,1,41.0625,3.6875,9,4.18335578935268,3.36059479522671,4.031946902653083,1.2778904665228,1.380952367800453,1.2748917726841695,-0.48201994004760035,0.030175822499230943,-2.344444444010288,-5.266245483562278,-5.177083290190973,14,11
422,4,2026-02-02T12:43:00.784753,0.19178750766543787,0.05179996079543334,-0.019791322117849914,0.19284048361351147,0.013420978182394551,-0.004799321474371135,0.2589998039771667,-0.19791322117849913,0.5509728103243186,0.1342097818239455,-0.0959864294874227,0.399338771072519,0.14938148726457612,0.002898047968112595,-0.09830720434935016,-0.004259424590965691,-0.0005952099771185642,-0.0008657792326503626,0.27428369664327945,-0.29946632215479024,0.294726991451137,0.17295011670650126,0.056505910822249816,0.0,0.49434964412956484,-0.19000857566391485,-0.09999908335534131,0.3999682799715253,-0.2999603687130872,-0.09988801008500812,2068056.0,1595.0,333370.0,6.203485616582176,0.4618282013966574,7,23488.0,16.3125,65024.0,91.75,1.3105998356614625,5,511.12643999999955,0.7943480946562129,0.7558685445831955,0.290396484523436,0.9896545774633336,70.0,40.0,2,43.8125,4.125,8,3.5487200068798876,3.091078066627223,3.424159292033883,0.012170385395455239,0.011904761791382544,0.008658008643015943,-0.8514005986749469,-0.6402339382816387,-2.585185184706447,-5.067689527026939,-4.812499959895835,14,6
422,5,2026-02-02T12:43:01.213841,0.22983104187138395,-0.015813829997576148,0.005317993704618785,0.23440737045585333,0.013086874444519414,-0.004500946955513264,-0.07906914998788074,0.05317993704618785,0.669735344159581,0.13086874444519414,-0.09001893911026528,0.1756778150070796,0.035029268346031886,0.0021473935850100313,-0.09928351007026988,0.33938037963507145,0.0486100491142782,0.09699179398979361,0.020033085721543716,-0.29946632215479024,0.3724555657945196,0.24927317199956092,0.09269611075090622,0.0,0.4947509455511401,-0.1938104453293216,-0.0999992962329852,0.39995489842689447,-0.2999178362134686,-0.09978551850770054,1638648.0,1288.0,264806.0,6.188107520222352,0.4185940214409855,8,20384.0,14.0625,65024.0,79.625,1.013375295043273,4,349.82389199999983,0.8666886998565403,0.8226164079640218,0.2754546944087602,0.9925670492420589,68.0,41.0,2,46.25,4.5625,6,0.4712324054696792,0.23791821559127072,0.3903539823007122,-2.0865449627986035,-2.1309523606575973,-2.0909090872884697,-3.266109400708669,-1.6363526151809098,-2.6222222217366253,-4.891696747370616,-4.447916629600695,19,12
422,6,2026-02-02T12:43:01.630302,0.14581307645362754,-0.09027024951299498,-0.0030919705172354904,0.23601651945840343,0.010314636472699297,-0.00448943966672655,-0.45135124756497486,-0.030919705172354903,0.6743329127382955,0.10314636472699296,-0.089788793334531,-0.11313281125247694,-0.08333463665132201,0.002537447292204243,-0.09966041076806147,0.3475851575141557,0.04966333883379003,0.09931643326919998,-0.07570934046917575,-0.29946632215479024,0.37413566856646574,0.24951617499429904,0.09862538972044244,0.0,0.4877824928911095,-0.21495100794913988,-0.0999993963398946,0.3999483604415869,-0.299875374836857,-0.09958942076378553,1532326.0,1195.0,247305.0,6.196097935747357,0.38116817448178913,8,19280.0,13.3125,65024.0,75.3125,0.9484126984126984,4,336.2149559999999,0.8699441142900486,0.8376753506846157,0.26270062253211157,0.9995382762559103,91.0,48.0,2,47.1875,4.8125,6,-0.29075767565860944,-0.6263940519863955,-0.38402654867239644,-2.8329952670531915,-2.8452380681405907,-2.837662332748637,-3.4698359875045175,-2.48662350677689,-2.1962962958895744,-4.824007216733569,-4.239583298003473,19,12
422,7,2026-02-02T12:43:02.401771,0.07161391646710272,0.010528351417004487,0.015320380226745582,0.1359080049952844,-0.05737886137123188,-0.0037549083364164255,0.05264175708502243,0.1532038022674558,0.3883085857008126,-0.5737886137123188,-0.0750981667283285,0.2663094641852916,0.08158373127065786,-0.0024060775444598886,-0.09999113765167143,0.3496065953616891,0.04994339095726621,0.09988872444312268,0.10676604949036882,-0.29946632215479024,0.16343233060614354,0.14486553586251252,0.09884908322881814,-0.08542834692803641,-0.23396135844330967,-0.24987438480493146,-0.0999995261795333,0.3999245613581353,-0.2997902320485885,-0.09921473800972092,1684956.0,1328.0,276456.0,6.0948433023699975,0.19878917225311363,8,17936.0,12.375,65024.0,70.0625,1.0744336569579287,4,523.8016080000002,0.7433906471546491,0.6029776674788343,0.26136009491880474,0.9379688616071429,237.0,125.0,2,49.8125,5.125,4,0.8031132643407387,0.6096654274526325,0.9058407079642009,-3.741717376580516,-3.7380952024943324,-3.7467532402653627,-0.6616525747512465,-2.5759919547517134,0.5074074073134431,-4.634476530949836,-3.9791666335069453,10,11
422,8,2026-02-02T12:43:02.770217,0.022634165905946708,-0.1297711749911486,-0.07553095852090796,0.23448446979631937,-0.0007933869698795917,-0.003088363627918332,-0.6488558749557429,-0.7553095852090796,0.6699556279894839,-0.007933869698795917,-0.061767272558366636,-0.34219017412208974,-0.14226548843504452,0.003707944171097939,-0.09976684830297179,-0.2076891177595511,-0.029139147267395485,-0.059129420478819174,-0.2201226262265914,-0.29946632215479024,0.3655931311664613,0.24934101086661753,0.0996161881621247,0.0,0.4073316863665545,-0.24594859041763142,-0.0999995585342217,0.399911255817641,-0.2997416657512052,-0.09850069910720374,1394822.0,1067.0,224245.0,6.220080715289082,0.3623391547452384,8,24480.0,17.0,65024.0,95.625,0.8126428027418127,5,346.5467279999996,0.8551197324213706,0.8344226579338906,0.25309500513281413,0.9960432802574305,148.0,78.0,2,50.9375,5.25,3,-1.2762233752829977,-1.8159851299427534,-1.4043805309728299,0.6828938471894328,0.6666666603174597,0.6796536784767896,-3.315168742018694,-3.126997573147342,-1.1407407405294923,-4.55324909418538,-3.874999967708334,19,10
422,9,2026-02-02T12:43:03.267106,0.1286246388201807,-0.03351874296475243,-0.03166387852687363,0.23469410617729117,0.0038116155606980695,-0.003015190092502092,-0.16759371482376215,-0.3166387852687363,0.6705545890779748,0.038116155606980694,-0.06030380185004184,0.1351290489888342,-0.014453161888092547,0.0022848508785140702,-0.09934502737346042,0.08488682360793151,0.011120517735892581,0.02459357245080502,0.020615232061728713,-0.29946632215479024,0.3673148318820478,0.2488532275398074,0.09986859493968087,0.0,0.448392973570409,-0.24094124348171475,-0.09999952587668985,0.3998927389682835,-0.29960822079746835,-0.09714668392869001,1621960.0,1252.0,261990.0,6.190923317683881,0.41409005174611513,8,23104.0,16.0625,65024.0,90.25,1.0137651821862348,5,365.0829600000004,0.8577987894164492,0.8264840182459706,0.2450465190886213,0.9910588452373756,131.0,67.0,2,52.25,5.5,3,0.35163260040704986,-0.09665427508395492,0.26575221238926294,-0.24746450304092318,-0.22619047403628187,-0.2510822506474771,-3.03768023906621,-3.663562951716612,-1.455555555286008,-4.458483751293514,-3.666666636111112,18,11
422,10,2026-02-02T12:43:03.807290,0.1465748330833479,-0.03776039248962163,0.006537274861742242,0.23468068319506238,-0.012313988583556899,-0.0028854725665977948,-0.18880196244810815,0.06537274861742241,0.6705162377001783,-0.12313988583556898,-0.05770945133195589,0.12405611810412061,-0.025403421096391106,0.0026621891885209885,-0.09960392573123943,0.25729951590809197,0.03534480577106126,0.07369280758083305,0.1682520346017907,-0.29946632215479024,0.3664235334497721,0.249021902519431,0.09994481306034951,0.0,0.2950364094810982,-0.24948721543764452,-0.09999963879818008,0.399861906022953,-0.29951754843862244,-0.09460310681473014,1617644.0,1244.0,260967.0,6.198653469595772,0.38887557151933005,8,22080.0,15.375,65024.0,86.25,1.1268115942028984,5,359.7578160000003,0.8563954755693166,0.8396793587006076,0.23853697238999474,0.9984308863140793,173.0,106.0,2,54.0,5.625,3,0.3207006278129518,-0.17100371745622728,0.22048672566361924,-0.9398242055379323,-0.880952372562359,-0.9437229420887919,-3.117397963605176,-4.097532442312055,-0.6777777776522632,-4.3321299607710255,-3.562499970312501,18,11
422,11,2026-02-02T12:43:04.276355,0.32739927734001667,0.04319722940741794,0.032762004983632666,0.23477719375412845,0.021953017984868296,-0.002623749009512526,0.2159861470370897,0.32762004983632664,0.6707919821546527,0.21953017984868295,-0.052474980190250514,0.3797949316839305,0.12879437799900173,0.003441625606031494,-0.0997834290577335,0.34849777976488133,0.04979061748843411,0.09957485533122745,0.2940817003994344,-0.29946632215479024,0.3676756490702782,0.248203551383347,0.0999742847102095,0.0,0.49871003816511117,-0.13881013048616841,-0.09999966172227939,0.39979085912385165,-0.29889105065668076,-0.08990813860026203,1827758.0,1401.0,294106.0,6.2146232990826435,0.3586464483782554,8,18928.0,13.0625,65024.0,73.9375,1.4608967674661106,4,380.1184199999997,0.8583773233528993,0.8240343347462653,0.2328085626574984,0.9989541734558604,30.0,30.0,1,56.875,6.125,3,1.8265487486740082,1.2881040890996178,1.6868141592912889,-3.0709939147865386,-3.083333303968255,-3.075757570431589,-2.8125985025729694,-4.479426169882658,-3.3259259253100137,-4.1245487334840805,-3.1458333071180564,19,16
422,12,2026-02-02T12:43:04.650654,0.13832347347165358,-0.1167316598781013,-0.030503932089882658,0.23675045698911806,0.05367470673431973,-0.0021996785032820667,-0.5836582993905065,-0.30503932089882657,0.6764298771117659,0.5367470673431973,-0.043993570065641335,-0.24091499225316937,-0.13808976048038185,0.00349636154719698,-0.09967934791116478,0.2623963571528379,0.03807970779778826,0.0751412056872069,-0.22156081205574119,-0.29946632215479024,0.37654978492381735,0.24961427804522887,0.09998895405187351,0.0,0.4995749858380964,0.0,0.1,0.39977922476425887,-0.29876955387604953,-0.08151676094003975,1475680.0,1091.0,237410.0,6.215744913862095,0.378294430073138,8,22032.0,15.25,65024.0,86.0625,0.8105497771173849,5,328.63973999999973,0.87499905442549,0.8559837728021098,0.22647034695801438,0.9992575370192479,0.0,0.0,0,57.25,6.1875,3,-0.6967290657339752,-1.5929368028259363,-0.8218584070792824,-0.9722785665924796,-0.9999999904761913,-0.9761904745001035,-3.583237424613292,-4.901973601483307,-3.8814814807626883,-4.0974729212292615,-3.093749974218751,19,11
422,13,2026-02-02T12:43:05.206834,0.07221645321529531,0.049916508724747156,-0.004339424027870709,0.04646077463808923,0.010654772554504867,-0.0014671282098917878,0.24958254362373578,-0.043394240278707086,0.13274507039454067,0.10654772554504867,-0.029342564197835753,0.3960658187312404,0.14434200543336118,0.0018343717547971772,-0.09899951360314886,0.3453930139388465,0.049314698842599536,0.0986955263724787,-0.06770169808957854,-0.29946632215479024,0.11070642213396086,-0.17346372177790392,0.09998464525567961,0.0,0.49088691288591746,-0.24719555504651738,-0.09999987271453825,0.3996470614483404,-0.2981355166112901,-0.06734763932885926,1943352.0,1475.0,314372.0,6.181695570852366,0.43535919490411557,7,19760.0,13.6875,65024.0,77.1875,0.9540750323415266,5,625.1374800000012,0.7284176447935677,0.7052845528311934,0.2289407147524851,0.9986452772392473,83.0,83.0,1,60.5,6.4375,3,2.6549895364502296,1.9758364310431373,2.5835398230077065,-2.5084516565077184,-2.488095214399094,-2.5129870086355206,0.85535149687796,-4.73728252497931,-2.344444444010288,-3.8628158816874976,-2.8854166426215286,6,16
422,14,2026-02-02T12:43:05.597683,0.029145016092027447,-0.1254495227007346,-0.08270611493646994,0.23471140851474878,0.004739975773360089,0.0005156892216412645,-0.6272476135036729,-0.8270611493646993,0.6706040243278537,0.04739975773360089,0.01031378443282529,-0.3121989049940493,-0.1413791872124808,0.0032218931000490406,-0.0982341581140432,-0.2953697661438495,-0.042579419136575786,-0.08430432974887868,-0.27601349116754315,-0.29946632215479024,0.3663041194796551,0.24924042332420512,0.0999912616051764,0.0,0.4341250367036254,-0.249952037685099,-0.09999989573059286,0.399553770080221,-0.29745445512885166,-0.04557344906251849,1426856.0,1073.0,229763.0,6.210120863672567,0.4639589308590466,7,25296.0,17.625,65024.0,98.8125,0.6821360457724094,6,351.2980679999995,0.8562101761816613,0.8260869565037807,0.2247127317117792,0.9986228845373781,138.0,138.0,1,62.125,6.625,2,-1.046641630593624,-1.760223048163549,-1.1602212389375397,1.234617985116737,1.2619047498866207,1.2316017294690873,-3.244040897717966,-5.019147873116138,-1.325925925680384,-3.7454873619166156,-2.729166643923612,19,9
422,15,2026-02-02T12:43:06.134370,-0.017660049229545657,0.05026251698724641,-0.07792552727595764,0.02656651873108869,0.010441570009925016,0.002003922782435321,0.25131258493623204,-0.7792552727595763,0.07590433923168198,0.10441570009925016,0.04007845564870642,0.3970087811812339,0.14464339251952027,0.0029945391766531496,-0.09955821154548583,-0.332051401121231,-0.04732794443319798,-0.09484398231229818,-0.08875230730446805,-0.29946632215479024,0.08479990275924813,-0.2047759924135348,0.09998756737705422,0.0,0.4894470492763266,-0.24791170345182237,-0.09999987566599633,0.3993599139119626,-0.296526059312969,-0.01652220341014792,1962552.0,1478.0,316262.0,6.205462559523433,0.39434849489326035,7,26160.0,18.1875,65024.0,102.1875,0.9390088945362135,6,645.0931080000021,0.7215264283843688,0.7065217391150757,0.22735735065103652,0.9950926709393382,87.0,87.0,1,64.625,6.8125,2,2.7925923802423247,2.0037174719327395,2.6671681415917403,1.8187964840985884,1.7976190304988657,1.8160173128726966,1.1540884429410359,-4.8428400613708575,-2.2703703699499314,-3.5649819468844894,-2.5729166452256953,6,6
422,16,2026-02-02T12:43:06.616946,0.19274394316286708,0.0435294935735644,-0.08092504456935407,0.2237556200000159,0.01866560328417177,0.0036651500144620148,0.217647467867822,-0.8092504456935405,0.6393017714286169,0.18665603284171767,0.07330300028924029,0.3839795944725166,0.11969212922518993,0.003942473522552508,-0.09815382761462131,-0.3292035645415597,-0.047000267086771436,-0.09402567561190861,-0.17412781310514328,-0.29946632215479024,0.32809918418166445,0.23304094709506634,0.09999048581795444,0.0,0.4981328654719326,-0.17252519531888225,-0.09999963572210936,0.3991980614766352,-0.29526174989554865,0.015710123089542293,1844322.0,1380.0,296282.0,6.224887100802614,0.46620354393565827,7,26048.0,18.125,65024.0,101.75,0.8673790069138906,6,456.1333919999997,0.8157574834846198,0.7949308755577205,0.2253506884412288,0.9928523001355962,40.0,36.0,1,66.1875,7.0,2,1.9452598687038136,1.092936802872403,1.7830973451319543,1.743069641637978,1.7380952215419496,1.740259737246303,-1.6746498201085904,-4.976617452839778,-3.140740740159122,-3.4521660624894106,-2.4166666465277786,16,6
422,17,2026-02-02T12:43:07.052381,-0.00434417865083403,-0.11062069695607857,-0.08399237991006492,0.20470191789689693,0.022002682061800543,0.005247569590292395,-0.5531034847803928,-0.8399237991006492,0.5848626225625627,0.2200268206180054,0.1049513918058479,-0.22155090792532037,-0.11527960907026533,0.00200178879541125,-0.09973786314840791,-0.34478723340726514,-0.0491720956124381,-0.09850315567284881,-0.2479562817897619,-0.29946632215479024,0.26249140081100814,0.21135363372395588,0.09999073400026738,0.0,0.4926895352377179,-0.1322740035346596,-0.09999343838548796,0.39870695315130716,-0.2920663069486169,0.04491036754170555,1485834.0,1153.0,240227.0,6.1851249026962,0.36820528000693314,7,27088.0,18.8125,65024.0,105.8125,0.7645888594164456,6,485.1776160000001,0.7786160561580405,0.7613636363463326,0.22515244082760344,0.9944126001643492,77.0,29.0,1,69.5,7.3125,2,-0.6239572284493432,-1.0167286244408253,-0.6972123893802225,2.446247464486503,2.392857120068027,2.4437229394913884,-1.239856047718583,-4.989833951603803,-2.455555555100823,-3.2129963875718435,-2.156249982031251,14,13
422,18,2026-02-02T12:43:07.563753,0.07675244584641311,0.051865150464502796,-0.06064467560652829,0.18764287427982615,-0.06698658877210703,0.006558956814399889,0.259325752322514,-0.6064467560652829,0.5361224979423604,-0.6698658877210703,0.13117913628799777,0.3996529163852104,0.14964554599547963,0.0031533904830442125,-0.09879133384046092,-0.33127889908399166,-0.04762070576018354,-0.09462201010468538,0.2507357538903596,-0.29946632215479024,0.2874440244082514,0.1150407556653884,0.09999154042978674,0.0,-0.3479379137427506,-0.24832643003565447,-0.09999634417066994,0.39802546002419037,-0.2867637975804184,0.06688949718416891,2113050.0,1625.0,340336.0,6.20871726764139,0.44486308515839607,7,26128.0,18.25,65024.0,102.0625,1.241405653170359,6,534.7657920000006,0.7904764874232896,0.767676767661259,0.22446951017496897,0.9974992741486971,256.0,90.0,4,72.4375,7.625,2,3.8711836711289256,3.369888475523244,3.732389380529322,1.797160243395557,1.8571428394557818,1.7943722912651556,-0.4975180837578476,-5.035362631426981,0.8592592591001372,-3.0009025249090957,-1.8958333175347228,14,15
422,19,2026-02-02T12:43:08.014039,0.27559887490294593,0.04783749860681069,0.0004508357281328907,0.22335616226865754,0.012035996957318667,0.007865260482019094,0.23918749303405346,0.0045083572813289065,0.6381604636247359,0.12035996957318666,0.15730520964038186,0.3884769598750993,0.14007866526911578,0.0024303834899810917,-0.09879877795891207,0.13265802957910314,0.019200802171602697,0.03821692045540226,0.2949286085039063,-0.29946632215479024,0.32823717065616204,0.23090790327984334,0.09999325175926148,0.0,0.48905322985996563,-0.23136979967882024,-0.09999935751924768,0.39679038431681746,-0.2731914778364099,0.08123513210239004,1867710.0,1444.0,301540.0,6.193904622935597,0.4445523129533566,7,22880.0,15.875,65024.0,89.375,1.4764826175869121,6,460.2381960000006,0.8158630067083646,0.7860465116096268,0.22277432201870517,0.9936538789867121,88.0,57.0,1,75.8125,8.0625,2,2.1128773327980594,1.6877323418505819,2.0157522123884886,-0.3989181879621439,-0.4047619009070302,-0.4025974019002647,-1.6132006584411291,-5.1483750998362545,-2.251851851434842,-2.7572202146157254,-1.531249987239584,16,6
422,20,2026-02-02T12:43:08.508661,0.25861529006271644,0.05116711037002604,0.008575205038901591,0.2250810063792824,0.014144492131077966,0.008685844373279131,0.2558355518501302,0.0857520503890159,0.6430885896550926,0.14144492131077965,0.17371688746558261,0.3999688767567489,0.14990520258334544,0.004477689731048014,-0.09989907029002498,0.17810093881706612,0.026254197165609772,0.05116298624520974,0.29956810068882844,-0.29946632215479024,0.34716309458530104,0.22036253703314962,0.09999500891072305,0.0,0.49345327575861964,-0.181736748311939,-0.0999992646147618,0.3959092552023135,-0.2639480098955954,0.08974714701182696,2281326.0,1696.0,365840.0,6.235857205335666,0.32044282320591005,8,22640.0,15.6875,65024.0,88.4375,1.7235772357723578,5,475.66688399999816,0.8324536790671633,0.8022727272544938,0.220512048661072,0.9933567351295645,74.0,38.0,2,77.5,8.25,2,5.07718659518927,4.029739776577161,4.860884955750062,-0.5611899932348804,-0.5833333277777785,-0.5649350639568229,-1.3822322752422085,-5.299193223133051,-2.5111111106460906,-2.6353790594690403,-1.3749999885416673,17,6
422,21,2026-02-02T12:43:08.882502,0.07565133741911167,-0.13764798542327608,-0.016819617561793357,0.23267406353623007,0.03721863124489385,0.009264613852907898,-0.6882399271163804,-0.16819617561793357,0.6647830386749431,0.3721863124489385,0.18529227705815796,-0.3996031185803723,-0.14995126155148888,0.0004165554858099226,-0.09986090598673183,0.3498992971778162,0.04998471215162339,0.09997153180676276,-0.2178801292128514,-0.29946632215479024,0.3556919836439345,0.24964768469680057,0.0999963362935906,0.0,0.4992863788369204,-0.00833024828470572,-0.0999975561847959,0.3953614937372426,-0.25620700514780204,0.09451484898652948,1042100.0,793.0,169374.0,6.15265625184503,0.33648865627205043,9,16928.0,11.6875,65024.0,66.125,0.815843621399177,4,325.6117919999989,0.8418234123657994,0.8263736263554643,0.2181931574124992,0.9945917139761907,14.0,14.0,0,78.375,8.375,2,-3.8041166184098407,-4.362453531193082,-3.8323008849540563,-4.423258958726009,-4.392857101020409,-4.428571420902907,-3.6285659874807705,-5.45378586997614,-3.62222222155144,-2.572202164207796,-1.2708333227430562,17,9
422,22,2026-02-02T12:43:09.413928,0.28746720968199413,0.05089623736968161,0.03127599036528992,0.22577829646348097,0.01092912432341624,0.010270832493805825,0.25448118684840804,0.3127599036528992,0.6450808470385171,0.1092912432341624,0.2054166498761165,0.39987714182872125,0.14978128705481064,0.003184333938648201,-0.09983874697797776,0.3499400828772368,0.04999156922439847,0.09998306530303952,0.2754720760936741,-0.29946632215479024,0.34494632855603397,0.22571027470715502,0.0999971213816101,0.0,0.4924157927540362,-0.24594859041763142,-0.09999986845718581,0.3934792891525538,-0.23598564363260932,0.09709940236365754,2185524.0,1651.0,351973.0,6.209351285467919,0.3438854320754971,8,16544.0,11.375,65024.0,64.625,1.3155378486055778,4,468.64316399999984,0.8302501809868081,0.7902542372713929,0.2163843915073731,0.9968546738883731,78.0,78.0,1,80.75,8.625,2,4.3905914055554,3.6115241632331294,4.247300884953873,-4.682893847162388,-4.69047614580499,-4.6883116801934,-1.487377784208479,-5.574370183261671,-2.4370370365857337,-2.4007220199272763,-1.0624999911458337,18,16
422,23,2026-02-02T12:43:09.867409,0.3165992024337397,0.03731912930501487,0.028573193353002388,0.23343609199600657,0.05367470673431973,0.01263444927524684,0.18659564652507432,0.28573193353002385,0.6669602628457331,0.5367470673431973,0.2526889855049368,0.37052117072080376,0.10795795415050685,0.0028952709585154317,-0.09976121016473805,0.3499990176810404,0.04999986927963948,0.09999972282500727,0.22041005191360036,-0.29946632215479024,0.3616558371292826,0.24748462470201724,0.099997892039233,0.0,0.4995749858380964,0.0,0.1,0.3922713052642346,-0.2079719909586049,0.09847568109765498,1800570.0,1360.0,290254.0,6.203428721051218,0.363535291583953,8,13504.0,9.1875,65024.0,52.75,1.1877729257641922,3,391.40943599999923,0.849444624344021,0.8282828282660952,0.21404744185019403,0.9960036523356607,0.0,0.0,0,81.9375,8.875,1,1.6316973884125767,0.907063196941722,1.5163716814152581,-6.738336713950384,-6.773809459297054,-6.744588732909803,-2.643571316969537,-5.730166723209249,-3.8814814807626883,-2.3149819477870164,-0.8541666595486116,17,12
422,24,2026-02-02T12:43:10.342444,0.23538247237288537,-0.052270951856664485,0.025951902921105358,0.23587368354535274,0.05367470673431973,0.01383640236245243,-0.2613547592833224,0.2595190292110536,0.6739248101295793,0.5367470673431973,0.2767280472490486,0.0782379644949826,-0.05381435102574252,0.0004196737471043181,-0.09959970899008903,0.3499945728320134,0.04999930790623705,0.09999846758610051,0.1920963986236389,-0.29946632215479024,0.3720930613314508,0.2495001283938093,0.09999853159491914,0.0,0.4995749858380964,0.0,0.1,0.39033868813550165,-0.18091312133688897,0.09920158685087178,1600544.0,1222.0,260136.0,6.152720115631824,0.38940613112372974,8,14768.0,10.0625,65024.0,57.6875,1.1517436380772856,3,337.3058040000002,0.8660114866410616,0.8425196850227851,0.21133583646970464,0.9986681875200267,0.0,0.0,0,83.5,9.0625,1,0.19814809506061704,-0.3754646839799763,0.18371681415921073,-5.883705206180638,-5.940476133900228,-5.8896103794119306,-3.4535059276267184,-5.910940294726161,-3.8814814807626883,-2.202166063391938,-0.6979166608506948,18,12
422,25,2026-02-02T12:43:10.812168,0.2924128687366718,-0.0073957516124089065,0.03541077679446892,0.2355617982024146,0.05367470673431973,0.016844609951557843,-0.03697875806204453,0.3541077679446892,0.673033709149756,0.5367470673431973,0.33689219903115686,0.2138650729701309,0.04154401715497183,0.00020699249105129517,-0.09980619377539528,0.34999999826588196,0.04999999978891824,0.09999999951195171,0.218582745149228,-0.29946632215479024,0.3706856434470815,0.24931565241053774,0.09999893821698849,0.0,0.4995749858380964,0.0,0.1,0.3857127006089646,-0.11022067973748643,0.09958253144687874,1656148.0,1293.0,269364.0,6.148364295154512,0.35308778365256716,8,8816.0,5.8125,65024.0,34.4375,1.1851512373968836,1,347.8095719999999,0.8634601591955036,0.8459869847972671,0.20890411683551816,0.9981289014225914,0.0,0.0,0,86.25,9.4375,1,0.5966516641343493,0.284386617073941,0.5920353982298265,-9.908045976944504,-9.988095142970524,-9.915584398414573,-3.296263891722118,-6.073054828928903,-3.8814814807626883,-2.0036101068565992,-0.3854166634548615,18,12
422,26,2026-02-02T12:43:11.304617,0.20615427815058956,-0.0867740928134724,0.03490304959542277,0.23542675825136375,0.05367470673431973,0.017962224612806384,-0.43387046406736196,0.3490304959542277,0.6726478807181822,0.5367470673431973,0.3592444922561277,-0.10703892089571897,-0.06095190371785078,-0.0011160937314146197,-0.09994274425609478,0.3499999988990891,0.04999999985231189,0.09999999969021797,0.21278938917683318,-0.29946632215479024,0.36961258852829815,0.24955064687099318,0.09999920796111168,0.0,0.4995749858380964,0.0,0.1,0.38294659840364104,-0.08221847668823001,0.0997819160188117,1534626.0,1216.0,250704.0,6.121266513497989,0.292087082089929,9,8480.0,5.625,65024.0,33.125,1.1771539206195547,1,333.7439159999983,0.8615929415064005,0.8299999999834,0.20670589895785169,0.9999744963168636,0.0,0.0,0,87.5,9.5625,1,-0.27427400166268134,-0.43122676575918056,-0.2336283185839674,-10.135226504326335,-10.166666569841272,-10.142857125293753,-3.506827604265471,-6.219602589741494,-3.8814814807626883,-1.9133573993405362,-0.28124999765625036,17,6
422,27,2026-02-02T12:43:11.859761,0.2712890417679916,0.0013091937665619933,0.0025351241326033265,0.23646372698820126,0.05367470673431973,0.01898956147998579,0.006545968832809966,0.025351241326033263,0.6756106485377179,0.5367470673431973,0.37979122959971573,0.23228375766032078,0.06799519435244383,-0.0015636352770919087,-0.09936373838767787,0.349998641061534,0.04999981316933252,0.09999961650605092,-0.048145283725568,-0.29946632215479024,0.37516970735972344,0.249526261684447,0.09999942521466146,0.0,0.4995749858380964,0.0,0.1,0.37699797739074165,-0.05257657124317412,0.09988612809105413,1665480.0,1315.0,272489.0,6.112099937979147,0.412636177627105,8,13744.0,9.375,65024.0,53.6875,0.9676232523914643,3,335.51060400000074,0.8720508798707434,0.8435643564189393,0.20430128697185382,0.998549452416181,0.0,0.0,0,89.625,9.6875,1,0.6635323796691323,0.4888475835976899,0.7303097345129511,-6.5760649086776475,-6.595238032426305,-6.582251070853245,-3.480380179119693,-6.379909948603113,-3.8814814807626883,-1.759927796563229,-0.17708333185763922,18,6
422,28,2026-02-02T12:43:12.433007,0.33739803982555366,0.04919112802901298,0.029201067464770747,0.23457848452458174,0.05367470673431973,0.01979102130271915,0.24595564014506488,0.29201067464770747,0.670224241498805,0.5367470673431973,0.395820426054383,0.39627201948694774,0.1467340761091895,0.0005487202855832971,-0.09964585090272408,0.3499999201529101,0.04999998791325746,0.09999997749296759,0.19265283306046435,-0.29946632215479024,0.3670335297427648,0.24771883320978488,0.09999954875402536,0.0,0.4995749858380964,0.0,0.1,0.3650707123581892,-0.02183631364655691,0.09994055693477336,1947126.0,1505.0,316330.0,6.155363070211488,0.38327088363938244,8,11648.0,7.9375,65024.0,45.5,1.1523736600306278,2,388.1293679999985,0.8573519761864139,0.8383233532766802,0.2024864019064383,0.9999358474168254,0.0,0.0,0,92.625,9.8125,1,2.682037095433113,2.254646839939159,2.670176991149261,-7.9932386747262125,-7.964285638435376,-7.999999986147186,-2.6926741313334546,-6.500902205635976,-3.8814814807626883,-1.5433212985246778,-0.07291666605902808,17,6
422,29,2026-02-02T12:43:12.990666,0.30771967015323,0.05177753613868807,0.010710239703708246,0.21024324842895326,0.05367470673431973,0.022997210481241134,0.2588876806934403,0.10710239703708245,0.600694995511295,0.5367470673431973,0.45994420962482263,0.39956660147104606,0.14948622062193234,0.0024519252737093757,-0.09831382710077093,0.3491970847842918,0.04988443139357006,0.09977282620262651,0.06044557098832873,-0.29946632215479024,0.30507512681816074,0.19367429699647531,0.09999955647239923,0.0,0.4995749858380964,0.0,0.1,0.35123277275364073,0.07053064556306689,0.09996897375131168,2097548.0,1605.0,338623.0,6.1943459245237324,0.46163053214956806,7,18464.0,12.75,65024.0,72.125,1.0408560311284047,4,499.06441200000086,0.8002609294931623,0.7587719298079216,0.20235700745196333,0.9884021012828633,0.0,0.0,0,95.0625,10.1875,1,3.7600837083963703,3.184014869592563,3.6565929203523644,-3.384719404980496,-3.3809523487528357,-3.389610383740935,-1.0319698800850217,-6.509528496850113,-3.8814814807626883,-1.3673285188683548,0.2395833313368053,14,6
422,30,2026-02-02T12:43:13.448250,0.27047532786541895,0.042412212688493656,-0.08189477140017795,0.23523657768849732,0.05367470673431973,0.02371302193480436,0.21206106344246825,-0.8189477140017795,0.6721045076814209,0.5367470673431973,0.4742604386960872,0.3794459324281794,0.11813867856727411,0.004290776757007926,-0.09827180377230404,-0.3450064170989993,-0.04934635912714054,-0.09856611693143325,-0.18019891959492057,-0.29946632215479024,0.3704684591019625,0.2483088683054653,0.0999996544724745,0.0,0.4995749858380964,0.0,0.1,0.34081461702108706,0.09924633524808832,0.09998380698061256,1826532.0,1377.0,293088.0,6.232025876187357,0.4628719692982317,7,27120.0,18.9375,65024.0,105.9375,0.8611632270168855,6,378.09353999999985,0.8630769921568779,0.8185840707783499,0.20048434583855035,0.9920360263920821,0.0,0.0,0,96.5,10.3125,1,1.8177622337527004,1.0650557619828007,1.6417699115036983,2.4678837051895344,2.511904737981859,2.4653679610989294,-2.8429110774187287,-6.6343725211816285,-3.8814814807626883,-1.2635379052248823,0.34374999713541643,19,12
422,31,2026-02-02T12:43:13.764054,0.1587777060875294,-0.13656330774447367,-0.08562830391256963,0.23115943454303253,0.05367470673431973,0.024309705931283777,-0.6828165387223684,-0.8562830391256963,0.6604555272658073,0.5367470673431973,0.4861941186256755,-0.39920960285652013,-0.14976789380740477,0.0018185150222901493,-0.09893782620599634,-0.3499726505854499,-0.04999606453530879,-0.09999216306892729,-0.2870100763321387,-0.29946632215479024,0.34861916777853486,0.24883164399813504,0.09999969490009698,0.0,0.4995749858380964,0.0,0.1,0.3049404763409808,0.1506239994383939,0.09999154894357781,1090196.0,877.0,176368.0,6.181370770207748,0.4383662606243278,7,30976.0,21.625,65024.0,121.0,0.6189131968948482,8,365.70718799999815,0.8339482605522066,0.8243243243057584,0.19955109656146255,0.9968145675952087,0.0,0.0,0,100.125,10.5625,1,-3.4594214947106425,-3.5817843862842222,-3.522831858405521,5.0750507099048345,5.071428523129252,5.07359306480763,-3.0283355085287202,-6.696589098176431,-3.8814814807626883,-1.0018050534282996,0.5520833287326387,8,15
422,32,2026-02-02T12:43:14.255245,0.3441180474652397,0.05218022888785461,0.03242216919507746,0.2303104370726468,0.05367470673431973,0.024568873805191786,0.26090114443927304,0.3242216919507746,0.6580298202075624,0.5367470673431973,0.4913774761038357,0.39976471987713447,0.14930868282054277,0.0043129644526070775,-0.09803613097646341,0.34277059558981604,0.04902341286750648,0.09795254256751328,0.29839614629448163,-0.29946632215479024,0.3575223891451125,0.23567393178543714,0.09999974173717423,0.0,0.4995749858380964,0.0,0.1,0.28961221653628416,0.17275871738573673,0.09999558951724458,2140184.0,1589.0,343392.0,6.232480663498276,0.46932335126776226,7,20096.0,13.875,65024.0,78.5,1.592184368737475,4,450.316547999999,0.8440537979933829,0.8270833333161024,0.1983011335334246,0.9963398080481841,0.0,0.0,0,101.3125,10.6875,1,4.065648023392192,3.0353159848480185,3.867610619467315,-2.2812711291258876,-2.3095237875283456,-2.285714281756339,-1.761728323089577,-6.7799199111584185,-3.8814814807626883,-0.9160649812880397,0.6562499945312498,17,6
422,33,2026-02-02T12:43:14.667235,0.3059613442748891,0.01611073241927081,0.020390331977118745,0.232704470227474,0.05367470673431973,0.024764374250386228,0.08055366209635405,0.20390331977118742,0.6648699149356401,0.5367470673431973,0.4952874850077245,0.3050726323429303,0.06463074642244533,0.0032419231343038236,-0.09941120759001783,0.347191855954004,0.049620938267796344,0.09920504902466212,0.16256915380365747,-0.29946632215479024,0.3578210017843979,0.24744478973656453,0.09999977761382169,0.0,0.4995749858380964,0.0,0.1,0.2751398592885407,0.19239669623077676,0.09999769825578458,1712790.0,1312.0,275788.0,6.210531277648048,0.4087474667588082,8,19392.0,13.375,65024.0,75.75,1.1213675213675214,4,391.9369080000008,0.8444262393903351,0.7782258064359229,0.19717941450019563,0.9975590236076775,0.0,0.0,0,102.3125,10.8125,1,1.0025943869505918,0.4609665427080878,0.8762831858403202,-2.7572684245925814,-2.7857142591836745,-2.761904757122243,-2.635675029545546,-6.8547011301862035,-3.8814814807626883,-0.8438628152751892,0.7604166603298609,18,6
422,34,2026-02-02T12:43:15.134795,0.2712732042343786,-0.01216471848920141,0.012603672456471739,0.23453590564638988,0.05367470673431973,0.024306909220079137,-0.060823592446007047,0.12603672456471737,0.670102587561114,0.5367470673431973,0.4861381844015827,0.19750473359464138,0.0323820290633231,0.001407120975982084,-0.0993871328141409,0.3426141424223337,0.049132068299735925,0.09790821076833384,0.08884126556263162,-0.29946632215479024,0.3659442887039546,0.24883993415312047,0.09999981390487167,0.0,0.4995749858380964,0.0,0.1,0.2310376382407552,0.22444634109892056,0.0999987987710148,1648386.0,1286.0,267034.0,6.172944269269082,0.4107572322502634,8,20112.0,13.8125,65024.0,78.5625,1.061056105610561,4,365.4687960000001,0.8556555842892166,0.775303643709002,0.19584323243704838,0.9964776300659526,0.0,0.0,0,104.875,11.0625,1,0.5410228478054825,0.21933085499820262,0.4889380530971288,-2.2704530087743717,-2.3690475964852618,-2.2748917709525687,-3.0319042510431267,-6.943779875010192,-3.8814814807626883,-0.6588447648672601,0.9687499919270832,18,6
423,1,2026-02-02T12:44:36.709063,0.08959212059132843,0.05192212425283678,-0.06792985232227725,0.1801293500953072,-0.027929878399482546,-0.004916351701375345,0.2596106212641839,-0.6792985232227724,0.514655285986592,-0.27929878399482544,-0.0983270340275069,0.39990914528278204,0.14983447419359194,0.003996559823471226,-0.09977422852438074,-0.279414472067717,-0.04076869712477019,-0.07972097086650383,0.05258974896481788,-0.29946632215479024,0.33650792699566007,0.2319352114600952,-0.09473589928926056,0.0,0.13198471608042273,-0.24958931029373438,-0.0999991985046954,0.3999871358446443,-0.29998739831421034,-0.09998407473594395,2206580.0,1666.0,354414.0,6.2259955870817745,0.36072900836781213,7,25088.0,17.5,65024.0,98.0,1.0354257302672467,6,458.3195759999999,0.82255024676893,0.7389277389105144,0.32708050464110394,0.9867275181429607,195.0,109.0,2,37.5625,3.4375,10,4.541495857580731,3.75092936768114,4.355309734511347,1.0939824205470319,1.1428571319727885,1.0909090890200703,-1.6419225147242644,1.8053657724964152,-0.2703703703203017,-5.5189530646072535,-5.385416621788195,18,11
423,2,2026-02-02T12:44:37.261733,0.09017516217598873,0.05175320137185655,-0.07113906584261974,0.14587346619003697,0.010174548839964478,-0.004803717049569098,0.25876600685928275,-0.7113906584261974,0.4167813319715342,0.10174548839964478,-0.09607434099138194,0.39973481565349617,0.14959635896729942,0.0032482213114219593,-0.09951888585319041,-0.31573833155055553,-0.04622429676484341,-0.09015652697818194,0.042621350613452035,-0.29946632215479024,0.28019525755908126,0.13387136247399806,-0.06582560937677338,0.0,0.48636627799582977,-0.21495100794913988,-0.09999891638921422,0.3999815429090836,-0.2999808847507172,-0.09996948674010687,2131834.0,1618.0,343254.0,6.210660327337774,0.3986220188322011,7,25664.0,18.0,65024.0,100.25,1.0286077558804831,6,528.0666600000001,0.7868258314602787,0.7478448275700895,0.31184595104130763,0.9891381257250693,94.0,48.0,2,40.0625,3.6875,8,4.005805119972192,3.3048327134475057,3.8615044247770522,1.4834347532015997,1.6190476036281174,1.48051947795581,-0.5978044909284714,0.7897295429341478,-2.1407407403443073,-5.338447649575128,-5.177083290190973,14,6
423,3,2026-02-02T12:44:37.753581,0.1364916828228937,0.052041790942074076,-0.06097369750988729,0.21652255027658668,-0.0247260094726518,-0.004689680079547547,0.26020895471037037,-0.6097369750988729,0.6186358579331048,-0.247260094726518,-0.09379360159095093,0.39986192826935607,0.14979694783541847,0.003539153545122679,-0.09859039786340162,-0.33166910961298685,-0.04762070576018354,-0.09473413406151768,0.24601735206733732,-0.29946632215479024,0.35248693939682196,0.23544130112410305,0.03955512875329711,0.0,0.1899744811276124,-0.24719555504651738,-0.09999895496661942,0.39997327834198393,-0.2999642890006123,-0.09994153963058766,2177378.0,1655.0,350251.0,6.216621794084814,0.4526031545315649,7,26144.0,18.25,65024.0,102.125,1.2313988095238095,6,450.870552,0.8381189503438102,0.7442396313192572,0.2937245401437807,0.9864446730213539,188.0,83.0,3,42.625,4.0625,7,4.332210532350691,3.6486988844192654,4.17110619468842,1.8079783637470725,1.8571428394557818,1.8051948020689261,-1.7534348500369115,-0.4183637115054791,-0.39999999992592583,-5.153429599167199,-4.86458329279514,18,6
423,4,2026-02-02T12:44:38.329980,0.23510930774218722,0.051870116695208704,0.02983459961180171,0.18926039967268757,0.010514522526129192,-0.004687059429959528,0.2593505834760435,0.2983459961180171,0.5407439990648216,0.10514522526129191,-0.09374118859919056,0.3996739161078768,0.14970561000137023,0.0026323281432910966,-0.09832471360411661,0.33476192262257387,0.047781088189340154,0.09568265163725875,0.28126249696439615,-0.29946632215479024,0.2825381071422091,0.15112639433522712,0.07599868744699673,0.0,0.4882214837319686,-0.24594859041763142,-0.09999979963124864,0.39995952762413445,-0.29995118991681863,-0.09988801008500812,2117406.0,1635.0,341625.0,6.198041712403952,0.46130392390823133,7,20656.0,14.3125,65024.0,80.6875,1.343467543138866,4,521.2254959999999,0.7879852197631276,0.7505938242101997,0.2850572398592862,0.9890682402412736,90.0,78.0,1,45.5,4.25,7,3.9024023163142574,3.4628252784885847,3.789424778759385,-1.9026369168228356,-1.8928571248299328,-1.9069264036243703,-0.7002171256436815,-0.9961833452586881,-2.2148148144046638,-4.9458483718802535,-4.708333294097224,14,12
423,5,2026-02-02T12:44:38.794628,0.26286508796606345,0.04353726481247944,-0.027753385859387716,0.23371868896467532,0.020530452910690267,-0.004501513081875711,0.21768632406239716,-0.27753385859387714,0.6677676827562152,0.20530452910690267,-0.09003026163751421,0.3754359170359704,0.1358225362573941,0.0026280018802326503,-0.09985488853398178,0.029745516719219614,0.005336737279965319,0.008851234797703991,0.14018142648162407,-0.29946632215479024,0.3671486055871816,0.24824902137613966,0.09549056199914988,0.0,0.496091715244918,-0.15109194427929085,-0.0999976968764702,0.399943483387271,-0.2999178362134686,-0.09978551850770054,1813738.0,1424.0,292635.0,6.197953081483759,0.3386077676701172,8,23344.0,16.1875,65024.0,91.1875,1.1013147718484146,5,379.2591,0.8575343169913808,0.8388625592218278,0.2717299532394307,0.9922858750113389,60.0,32.0,1,47.8125,4.5625,6,1.7260700054466553,1.501858735919901,1.6217256637160966,-0.08519269776818666,-0.10714285612244967,-0.08874458859091895,-2.8254625744273265,-1.884668527592266,-2.7703703698573388,-4.778880862975537,-4.447916629600695,19,16
423,6,2026-02-02T12:44:39.289685,0.20990299878676197,0.008238512595244133,0.0013838064393593408,0.23451103643048102,0.011942240905610624,-0.004489326250252739,0.04119256297622066,0.013838064393593407,0.6700315326585172,0.11942240905610624,-0.08978652500505477,0.2434967944032591,0.08448399841980508,0.0012157080668402011,-0.09970550757721573,0.30228699303405765,0.042245573641388375,0.08647019801560996,0.05195923324332658,-0.29946632215479024,0.3669274159674138,0.2486647684507293,0.09903311157984052,0.0,0.4954704488723686,-0.2387377582394006,-0.09999985149485045,0.3999217884564894,-0.29984651608678714,-0.09958942076378553,1671534.0,1331.0,270956.0,6.169023752934056,0.37403270876982025,7,21536.0,15.0,65024.0,84.125,1.0349922239502334,5,370.17749999999984,0.8571843750499093,0.8217213114585713,0.2600464246608707,0.9968730901082677,64.0,64.0,1,50.0625,4.9375,6,0.7069202763523272,0.6375464683422347,0.6624778761059016,-1.3076402974894683,-1.2380952263038556,-1.3116883094169904,-2.96141467021536,-2.6635699135620112,-2.696296295796982,-4.616425989446624,-4.135416632204862,18,11
423,7,2026-02-02T12:44:39.790373,0.31011222338299294,0.05087602266561708,0.02778323928084671,0.22364626690065928,0.05367470673431973,-0.004184740864769475,0.2543801133280854,0.2778323928084671,0.6389893340018837,0.5367470673431973,-0.0836948172953895,0.3998547428815617,0.1498573342520605,0.0030389753078345974,-0.09985510598470403,0.3182874353253033,0.04503758983333551,0.09101055052952936,0.28278118936939683,-0.29946632215479024,0.3364243437385798,0.22430179700367803,0.09959362984109567,0.0,0.4995749858380964,0.0,0.1,0.3998937025446989,-0.2997416657512052,-0.09921473800972092,2173838.0,1674.0,350259.0,6.206372998266997,0.3385327316635015,8,21216.0,14.75,65024.0,82.875,1.3521809369951534,4,470.6248799999998,0.8224787936344891,0.7758620689487961,0.25352419303461743,0.9964611094138015,0.0,0.0,0,52.1875,5.25,5,4.306840008026524,3.8252788100534123,4.171460176989305,-1.5240027045197837,-1.47619046213152,-1.5281385254924011,-1.457711377027292,-3.0983850654354606,-3.8814814807626883,-4.4629963866693165,-3.874999967708334,18,16
423,8,2026-02-02T12:44:40.222721,0.21640458077882282,0.001170767565397601,-0.02560224298036346,0.23298861712335805,0.05367470673431973,-0.004143996330208686,0.005853837826988005,-0.2560224298036346,0.6656817632095945,0.5367470673431973,-0.08287992660417372,0.26968706965694217,0.025674149270048807,0.002905887407733992,-0.09960768562589756,0.17242753486339854,0.021678536946508873,0.04954743654790519,-0.0363776173112641,-0.29946632215479024,0.3589837192131937,0.24790963692646917,0.09985031942035641,0.0,0.4995749858380964,0.0,0.1,0.3998668016349008,-0.29960822079746835,-0.09850069910720374,1687094.0,1281.0,271952.0,6.203646231687945,0.3883977172936848,8,22672.0,15.8125,65024.0,88.5625,0.9756283320639756,5,385.1990999999995,0.845900562330422,0.8138075313637279,0.24602384694053755,0.9972676758617405,0.0,0.0,0,53.75,5.5,5,0.818435914342171,0.1728624535155324,0.706548672566059,-0.5395537525318489,-0.4642857098639463,-0.5432900423492818,-2.736540418752023,-3.5984078050256256,-3.8814814807626883,-4.350180502274238,-3.666666636111112,18,11
423,9,2026-02-02T12:44:40.597493,0.11114481771971813,-0.11575540417613475,-0.05645419533650025,0.2364196883543943,0.05367470673431973,-0.004073558075842732,-0.5787770208806737,-0.5645419533650025,0.6754848238696981,0.5367470673431973,-0.08147116151685464,-0.24729742955729805,-0.12342012106106579,0.002526214978550662,-0.09962487524337992,-0.038184130267945246,-0.009410278508779983,-0.010566470066528293,-0.1121910313681203,-0.29946632215479024,0.37477547357091856,0.24963890025921884,0.09994828606576835,0.0,0.4995749858380964,0.0,0.1,0.39984045724182266,-0.29951754843862244,-0.09714668392869001,1472132.0,1137.0,237599.0,6.1958678277265475,0.38615316972006314,8,23632.0,16.5,65024.0,92.3125,0.9213938411669368,5,326.434944,0.8712378241832957,0.8568507157288987,0.23804934917773363,0.9999625820223053,0.0,0.0,0,55.0,5.625,5,-0.7221569245763895,-1.16542750918537,-0.813495575220879,0.10953346855909714,0.19047618866213087,0.10606060587695083,-3.6162433527520603,-4.130040634790668,-3.8814814807626883,-4.259927794758175,-3.562499970312501,19,11
423,10,2026-02-02T12:44:41.149710,0.3066005033574587,0.04986198389362741,0.03446032478120064,0.23308603046300908,0.03481541651678804,-0.003939980963486094,0.24930991946813702,0.34460324781200635,0.6659600870371688,0.3481541651678804,-0.07879961926972187,0.3979658006135741,0.14728302980360253,0.0019019840550132008,-0.09966843717686315,0.34997250225583176,0.04999535083099044,0.09999223062563324,0.28584277126650376,-0.29946632215479024,0.36238612670786907,0.24564451188988784,0.0999767140831335,0.0,0.49920258161717146,-0.03586204640048632,-0.0999987519864452,0.39980890361636423,-0.2993407613562452,-0.09460310681473014,1989536.0,1515.0,321771.0,6.18308051378154,0.3799701923837929,8,15968.0,11.0625,65024.0,62.375,1.372282608695652,3,409.87029599999994,0.8504540101214055,0.7873831775516966,0.23206419406751108,0.9879059327292373,17.0,17.0,0,56.25,5.8125,5,2.985981710288465,2.347583642904499,2.910929203538535,-5.072346179816956,-4.98809519058957,-5.07792206912914,-2.3672111373701794,-4.529050709465454,-3.5666666660061725,-4.169675087242112,-3.406249971614584,18,6
423,11,2026-02-02T12:44:41.544884,0.10382072761414685,-0.12145536408736052,0.026299500731774995,0.2339149770139097,0.010441570009925016,-0.0036966847204219218,-0.6072768204368025,0.26299500731774994,0.6683285057540278,0.10441570009925016,-0.07393369440843843,-0.27542073222821034,-0.1349971346222084,0.00134341568041516,-0.09991613791469947,0.34999265277952274,0.049998744920862474,0.09999792518541055,0.19583004115176786,-0.29946632215479024,0.36289751518547203,0.249431630429204,0.0999882631591249,0.0,0.4894470492763266,-0.24791170345182237,-0.09999987566599633,0.3997669433820341,-0.2990992906459578,-0.08990813860026203,1454964.0,1104.0,235750.0,6.171639448568398,0.31117601803577233,9,14992.0,10.375,65024.0,58.5625,1.156020942408377,3,341.59963199999976,0.8511719880261466,0.7836538461350083,0.22692539045908422,0.9874367622259697,87.0,87.0,1,57.625,6.0,5,-0.8451968007338212,-1.4721189589709938,-0.8953097345128781,-5.732251521259418,-5.6428570891156475,-5.738095228159143,-3.389227065360898,-4.871637388302792,-2.2703703699499314,-4.070397108974443,-3.2499999729166675,18,11
423,12,2026-02-02T12:44:41.964769,0.12229515104106548,-0.0724093025846758,-0.011449896262725918,0.23329541910779344,0.01736973167953031,-0.002827529565176151,-0.362046512923379,-0.11449896262725918,0.6665583403079813,0.1736973167953031,-0.05655059130352302,0.005658539444865437,-0.09502239939075781,0.0025246640218499245,-0.09959441814355044,0.3498992971778162,0.0499827797402881,0.09997153180676276,-0.16307175202694035,-0.29946632215479024,0.3595564798464144,0.24868246007168104,0.0999933112597439,0.0,0.4982006314979467,-0.1859865690785423,-0.09999976603816026,0.39969996316583756,-0.29863477622036827,-0.08151676094003975,1574870.0,1182.0,254182.0,6.1958360544806474,0.39006400207006126,8,16928.0,11.75,65024.0,66.125,0.8781575037147102,4,369.7308120000003,0.8466414123544181,0.8082474226637475,0.2227078976446074,0.998452003217144,39.0,39.0,1,59.375,6.25,4,0.014147292377374785,-0.7472118958413381,-0.079734513274301,-4.423258958726009,-4.333333292063493,-4.428571420902907,-2.9681016163221363,-5.15280338849058,-3.159259258674211,-3.9440433184519543,-3.0416666413194453,18,11
423,13,2026-02-02T12:44:42.491836,0.22578793380253312,0.02590303196803653,-0.014049470265426828,0.23578940416373836,0.021953017984868296,-0.002124778715002838,0.12951515984018264,-0.14049470265426828,0.6736840118963954,0.21953017984868295,-0.04249557430005676,0.34775046500164947,0.06909811552336789,-5.77879557639697e-05,-0.09826897807831575,0.34985764923769536,0.04997815142882805,0.09995975246029085,-0.18944060421325684,-0.29946632215479024,0.3719735068729599,0.24922415602066153,0.09999642581598217,0.0,0.49871003816511117,-0.13881013048616841,-0.09999966172227939,0.39962064854321977,-0.29863477622036827,-0.06734763932885926,1758546.0,1316.0,286271.0,6.142941478529086,0.46295436781711674,7,17184.0,11.875,65024.0,67.125,0.851228978007762,4,352.0069080000001,0.865789999298957,0.8376753506846157,0.21800761596662657,0.9980728922845913,30.0,30.0,1,61.0,6.25,4,1.3305191640626286,0.498141263894224,1.3401327433622388,-4.250169033101757,-4.214285674149661,-4.255411248042578,-3.233429520474036,-5.4661552914547,-3.3259259253100137,-3.8267147986810723,-3.0416666413194453,18,11
423,14,2026-02-02T12:44:42.861736,0.034185440831170255,-0.12700129881174052,-0.07941321878033553,0.23467045608565612,0.00961091754783154,-0.001014995429723185,-0.6350064940587026,-0.7941321878033553,0.670487017387589,0.0961091754783154,-0.020299908594463702,-0.3239816470259595,-0.14254072004049587,0.0039051678952855967,-0.09886894000049812,-0.2348791292505902,-0.03442867732915965,-0.06693274859077081,-0.27715761904820746,-0.29946632215479024,0.36606972899840523,0.24921634398695125,0.09999781242526073,0.0,0.4824021190853618,-0.24925769029835243,-0.09999988370390697,0.3995656835472726,-0.2981355166112901,-0.04557344906251849,1415658.0,1065.0,227447.0,6.224122542834155,0.44152546154448974,7,24672.0,17.1875,65024.0,96.375,0.677050222504768,5,352.3420559999995,0.8558482814889133,0.8275862068787158,0.21432548848194025,0.9991677207373755,101.0,101.0,1,61.9375,6.4375,4,-1.126895622509451,-1.8345724905358214,-1.262699115043689,0.812711291407622,0.845238087188208,0.8095238081220362,-3.228412334846054,-5.711630293450454,-2.011111110738683,-3.759025268044025,-2.8854166426215286,19,9
423,15,2026-02-02T12:44:43.397585,0.1327973462107267,0.052132620781330886,-0.07459058037790177,0.18578724359134174,0.010686872211714125,0.0004644613379221018,0.2606631039066544,-0.7459058037790177,0.5308206959752622,0.10686872211714125,0.009289226758442036,0.3998218386112188,0.14934609528818324,0.004783720324024333,-0.09885682835307316,-0.3451125527726855,-0.04934635912714054,-0.09859660443788777,0.017135078349637893,-0.29946632215479024,0.29249122098353975,0.10296996760452079,0.09999794115050706,0.0,0.48905322985996563,-0.21245854429419056,-0.09999873246501234,0.3994255680951536,-0.29745445512885166,-0.01652220341014792,2159590.0,1592.0,345970.0,6.242130820591381,0.44206107177737103,7,27136.0,18.9375,65024.0,106.0,1.0114358322744599,7,538.7500800000005,0.793136152559918,0.7608695652008507,0.21387063732738038,0.9924421018716633,88.0,47.0,2,63.875,6.625,4,4.20472723102914,3.0631970257376206,3.9816814159274414,2.4787018255410502,2.511904737981859,2.4761904719027,-0.4378730538266586,-5.741953683538852,-2.251851851434842,-3.6191335713941273,-2.729166643923612,14,12
423,16,2026-02-02T12:44:43.828260,0.2333965491530954,0.041987068466376294,-0.052749019658451995,0.2354425353187378,0.009251825765988058,0.0021305590409634446,0.20993534233188146,-0.5274901965845199,0.6726929580535366,0.09251825765988057,0.04261118081926889,0.37699085281041284,0.11969212922518993,0.0038937935816320693,-0.09919796101166684,0.04843634013755684,0.005336737279965319,0.014189319376693306,-0.17412781310514328,-0.29946632215479024,0.3712887688800314,0.24851665310913493,0.09999873417885398,0.0,0.48363799881225994,-0.22153739817319518,-0.09999943137817209,0.3992334117478764,-0.29614712040203667,0.015710123089542293,1818440.0,1380.0,292171.0,6.223889434611922,0.42425514161858113,7,23264.0,16.1875,65024.0,90.875,0.8673790069138906,6,373.7009760000001,0.8645387233554638,0.8333333333137715,0.21022241041852074,0.9926084669119029,99.0,51.0,2,65.875,6.875,4,1.759768368546157,1.092936802872403,1.6011946902647782,-0.1392832995257655,-0.10714285612244967,-0.14285714260977167,-2.9086680235166655,-5.98516864865285,-2.0481481477688614,-3.4747292393684264,-2.5208333123263897,19,11
423,17,2026-02-02T12:44:44.235453,0.197241944385566,0.04132402142776168,-0.0801894520681044,0.23579929341699699,-0.0007315339719665829,0.0037060353613964907,0.2066201071388084,-0.801894520681044,0.6737122669057057,-0.007315339719665828,0.07412070722792981,0.37289734583464046,0.11866413899196508,0.004512627728162291,-0.09816087215161377,-0.3459723618701848,-0.04948413315351568,-0.09884357619180083,-0.1218556435258368,-0.29946632215479024,0.37312102644263634,0.24851350520733512,0.09999921512108666,0.0,0.4041702458153186,-0.24216906785681291,-0.09999907458486602,0.3990482288674503,-0.2935422876513183,0.04491036754170555,1806648.0,1378.0,289686.0,6.236573393260289,0.4660106138693149,7,27280.0,19.0625,65024.0,106.5625,0.9137931034482759,7,373.7719920000001,0.8679545637356182,0.8283261802397355,0.20663779091446255,0.9930344608117739,149.0,69.0,2,67.375,7.1875,4,1.675257288650512,1.074349442279335,1.4912389380524373,2.576064908704692,2.6309523558956913,2.573593069136635,-2.9076049097443692,-6.224143122940414,-1.1222222220144031,-3.3664259903491507,-2.260416647829862,19,6
423,18,2026-02-02T12:44:44.780361,-0.05958570098473195,0.049870289706090476,-0.06462713550718688,-0.029592112462222552,0.008889932029346207,0.004882375713524254,0.24935144853045235,-0.6462713550718687,-0.0845488927492073,0.08889932029346208,0.09764751427048507,0.39762521094586223,0.14738131262897558,0.00234068488398709,-0.09982054928309773,-0.3354709407301043,-0.04811531163446009,-0.09582654412346926,0.19828515360131044,-0.29946632215479024,0.04997730378289517,-0.21367540941873625,0.09999877900147841,-0.1114165165638554,0.47378387779568026,-0.24791170345182237,-0.09999974478835313,0.39843764424802286,-0.2912080662651264,0.06688949718416891,1978706.0,1517.0,319555.0,6.192067093301622,0.3492362811705135,8,26320.0,18.375,65024.0,102.8125,1.158899923605806,7,653.0594399999987,0.7125599573369401,0.5565031982823774,0.20995201832840987,0.9491749530000679,112.0,87.0,1,70.8125,7.375,4,2.908365106211986,2.366171003497567,2.8128761061934457,1.926977687613746,1.976190457369614,1.924242420910402,1.2733449099890015,-6.003194775976158,-1.8074074070727022,-3.1182310446799777,-2.1041666491319453,10,12
423,19,2026-02-02T12:44:45.142922,0.05550731605759544,-0.1371994819450854,-0.05152644435263422,0.23245224138345552,-0.06571721597228376,0.005672746408206616,-0.685997409725427,-0.5152644435263422,0.6641492610955873,-0.6571721597228376,0.11345492816413232,-0.3996667176143149,-0.14993062273241517,0.0013467789041964801,-0.09929960607287795,0.08488682360793151,0.008257020646231501,0.02459357245080502,-0.2071123213413364,-0.29946632215479024,0.35439896766557005,0.24950764783850396,0.0999990523086737,0.0,-0.3431006040390515,-0.24944783273027923,-0.09999897672464736,0.3980780783041908,-0.28920827402274507,0.08123513210239004,1029910.0,812.0,166876.0,6.171708334332079,0.4174539200071713,8,23104.0,16.125,65024.0,90.25,0.8302658486707567,6,336.79905599999944,0.8402995503861717,0.8257080609841894,0.20805154243523613,0.9985046760697253,255.0,105.0,3,72.25,7.5,4,-3.8914800905882596,-4.185873605558935,-3.942831858405335,-0.24746450304092318,-0.16666666507936578,-0.2510822506474771,-3.4610919755297855,-6.1298930843888675,0.8407407405850481,-3.014440431036505,-1.999999983333334,8,11
423,20,2026-02-02T12:44:45.625488,0.02926549459813753,-0.11532639139846197,0.019510415911339517,0.23108052730340253,-0.07044573385259922,0.006129947968137086,-0.5766319569923098,0.19510415911339515,0.6602300780097216,-0.7044573385259922,0.12259895936274172,-0.23761228286352784,-0.12979736848207588,0.002359126341111688,-0.09954610858172513,0.3404544142447174,0.0484370729952593,0.09729618753901494,0.18057324744791145,-0.29946632215479024,0.35037097735400174,0.24701777939020522,0.09999925932155865,0.0,-0.43133678896335254,-0.24948721543764452,-0.09999808555910741,0.3976781714538502,-0.2880471024994907,0.08974714701182696,1477474.0,1121.0,238593.0,6.192444874744859,0.3957028696661402,8,20304.0,14.125,65024.0,79.3125,1.1392276422764227,5,397.12701599999934,0.8357995962055712,0.7864693445922523,0.2062030676829309,0.9925079048731696,280.0,106.0,3,73.5625,7.5625,4,-0.6838718000171513,-1.3141263939299148,-0.7695132743359426,-2.1406355645561823,-2.071428551700681,-2.145021641307322,-2.557978802012289,-6.253124652388172,1.3037037034622772,-2.919675088144639,-1.9479166504340284,18,10
423,21,2026-02-02T12:44:46.131815,0.03484863787029742,-0.1362521904859803,0.004303184381541446,0.17957764315647542,0.009522746946587633,0.006706304335956672,-0.6812609524299015,0.04303184381541446,0.5130789804470727,0.09522746946587633,0.13412608671913342,-0.38669079841745213,-0.14843251379809624,-0.0008246934140547444,-0.09991008265637213,0.3498925449200206,0.049980603116095326,0.0999696221734446,0.012338714558115712,-0.29946632215479024,0.1822771886105411,0.1886265361086711,0.09999906605317214,0.0,0.47964919499253283,-0.24739474096880978,-0.09999975930415353,0.39673216177631454,-0.28014841296677756,0.09451484898652948,1288294.0,980.0,210257.0,6.1272347650732195,0.3146633943243236,9,16976.0,11.8125,65024.0,66.3125,1.008230452674897,5,502.31319600000063,0.7491861928545852,0.7188755019935968,0.2079419718926658,0.9945553108256161,105.0,84.0,1,75.9375,7.875,4,-2.039689820256139,-2.6245353157412152,-2.023318584069901,-4.390804597671462,-4.273809483106577,-4.396103888491595,-0.9833353890743417,-6.137197782357091,-1.9370370366783263,-2.748194943864119,-1.6874999859375006,6,16
423,22,2026-02-02T12:44:46.586635,0.3049726177240335,0.024714553722031875,0.011431401639850106,0.23606716136724437,0.02800832107580058,0.007417599699624716,0.12357276861015937,0.11431401639850106,0.6744776039064125,0.2800832107580058,0.14835199399249432,0.33183120932464494,0.08158373127065786,0.0029759241239485706,-0.0993777587118888,0.3493531529275308,0.04989738886594898,0.0998169999857117,0.08487140594849048,-0.29946632215479024,0.37373436208452593,0.24916737761702146,0.09999935208437438,0.0,0.4988874639671397,-0.11111553573491117,-0.09999956404657157,0.39583513249667684,-0.26732019832299186,0.09709940236365754,1738490.0,1328.0,280172.0,6.205081164427566,0.41151856756499666,8,18304.0,12.6875,65024.0,71.5,1.0581673306772907,5,354.36970799999983,0.8691483535733632,0.8268398268219299,0.20519951846678944,0.9947383487044545,26.0,26.0,0,77.625,8.1875,4,1.1867815268181356,0.6096654274526325,1.0702654867251902,-3.4929006084956535,-3.440476157709752,-3.4978354917786403,-3.1980582629943055,-6.320027888862111,-3.3999999993703702,-2.626353788717434,-1.4270833214409728,19,6
423,23,2026-02-02T12:44:46.937929,0.113218779513006,-0.13201557600047542,-0.014744994398760678,0.23447097814201426,0.02056954988105801,0.007605241669688016,-0.6600778800023771,-0.14744994398760677,0.669917080405755,0.2056954988105801,0.15210483339376032,-0.358439310174334,-0.1447210641644328,0.0029213662051309737,-0.0999071075374312,0.31024992693584247,0.04378643669135704,0.08873009277864227,-0.1221761037705276,-0.29946632215479024,0.36521719928382523,0.24928903900476782,0.09999950763776355,0.0,0.4965012751713069,-0.15109194427929085,-0.09999904834551714,0.39492616162383815,-0.2639480098955954,0.09847568109765498,1370288.0,1046.0,220873.0,6.203963363561866,0.3162917216158844,8,21392.0,14.875,65024.0,83.5625,0.9135371179039301,5,349.0856160000001,0.8545518340923793,0.8318777292394787,0.20314041926887494,0.9957118281600764,57.0,32.0,1,79.0,8.25,4,-1.4520540091160843,-2.0111524161699683,-1.5535840707957727,-1.4050033806531104,-1.3571428442176878,-1.4090909066509252,-3.2771614366351547,-6.457301077207619,-2.8259259254026063,-2.5270758104497646,-1.3749999885416673,19,15
423,24,2026-02-02T12:44:47.380968,0.08637011790569252,-0.12200737737581997,0.007281096322651855,0.22948270903031362,0.0035162879173900674,0.00978067334483737,-0.6100368868790998,0.07281096322651855,0.6556648829437532,0.03516287917390067,0.1956134668967474,-0.3039274638774889,-0.1180326591401578,0.0007317375557352115,-0.09947661479453541,0.30687787040995407,0.042245573641388375,0.08777316721273237,0.11653940323894021,-0.29946632215479024,0.3425794291414484,0.24641585063543653,0.0999995726225417,0.0,0.4535680159492535,-0.24907330973053146,-0.09999975057160278,0.39092346797299704,-0.21579825030595012,0.09920158685087178,1433952.0,1148.0,232818.0,6.1591114089116825,0.4028432717059054,7,21456.0,15.0,65024.0,83.8125,1.0819981149858624,6,403.30817999999954,0.8279863611889848,0.780876494008349,0.20207881359328767,0.9968916508655074,128.0,98.0,2,83.0625,8.8125,4,-0.9957859129087954,-1.0631970259234957,-1.025044247787157,-1.3617308992470472,-1.2380952263038556,-1.3658008634358432,-2.4654464068165574,-6.528074741730994,-1.5111111108312756,-2.23375451102256,-0.9062499924479172,18,15
423,25,2026-02-02T12:44:47.865696,0.28762334330519435,0.04765689592749428,0.031352087546017086,0.23392102987608882,0.006251054947384777,0.010125546341889795,0.2382844796374714,0.3135208754601708,0.6683457996459681,0.06251054947384777,0.2025109268377959,0.39356132146208744,0.13914735785620796,0.0027703479873528577,-0.09971897958301801,0.34997423034291714,0.04999587260649583,0.09999271908151702,0.2762676742117544,-0.29946632215479024,0.36525716947509235,0.2469637341210688,0.09999967203232348,0.0,0.4764759294819704,-0.24456656977791522,-0.0999996237867065,0.38989835285975366,-0.2079719909586049,0.09958253144687874,1908764.0,1439.0,307822.0,6.2008693335758975,0.3716880384814761,8,15920.0,11.0,65024.0,62.1875,1.31897341888176,4,397.73051999999996,0.8546119355844016,0.8044444444265679,0.20009316578775213,0.9888811755686308,109.0,74.0,2,83.8125,8.875,4,2.407103746810595,1.6412639403679117,2.293716814158277,-5.104800540871503,-5.047618999546486,-5.110389601540451,-2.548944310995668,-6.660451173849075,-1.8629629626179698,-2.179602886512922,-0.8541666595486116,18,12
