episode,step,timestamp,total_reward,w_throughput,w_queue,w_energy,w_drops,w_channel,w_airtime,raw_throughput,raw_queue,raw_energy,raw_drops,raw_channel,raw_airtime,throughput_bytes_reward,throughput_packets_reward,throughput_eff_reward,throughput_fairness_bonus,queue_reward,queue_packets_reward,queue_bsr_reward,queue_drain_reward,queue_max_penalty,energy_sleep_reward,energy_consumption_reward,energy_duty_reward,energy_worst_penalty,drops_reward,drops_worst_penalty,drops_fairness_penalty,channel_fcs_reward,channel_rx_reward,channel_recency_reward,airtime_duration_reward,total_bytes,total_packets,total_airtime,throughput_efficiency,throughput_fairness,starving_stas,avg_queue_bytes,avg_queue_packets,max_queue_bytes,avg_bsr_index,drain_ratio,high_queue_stas,total_energy_mj,avg_sleep_ratio,min_sleep_ratio,avg_duty_cycle,sleep_fairness,total_drops,max_drops,high_drop_stas,avg_fcs_errors,avg_rx_fragments,inactive_stas,schedule_duration_ms,beacon_utilization,total_bytes_z,total_packets_z,total_airtime_z,avg_queue_bytes_z,avg_queue_packets_z,avg_bsr_index_z,total_energy_z,avg_duty_cycle_z,total_drops_z,avg_fcs_errors_z,avg_rx_fragments_z,schedule_idx,assignment_idx
419,8,2026-01-31T07:20:09.880120,0.17908165222743275,0.08870512588607292,0.05423645221054492,0.05710274689547118,0.014901200015413767,-0.0046014192798097256,0.2534432168173512,0.2711822610527246,0.5710274689547118,0.09934133343609179,-0.09202838559619451,0.39948669685971555,0.14916785913754052,0.003023284726219456,-0.09978335626099316,0.34988027031640095,0.04998471215162339,0.09996615061941676,0.23009350778215026,-0.29946632215479024,0.289951180426131,0.16649024862661202,0.09693066028759179,0.0,0.4853334021118497,-0.24892564944428366,-0.09999988117351233,0.3996172109425229,-0.2992684748155397,-0.09850069910720374,2085736.0,1579.0,336081.0,6.206051517342545,0.35866327044620583,8,17056.0,11.6875,65024.0,66.625,1.2025894897182026,4,514.3295519999995,0.7917848380219354,0.7618025750909484,0.2687895807939874,0.9905906752231723,96.0,96.0,1,61.0625,5.875,7,3.6754292922051084,2.942379181882678,3.5441150442462193,-4.336713995913883,-4.392857101020409,-4.341991334472743,-0.8034498202390126,-2.0806932266053546,-2.1037037033141286,-3.822202163305269,-3.3541666387152786,14,5
419,9,2026-01-31T07:20:10.457840,0.2184113239453728,0.0755233913622959,0.05240076885868076,0.0644958261836464,0.06176345845623826,-0.004509667415228199,0.21578111817798828,0.2620038442934038,0.6449582618364639,0.4117563897082551,-0.09019334830456398,0.3760208462536914,0.1360715020436594,-0.0004430597037405704,-0.09961683385703683,0.3499974549427593,0.04999961835668146,0.09999928159908138,0.19475849461900216,-0.29946632215479024,0.33123822335442077,0.24043458881354726,0.09857412130752105,0.0,0.4995250622914287,0.0,-0.06180070763282967,0.3993303922445368,-0.2984852729594951,-0.09714668392869001,1815472.0,1425.0,295918.0,6.135050926270115,0.3872156855746278,8,14208.0,9.75,65024.0,55.5,1.1547811993517019,3,436.49958000000015,0.818204563753093,0.7759674134261514,0.262977193593501,0.9995458934976548,3.0,3.0,0,64.9375,6.3125,7,1.738497262276629,1.511152416216435,1.766991150441696,-6.26233941848369,-6.238095178684809,-6.2683982575438995,-1.9685691613819487,-2.468185448309632,-3.825925925217421,-3.5424187700054737,-2.9895833084201398,14,5
419,10,2026-01-31T07:20:11.017174,0.2486721526065151,0.07392864055302124,0.06538030173451467,0.0644510712289905,0.0805120601014796,-0.004337467511230657,0.21122468729434643,0.32690150867257334,0.6445107122899051,0.5367470673431973,-0.08674935022461314,0.3738904549762744,0.13308974725456718,-0.00019112844151254562,-0.0995306780415649,0.3499916343162992,0.04999888578244078,0.09999763745249907,0.2658630275297812,-0.29946632215479024,0.33035917633887674,0.23983913090803693,0.09927326309822222,0.0,0.4995749858380964,0.0,0.1,0.3989490199270146,-0.29717630665695705,-0.09460310681473014,1809342.0,1414.0,294671.0,6.140210607762556,0.3973782866666481,8,15088.0,10.3125,65024.0,58.9375,1.2807971014492754,3,438.5571959999999,0.8175092746638457,0.7849898579962477,0.25789599129835206,0.999678336168843,0.0,0.0,0,68.0625,6.6875,7,1.6945646876700902,1.4089219329545604,1.711814159291278,-5.6673427991503225,-5.702380898072564,-5.67316016333652,-1.9377665266560244,-2.8069320421551676,-3.8814814807626883,-3.316787001215316,-2.6770833110243064,14,12
419,11,2026-01-31T07:20:11.535149,0.17416522647904478,0.01912657981152866,0.08180630345539826,0.06444297197660807,0.044134232214022844,-0.004082407478252759,0.05464737089008189,0.4090315172769913,0.6444297197660808,0.2942282147601523,-0.08164814956505519,0.30908860325247933,0.04025361420983252,0.0008909180520271961,-0.09992604554212388,0.34999999985281016,0.049999999978015436,0.09999999995861653,0.2828976513127113,-0.29946632215479024,0.32801328520149603,0.24262921845407698,0.09959936271797032,0.0,0.4989668137390894,-0.09577838177314756,-0.09999948774355785,0.3987414393885853,-0.296526059312969,-0.08990813860026203,1716202.0,1292.0,278497.0,6.162371587485682,0.30488733323911377,9,6992.0,4.625,65024.0,27.3125,1.3528795811518324,1,427.6454160000005,0.8156918855815009,0.7594339622462397,0.25341741775739035,0.9882470777536396,24.0,24.0,0,69.3125,6.8125,7,1.0270475589828119,0.2750929367774069,0.9961504424774353,-11.1413116970173,-11.11904751315193,-11.149350630044415,-2.1011165266315617,-3.1055034125050343,-3.4370370364005485,-3.226534293699253,-2.5729166452256953,14,16
419,12,2026-01-31T07:20:12.070184,0.24952262918705626,0.08830471005300398,0.05600054126047049,0.059610635361372025,0.0805120601014796,-0.0036428640890095614,0.2522991715800114,0.28000270630235247,0.5961063536137202,0.5367470673431973,-0.07285728178019123,0.3993350484103007,0.14801426536404413,0.0030532927525792498,-0.09973031946776381,0.3499998964817129,0.04999998466397862,0.09999997081753433,0.1795749106237518,-0.29946632215479024,0.30121482422873314,0.18977826723663357,0.09972904373338189,0.0,0.4995749858380964,0.0,0.1,0.3983948503478938,-0.29572714275255896,-0.08151676094003975,2067664.0,1532.0,333136.0,6.206666346477115,0.3696257355776006,8,11840.0,8.0625,65024.0,46.25,1.138187221396731,2,501.5928720000005,0.7979933371677894,0.782786885229861,0.25047930363309623,0.9994441502787071,0.0,0.0,0,71.0,6.9375,7,3.545910615485799,2.5055762079455777,3.413805309733003,-7.863421230508023,-7.845238020521544,-7.87012985650194,-0.9941186824859028,-3.301377556875213,-3.8814814807626883,-3.1046931385525682,-2.468749979427084,14,16
419,13,2026-01-31T07:20:12.633781,0.21326524505876263,0.09056434763961616,0.017562917090497066,0.05870782781084088,0.0805120601014796,-0.002819454083410765,0.2587552789703319,0.08781458545248533,0.5870782781084087,0.5367470673431973,-0.0563890816682153,0.39945377370015356,0.14883849404506086,0.0028704394463103223,-0.09811369485671673,0.3499966282796984,0.049999515759994256,0.09999904814576382,0.014542280584288666,-0.29946632215479024,0.29729876787912124,0.1797211583723142,0.09980572730965921,0.0,0.4995749858380964,0.0,0.1,0.39787801317378246,-0.2928417832732979,-0.06734763932885926,2081396.0,1561.0,335551.0,6.202919973416858,0.4672889441337098,7,14416.0,9.875,65024.0,56.3125,1.0097024579560154,3,507.5237640000004,0.7957694926546239,0.7802874743166265,0.2479812148681345,0.9995432895638022,0.0,0.0,0,72.9375,7.25,7,3.6443253160562703,2.7750929365450654,3.520663716812601,-6.121703853913985,-6.1190475607709764,-6.1277056170948825,-0.9053328741159619,-3.467916696846569,-3.8814814807626883,-2.9648014419026705,-2.2083333149305564,14,16
419,14,2026-01-31T07:20:13.168367,0.19944437098914775,0.09084818512228665,0.008528115560270109,0.05236098040033385,0.0805120601014796,-0.0015425166949621604,0.2595662432065333,0.04264057780135054,0.5236098040033385,0.5367470673431973,-0.030850333899243205,0.399831063384924,0.14949566631302724,0.0034323307075226853,-0.09884069423092244,0.33629376649233444,0.048025208602088566,0.09611690310621351,0.03135362127807724,-0.29946632215479024,0.27980987607204116,0.10562050213132118,0.09984741444458757,0.0,0.4995749858380964,0.0,0.1,0.39729445468614677,-0.2920663069486169,-0.04557344906251849,2163300.0,1606.0,348109.0,6.214432835692269,0.4427658689201199,7,20576.0,14.25,65024.0,80.375,1.020979020979021,5,537.8926080000006,0.7866369155000087,0.7230142566044192,0.24616812023443052,0.9948776833852143,0.0,0.0,0,74.625,7.3125,6,4.2313161138660496,3.1933085498890974,4.076327433626515,-1.9567275185804145,-1.952380933786849,-1.961038957643223,-0.45070946101036446,-3.5887895918449035,-3.8814814807626883,-2.8429602867559853,-2.156249982031251,15,16
419,15,2026-01-31T07:20:13.706962,0.20693267208180552,0.09042681776094115,0.013917584411314802,0.052925744902952536,0.0805120601014796,0.0004129184053777345,0.25836233645983187,0.069587922056574,0.5292574490295253,0.5367470673431973,0.00825836810755469,0.3996259527188836,0.14940401333036185,0.002810951270396246,-0.0992129987386105,0.3497276207000949,0.04995537949770635,0.09992296841350701,0.021879760300810194,-0.29946632215479024,0.2729818262017479,0.14264183933638155,0.09987732510082897,-0.020623275090366152,0.4995749858380964,0.0,0.1,0.3954439975986569,-0.28014841296677756,-0.01652220341014792,2107828.0,1597.0,339879.0,6.201701193660097,0.42330499872413324,7,17664.0,12.25,65024.0,69.0,1.0146124523506987,4,524.6893079999991,0.7833694074063969,0.6792452830028479,0.2445305900790965,0.9758667278458634,0.0,0.0,0,78.25,7.875,6,3.833758564343388,3.109665427220291,3.7121681415912775,-3.925625422556284,-3.857142820408164,-3.9307359239294617,-0.6483636525975643,-3.697958196088102,-3.8814814807626883,-2.5812274349594024,-1.6874999859375006,15,12
419,16,2026-01-31T07:20:14.353689,0.18528805667578335,0.0855712488930049,-0.015162560963598918,0.06332930490412608,0.0805120601014796,0.0023004572410319987,0.24448928255144256,-0.07581280481799459,0.6332930490412608,0.5367470673431973,0.046009144820639974,0.3944629325011972,0.14141025944999872,0.0004267827026450326,-0.0984815957514169,0.3493937701182507,0.04990889488055994,0.09982849563893441,-0.12330456182089249,-0.29946632215479024,0.31861644733583677,0.23249655880490863,0.09991185661502945,0.0,0.4995749858380964,0.0,0.1,0.3940378309156214,-0.2731914778364099,0.015710123089542293,1919368.0,1452.0,311947.0,6.152865711162473,0.4563481783862076,7,18256.0,12.625,65024.0,71.3125,0.9126335637963545,4,457.2263520000005,0.8089077282787153,0.7699115044077454,0.2420499977376882,0.9929634814113385,0.0,0.0,0,80.125,8.0625,6,2.483100650746604,1.7620817842228542,2.476238938052002,-3.5253549695502007,-3.499999966666668,-3.530303024189952,-1.6582881434643213,-3.86333090860018,-3.8814814807626883,-2.445848373685308,-1.531249987239584,15,12
419,17,2026-01-31T07:20:14.955229,0.19360764861975932,0.08263790749650168,-0.006060053329840767,0.06363360857501564,0.0805120601014796,0.004146579276863447,0.23610830713286196,-0.030300266649203832,0.6363360857501563,0.5367470673431973,0.08293158553726894,0.3904636603885342,0.1367936717327477,0.0003241382162744473,-0.09865773991084902,0.34946751897986067,0.04991911174485781,0.0998493675130578,-0.07776038960633286,-0.29946632215479024,0.3209328928588386,0.23533461836608988,0.09993541327705639,0.0,0.4995749858380964,0.0,0.1,0.3926749664450983,-0.2639480098955954,0.04491036754170555,1881088.0,1428.0,305830.0,6.150763496059903,0.4501385691417624,7,18160.0,12.5625,65024.0,70.9375,0.946949602122016,4,451.1217479999999,0.8105124554248087,0.7700892856970962,0.23971694402036395,0.991972630544108,0.0,0.0,0,81.5625,8.25,6,2.208754980936114,1.5390334571060371,2.2055752212379622,-3.5902636916592954,-3.559523775623584,-3.5952380890125752,-1.7496744308757988,-4.018867719397257,-3.8814814807626883,-2.3420577600418353,-1.3749999885416673,15,12
419,18,2026-01-31T07:20:15.542472,0.247013629872334,0.08624059014416185,0.04197323417730311,0.06364004671059041,0.0805120601014796,0.005910152239059317,0.24640168612617674,0.20986617088651552,0.6364004671059041,0.5367470673431973,0.11820304478118633,0.3943718727834342,0.1439141625604894,-0.0004526139528344908,-0.0979800426508848,0.3498114243510955,0.049972279505005254,0.099946676946278,0.16508611996645645,-0.29946632215479024,0.3223473926313423,0.23390641862545974,0.09995167120824883,0.0,0.4995749858380964,0.0,0.1,0.38934373761486757,-0.24696019367576497,0.06688949718416891,1918222.0,1471.0,312676.0,6.1348552495234685,0.4707455082984447,7,17392.0,12.0,65024.0,67.9375,1.1237585943468296,4,454.3240679999999,0.8115130524448915,0.7738359201602254,0.23754147384898552,0.9932700764339287,0.0,0.0,0,84.1875,8.5,6,2.4748874810077632,1.9386617098570011,2.508495575220129,-4.109533468532052,-4.095238056235829,-4.114718607593561,-1.701735508727287,-4.163898967468319,-3.8814814807626883,-2.1525270742581033,-1.1666666569444448,15,12
419,19,2026-01-31T07:20:16.135756,0.2010869194982149,0.08331060671137766,0.0659541432722305,0.06399943624487979,0.011829900303327354,0.007255286466659863,0.2380303048896505,0.32977071636115246,0.6399943624487979,0.07886600202218236,0.14510572933319726,0.39092395227211874,0.13934011507880523,7.70770796805218e-05,-0.09938096315375321,0.34974473267927114,0.04996483002446118,0.09992780977110903,0.294718753076858,-0.29946632215479024,0.3251398545371911,0.23712941997337356,0.0999633439000333,0.0,0.4853334021118497,-0.23698615904910886,-0.09999954304801126,0.38519720856062317,-0.22978029004709896,0.08123513210239004,1884580.0,1440.0,306650.0,6.1457035708462415,0.4112596067521518,7,17616.0,12.125,65024.0,68.8125,1.4723926380368098,4,446.6382359999998,0.8135371446727773,0.7714285714116169,0.23546767878474975,0.9937255102661454,96.0,62.0,2,86.5,8.6875,6,2.2337814981508015,1.6505576206644457,2.241858407078654,-3.9580797836108315,-3.9761904383219964,-3.9632034563407736,-1.8167928739795256,-4.302151879582096,-2.1037037033141286,-1.9855595653533866,-1.0104166582465282,15,12
419,20,2026-01-31T07:20:16.772763,0.24313193868157437,0.07676497212225881,0.07615755559917663,0.021977043270858684,0.0805120601014796,0.009477095436013213,0.21932849177788233,0.3807877779958831,0.21977043270858684,0.5367470673431973,0.18954190872026425,0.3817687354142397,0.13451303943233497,-0.0006219131969412477,-0.09990378947197368,0.3499999861597913,0.04999999797332806,0.09999999610154175,0.29287047759065615,-0.29946632215479024,0.09568802257103164,-0.04946753017733468,0.09995559428192993,-0.01850983186989126,0.4995749858380964,0.0,0.1,0.3735427640604061,-0.18091312133688897,0.08974714701182696,1835106.0,1419.0,299297.0,6.131387885611951,0.3180473656739821,8,10352.0,7.0,65024.0,40.4375,1.4420731707317074,2,581.3943960000009,0.72439466626774,0.6813953488213629,0.23690638240665146,0.9914794249690477,0.0,0.0,0,90.625,9.0625,6,1.879210503683608,1.4553903344372308,1.916504424777913,-8.86950642319899,-8.857142772789118,-8.8766233612526,0.2005149101496376,-4.20623836873099,-3.8814814807626883,-1.6877256305503785,-0.6979166608506948,6,12
419,21,2026-01-31T07:20:17.549522,0.048247767835413284,-0.15517350250525794,0.07587440637901788,0.05640463145480357,0.0805120601014796,0.012386960253582775,-0.443352864300737,0.3793720318950894,0.5640463145480357,0.5367470673431973,0.24773920507165548,-0.09149776263025923,-0.08333463665132201,-0.0060091227007077015,-0.0999495218339309,0.349999999978542,0.04999999999672742,0.09999999999397163,0.24503925832860574,-0.2967296218168464,0.2110240073211377,0.2318980149030758,0.09995491077518781,0.0,0.4995749858380964,0.0,0.1,0.3592234017166776,-0.11022067973748643,0.09451484898652948,1540404.0,1195.0,255839.0,6.020989763093195,0.2857860332438939,9,5568.0,3.625,54272.0,21.75,1.2294238683127572,1,458.3908560000009,0.7586758133061293,0.7389162561394356,0.23702097094713076,0.9929689241315314,0.0,0.0,0,93.75,9.4375,6,-0.2328641458589977,-0.6263940519863955,-0.006415929203536984,-12.104124408302205,-12.071428456462588,-12.112554091579993,-1.6408554488561462,-4.198599137791857,-3.8814814807626883,-1.462093861760221,-0.3854166634548615,6,13
419,22,2026-01-31T07:20:18.202878,0.22989402936475153,0.06104392707592217,0.05514302727721049,0.039631028030584686,0.0805120601014796,0.015320774727767175,0.1744112202169205,0.27571513638605244,0.3963102803058468,0.5367470673431973,0.3064154945553435,0.3544847099539938,0.11595856545015258,-0.0020332351183204134,-0.09939182049160905,0.34999999969284423,0.04999999995509152,0.09999999991361513,0.13148876437561388,-0.29946632215479024,0.1655118203283601,0.057828925494300576,0.0999504517633729,0.0,0.4995749858380964,0.0,0.1,0.3318363947433892,-0.02183631364655691,0.09709940236365754,1768798.0,1373.0,289849.0,6.102480946975839,0.4103721483694772,8,7536.0,5.0,65024.0,29.4375,1.0940239043824702,1,552.2633159999991,0.7440163008838392,0.7086776859357711,0.2377284134905567,0.9942463063531863,0.0,0.0,0,97.5625,9.8125,6,1.4039933491957826,1.0278810407966645,1.4984513274329652,-10.773495605065765,-10.761904659410433,-10.781385262716215,-0.23557910176115401,-4.15143633300533,-3.8814814807626883,-1.1868231038362287,-0.07291666605902808,6,6
419,23,2026-01-31T07:20:18.860706,0.01439912191277954,-0.15046313216908339,0.036101770993139784,0.05328143383556564,0.0805120601014796,0.016723776999890496,-0.4298946633402383,0.1805088549656989,0.5328143383556564,0.5367470673431973,0.33447553999780993,-0.08646228970134497,-0.07530765532899816,-0.0025563690474579384,-0.0998359197886858,0.34999995548015783,0.049999992492378055,0.09999998745386968,0.07439845054489502,-0.29946632215479024,0.20184614500325831,0.19962168698779195,0.09994828994708789,-0.003718246426361763,0.4995749858380964,0.0,0.1,0.2995197830010851,0.040378485380600786,0.09847568109765498,1542252.0,1203.0,253170.0,6.091764427064818,0.3447551746937883,9,11216.0,7.6875,65024.0,43.8125,1.0506550218340611,2,494.8925520000015,0.7555479032585523,0.6962809917211512,0.2380487861086423,0.9995262619329356,0.0,0.0,0,100.5625,10.0625,6,-0.21961987214400855,-0.5520446096141232,-0.12451327433622808,-8.285327924217139,-8.20238087426304,-8.292207777848992,-1.094422874087639,-4.130078172705065,-3.8814814807626883,-0.9702166057976775,0.13541666553819418,6,12
419,24,2026-01-31T07:20:19.629589,0.18824794397747968,-0.07142213553945892,0.12490850956570194,0.05689517935693378,0.0805120601014796,0.019111118341035876,-0.20406324439845405,0.6245425478285097,0.5689517935693378,0.5367470673431973,0.38222236682071753,0.06639817712142071,0.0243188205727384,-0.0051815958623870435,-0.09969859738329155,0.3499999999992659,0.049999999999883256,0.09999999999979406,0.23241819555919283,0.0,0.2301623990387611,0.21947522862843843,0.09994863654377134,0.0,0.4995749858380964,0.0,0.1,0.22121417998984622,0.17275871738573673,0.09920158685087178,1596274.0,1280.0,264373.0,6.037961516493742,0.3751941236120343,8,3072.0,1.875,16128.0,12.0,1.2064090480678604,0,476.7152279999999,0.7655567435205426,0.7133891213239877,0.2379983336701767,0.999753257405727,0.0,0.0,0,105.375,10.6875,6,0.16754579594643754,0.16356877321899835,0.3711946902653225,-13.791751183138665,-13.738095107256237,-13.800865776968198,-1.366538502789442,-4.133441666360442,-3.8814814807626883,-0.6227436818608348,0.6562499945312498,6,12
419,25,2026-01-31T07:20:20.178163,0.07230753381642077,-0.1701291623403682,0.10917346997808493,0.0654037208978208,0.0805120601014796,0.018609898679663946,-0.4860833209724806,0.5458673498904246,0.654037208978208,0.5367470673431973,0.3721979735932789,-0.1347428934069622,-0.09907332994053443,-0.001675066920762168,-0.09982255932949399,0.3499999999995994,0.049999999999935624,0.09999999999988766,0.11247554355182207,0.0,0.3388611300739417,0.2479942410360873,0.09996097083637223,0.0,0.4995749858380964,0.0,0.1,0.19901521077853446,0.18288919379169583,0.09958253144687874,1523984.0,1177.0,249432.0,6.109817505372206,0.34867256269955554,9,2624.0,1.5625,16128.0,10.25,1.078826764436297,0,383.81349600000135,0.8245981077188285,0.7728337236352966,0.2359382375350231,0.9886336254811121,0.0,0.0,0,106.4375,10.75,6,-0.35054324456036245,-0.7936802973240084,-0.28991150442465047,-14.094658552981105,-14.035714152040818,-14.103896079473772,-2.757282993599189,-4.270781317144248,-3.8814814807626883,-0.5460288804721813,0.7083333274305553,14,12
419,26,2026-01-31T07:20:20.901638,0.00966725826555146,-0.2152301625799551,0.0885843630973781,0.06145596520371897,0.0805120601014796,0.016101820291142478,-0.6149433216570146,0.4429218154868905,0.6145596520371897,0.5367470673431973,0.32203640582284954,-0.32863881207186385,-0.08711002716664519,-0.008400795150143305,-0.09987714967813872,0.3499999999974804,0.04999999999956753,0.09999999999929277,0.19316214062989012,-0.16831851907622986,0.2761839169639129,0.2442977041533325,0.0999641350883621,0.0,0.4995749858380964,0.0,0.1,0.08186007222591818,0.24279032106053425,0.0997819160188117,1410800.0,1191.0,236240.0,5.971892990179478,0.33027542568630736,8,3984.0,2.5625,30976.0,15.5625,1.1529525653436592,1,418.9602120000004,0.7848833921151501,0.7533039647411166,0.2353039959070643,0.9917344085957299,0.0,0.0,0,111.125,11.25,6,-1.1617120087147634,-0.6635687731725317,-0.8736283185836842,-13.175118323102264,-13.08333320873016,-13.183982661153276,-2.2311345505641955,-4.313064064153004,-3.8814814807626883,-0.20758122728694495,1.124999990625,6,12
419,27,2026-01-31T07:20:21.553949,0.3095327873044668,0.07544849874503821,0.10552497736580456,0.06517844037587765,0.0805120601014796,0.01413126421652712,0.21556713927153776,0.5276248868290228,0.6517844037587766,0.5367470673431973,0.2826252843305424,0.37430074564428906,0.13934011507880523,-0.0024443608478340044,-0.09938846291294343,0.3499999999996774,0.049999999999949266,0.09999999999990952,0.08684802271391598,0.0,0.3382991827193009,0.2445684702582036,0.09997193682045255,0.0,0.4995749858380964,0.0,0.1,0.010827679116606238,0.26464752667862806,0.09988612809105413,1810484.0,1440.0,297090.0,6.094059039348346,0.4106482663390111,8,2464.0,1.4375,16128.0,9.625,1.0596026490066226,0,417.31707600000027,0.8241025981111978,0.7868852458832111,0.23346394545691207,0.9892056348193506,0.0,0.0,0,113.625,11.5625,5,1.7027491901498075,1.6505576206644457,1.818849557521319,-14.202839756496264,-14.15476176995465,-14.212121187511478,-2.2557323948718926,-4.435734012383186,-3.8814814807626883,-0.027075812254818907,1.3854166551215277,14,12
419,28,2026-01-31T07:20:22.076781,0.22531281345935267,0.06282754774132711,0.03833440812303437,0.06370763339348916,0.0805120601014796,0.01119361760028274,0.1795072792609346,0.19167204061517182,0.6370763339348915,0.5367470673431973,0.22387235200565478,0.3523996588376253,0.12117798020798448,0.0001414450864569102,-0.09944005233889708,0.34999999775179114,0.049999999617211105,0.09999999936719987,0.08596216165024517,-0.29946632215479024,0.3202155557935971,0.23671557556237294,0.09997638488993132,0.0,0.4995749858380964,0.0,0.1,-0.06792754622571191,0.280544437568372,0.09994055693477336,1765480.0,1383.0,287209.0,6.147021855164706,0.4062287168209223,8,9008.0,6.125,65024.0,35.1875,1.05895865237366,2,447.72367199999997,0.8100110999776972,0.7843942504972403,0.23216949150970317,0.9989778225463488,0.0,0.0,0,116.375,11.9375,5,1.3802138577529612,1.120817843762005,1.3816371681409816,-9.778228532726315,-9.690476098185943,-9.785714268769325,-1.8005438320657876,-4.522030884665865,-3.8814814807626883,0.17148014428051975,1.697916652517361,14,12
419,29,2026-01-31T07:20:22.714109,0.16933121556059394,0.08357416901380714,0.0003896792704394778,0.020877027987317123,0.0805120601014796,0.0057350670357631745,0.23878334003944898,0.001948396352197389,0.20877027987317123,0.5367470673431973,0.11470134071526349,0.3872225928068252,0.14345468674227127,-0.0008341896672250059,-0.0980844932242935,0.34999766594177545,0.049999661190073756,0.09999934118154759,-0.0715521568634139,-0.29946632215479024,0.11155847516055556,-0.09542416021414496,0.09997257604570922,0.0,0.4995749858380964,0.0,0.1,-0.18935909674194035,0.28942685496486126,0.09996897375131168,1860390.0,1467.0,303636.0,6.127040271904518,0.46806442746654686,7,14144.0,9.6875,65024.0,55.25,0.9513618677042801,3,594.856548000001,0.7286484760628829,0.7050209204873427,0.23329111019472842,0.9918378506685337,0.0,0.0,0,121.125,12.3125,5,2.060416248602323,1.901486988670865,2.108495575220306,-6.305611899889753,-6.297618987641725,-6.3116883007589815,0.4020441316763557,-4.4472563555138676,-3.8814814807626883,0.5144404328415593,2.0104166499131946,6,16
419,30,2026-01-31T07:20:23.286218,0.19401927922689313,0.09075144035356814,-0.0013021062717371618,0.05213423499299263,0.0805120601014796,0.0031861035508502092,0.2592898295816233,-0.0065105313586858084,0.5213423499299262,0.5367470673431973,0.06372207101700418,0.39973527882356724,0.14959635896729942,0.0033123777597061648,-0.099022008857722,0.31184156057828477,0.04378643669135704,0.08918173148931645,0.01780269803897141,-0.29946632215479024,0.27001112887935763,0.11267114975556122,0.099974246787904,0.0,0.4995749858380964,0.0,0.1,-0.24502094117670797,0.29367402781874746,0.09998380698061256,2131956.0,1618.0,343201.0,6.211974906833022,0.4342164959076087,7,21360.0,14.875,65024.0,83.4375,1.011882426516573,5,535.564656000001,0.7819922741243968,0.7471526195729578,0.23281961617308294,0.9888572340251033,0.0,0.0,0,123.875,12.625,5,4.006679471375454,3.3048327134475057,3.8591592920336906,-1.4266396213561419,-1.3571428442176878,-1.4307359282584664,-0.4855590418434637,-4.478689269334957,-3.8814814807626883,0.7129963893768979,2.2708333144097224,14,6
419,31,2026-01-31T07:20:23.928843,0.171716954234505,0.09295183882408187,0.05290335272980562,-0.013904732894764463,0.0805120601014796,-0.00038049920573777194,0.26557668235451964,0.2645167636490281,-0.13904732894764463,0.5367470673431973,-0.007609984114755438,0.3998437018950058,0.1498900098975967,0.0015879293732610966,-0.0981931988107679,0.34997532163878775,0.04999633582536427,0.09999302753710743,0.22277925612353658,-0.29946632215479024,-0.05243683323199921,-0.24232769933758283,0.09996540121288666,-0.04080658662409451,0.4995749858380964,0.0,0.1,-0.3197054869342204,0.29693217096376007,0.09999154894357781,2168726.0,1688.0,351117.0,6.176647670149836,0.46511578382340607,6,15888.0,10.9375,65024.0,62.0625,1.1912491178546225,4,706.9950359999962,0.6868149132514731,0.6581395348684154,0.2350343924271922,0.9903278679969663,0.0,0.0,0,129.1875,13.0625,5,4.270203250866878,3.955390334204889,4.2094247787592,-5.126436781574534,-5.1071428085034025,-5.132034623147992,2.080764011664499,-4.331037617495441,-3.8814814807626883,1.0965703963201658,2.6354166447048613,5,16
419,32,2026-01-31T07:20:24.434444,0.0034145423786645715,-0.16847072252581993,0.06010201211235967,0.06373922673023381,0.0805120601014796,-0.0012055805393282747,-0.4813449215023427,0.30051006056179835,0.6373922673023381,0.5367470673431973,-0.024111610786565492,-0.12646072711202525,-0.11044701797261655,0.00010211758010811522,-0.09965257042836148,0.34999998645602515,0.049999997717108995,0.0999999961850173,0.2019699778883273,-0.29946632215479024,0.3119351374584509,0.24560100821148156,0.09996979068245293,0.0,0.4995749858380964,0.0,0.1,-0.33725754309683653,0.2979740325709563,0.09999558951724458,1527218.0,1161.0,248481.0,6.1462164109127055,0.38231139929196983,7,10336.0,7.0625,65024.0,40.375,1.1633266533066133,2,410.20518000000266,0.8044956595439442,0.774617067816748,0.23401671612982958,0.9980632438416828,0.0,0.0,0,131.0625,13.3125,5,-0.3273657655591314,-0.9423791820685531,-0.33199115044233096,-8.880324543550506,-8.797618963832202,-8.887445872056372,-2.362197903837955,-4.398882658756255,-3.8814814807626883,1.2319494575942602,2.8437499763020835,14,16
419,33,2026-01-31T07:20:25.151555,0.24332889823277046,0.0805487169636342,0.07053597722360104,0.036229475990186444,0.0805120601014796,-0.00274054419791824,0.23013919132466917,0.35267988611800516,0.36229475990186444,0.5367470673431973,-0.054810883958364795,0.3842301410806354,0.14483550195005626,-0.002408270648683458,-0.09951541882213882,0.3499999992542124,0.04999999988360292,0.0999999997901782,0.26039078766605384,-0.29946632215479024,0.15049696245918842,0.03328014346384642,0.09996697356148045,-1.4893530853044012e-11,0.4995749858380964,0.0,0.1,-0.36905634864769993,0.29902114305616895,0.09999769825578458,1845444.0,1480.0,302790.0,6.094798375111464,0.3989819083703216,8,8192.0,5.5,65024.0,32.0,1.264957264957265,2,559.0544520000005,0.7395675174366234,0.6999999999851064,0.23468550681195552,0.9918672089427856,0.0,0.0,0,136.25,13.75,5,1.9533010348879143,2.0223048325258075,2.0710619469017386,-10.329952670653618,-10.285714187755104,-10.337662319761623,-0.13391538920150164,-4.354296643005203,-3.8814814807626883,1.6064981937859217,3.2083333065972224,6,12
419,34,2026-01-31T07:20:25.766475,0.27231647855013663,0.06751596543076936,0.09460866618219166,0.06438143749310242,0.0805120601014796,-0.0034391971571461617,0.19290275837362675,0.4730433309109583,0.6438143749310241,0.5367470673431973,-0.06878394314292323,0.3575447843951861,0.1321776204106192,-0.0020896389076239664,-0.09947687492191329,0.349999999999297,0.049999999999883256,0.09999999999980279,0.2026771401030213,-0.1397096528775781,0.3264333558388118,0.24385784815475564,0.0999723853191184,0.0,0.4995749858380964,0.0,0.1,-0.38353882255743,0.29947565808437515,0.0999987987710148,1773936.0,1411.0,290746.0,6.10132555563963,0.4028183498549222,8,3040.0,1.875,29440.0,11.875,1.1641914191419143,1,421.471776,0.8144977513469709,0.7239709442923978,0.23334309738534884,0.9773367460198864,0.0,0.0,0,140.75,14.125,5,1.4408164435397297,1.3810408920649584,1.5381415929196733,-13.813387423841695,-13.738095107256237,-13.822510798575738,-2.1935362870967765,-4.44379054511638,-3.8814814807626883,1.9314079408437488,3.5208333039930557,15,16
419,35,2026-01-31T07:20:27.158565,-0.12656476050423418,-0.2223773661945124,0.0603250612872429,-0.010322865041037833,0.0805120601014796,-0.0034391971571461617,-0.6353639034128926,0.3016253064362145,-0.10322865041037833,0.5367470673431973,-0.06878394314292323,-0.39999999987064394,-0.14999999998065633,-0.1,0.09950547536867305,0.349999999999297,0.049999999999883256,0.09999999999980279,0.0,-0.1397096528775781,-0.3999993347775779,0.2499999794238921,0.0999723853191184,-0.14997347424899432,0.4995749858380964,0.0,0.1,-0.38353882255743,0.29947565808437515,0.0999987987710148,0.0,0.0,0.0,0.0,1.0,16,3040.0,1.875,29440.0,11.875,0.0,1,0.0,0.0,0.0,0.23334309738534884,1.0,0.0,0.0,0,140.75,14.125,5,-11.272654301521422,-11.732342006344581,-11.326725663711802,-13.813387423841695,-13.738095107256237,-13.822510798575738,-8.502994010703146,-4.44379054511638,-3.8814814807626883,1.9314079408437488,3.5208333039930557,14,6
420,1,2026-01-31T07:20:48.998382,-0.12186666568085694,0.09002962005612754,-0.09776896467937202,0.0331822756975158,-0.111130707311807,-0.0049164359430609594,0.2572274858746501,-0.4888448233968601,0.33182275697515795,-0.7408713820787134,-0.09832871886121917,0.39955798610121107,0.14970009241876367,0.0014971644158944697,-0.09934296437494487,-0.053069671141384604,-0.009410278508779983,-0.01482500156661856,0.023259626390017947,-0.29946632215479024,0.23622260788696942,0.14105779450582073,-0.09813954616549074,-0.028230835541760122,-0.4889727390974077,-0.2492007078871254,-0.09999569383359724,0.3999825157894435,-0.29998447954135116,-0.09998407473594395,2096174.0,1634.0,339473.0,6.1747885693413025,0.41424780907415193,7,23696.0,16.5,65024.0,92.5625,1.0155376009944064,6,525.3135359999999,0.767852018694789,0.671428571412585,0.3350111332954323,0.9735062185904657,331.0,100.0,4,39.6875,3.5625,10,3.7502365048874986,3.4535315981920505,3.694203539821374,0.15280594996516023,0.19047618866213087,0.14935064909203302,-0.6390189220600289,2.33407399697949,2.2481481477318246,-5.365523461829947,-5.281249955989584,15,12
420,2,2026-01-31T07:20:49.492706,-0.09412432413930719,0.09099662125441553,-0.14169005580307364,0.03680465168413858,-0.04405722257335145,-0.004915865201175908,0.25999034644118724,-0.7084502790153682,0.3680465168413858,-0.2937148171556763,-0.09831730402351814,0.3997554737368643,0.14954880871418433,0.003688596616371161,-0.09861971791861836,-0.30795938775510906,-0.04468967728220455,-0.0879214027923167,0.03700073654154146,-0.29946632215479024,0.27333279408978367,0.10231278551028776,-0.08578052822943012,0.0,0.1405559128965911,-0.24791170345182237,-0.09999884885580802,0.39996884737653027,-0.29997387285737315,-0.09996948674010687,2137494.0,1612.0,343666.0,6.219684228291422,0.45154479269056563,7,25504.0,17.8125,65024.0,99.625,1.024793388429752,6,538.9612799999995,0.7835338239820442,0.768595041306434,0.3192746530838433,0.9985188389653237,194.0,87.0,3,43.6875,3.875,10,4.046369291631737,3.2490706316683013,3.8797345132726195,1.375253549686442,1.440476176757369,1.3722943699181045,-0.43471137718043945,1.2849760156055428,-0.2888888888353908,-5.076714797778545,-5.020833291493057,14,5
420,3,2026-01-31T07:20:50.016694,-0.015771925764646973,0.09096642559088379,-0.1260371695428359,0.04582116073155181,0.009654827813908015,-0.0049147168578943905,0.25990407311681085,-0.6301858477141794,0.4582116073155181,0.06436551875938677,-0.09829433715788781,0.39969728481770644,0.14959635896729942,0.0039179453075440795,-0.09893095345297034,-0.3444404332511224,-0.04926433144764658,-0.0984035343985886,0.23087991399336913,-0.29946632215479024,0.29286816894068746,0.14404318147820216,-0.038235048302725345,0.0,0.47471298059851014,-0.24094124348171475,-0.0999995360961442,0.3999580399117259,-0.2999678215179894,-0.09994153963058766,2122596.0,1618.0,341013.0,6.224384407632553,0.4386904688370773,7,27040.0,18.875,65024.0,105.625,1.2038690476190477,6,524.1314759999998,0.7933389803309125,0.7777777777620651,0.3060421455442255,0.9995238629244223,111.0,67.0,2,45.75,4.0,10,3.939598085026808,3.3048327134475057,3.762345132741698,2.4137931034319555,2.452380929024943,2.4112554070800765,-0.6567144310394172,0.4028094344087435,-1.8259259255877913,-4.927797830377041,-4.916666625694446,14,5
420,4,2026-01-31T07:20:50.567738,0.19077906238669384,0.09036232275529366,0.062360749115855776,0.052566667403707856,0.02162143833941611,-0.0048696617273192265,0.25817806501512475,0.31180374557927887,0.5256666740370786,0.14414292226277406,-0.09739323454638453,0.3995264280051572,0.1496252448351585,0.0027746904653835787,-0.09949588620736094,0.34651691763011344,0.049573220458290934,0.09901388736764166,0.2792232895790416,-0.29946632215479024,0.2940710462203106,0.16486121248783012,0.028867300874107188,0.0,0.49434964412956484,-0.21245854429419056,-0.09999945085330642,0.3999335149548317,-0.29994583176590983,-0.09988801008500812,2091360.0,1622.0,337264.0,6.200958299729589,0.40096265635239636,7,19552.0,13.4375,65024.0,76.375,1.33278553820871,4,515.105712,0.7939902852654024,0.7698574337928746,0.2955432295116475,0.9991007565578394,70.0,47.0,1,48.9375,4.3125,9,3.715735458532543,3.342007434633642,3.596460176989559,-2.6490872210774237,-2.7261904502267584,-2.6536796490845376,-0.7918306585640967,-0.29711783447827494,-2.585185184706447,-4.6976534262110805,-4.656249961197918,14,5
420,5,2026-01-31T07:20:51.145415,0.2202378063698932,0.08772460918044073,0.06054428462326407,0.05936322804836516,0.04866261369863919,-0.004794475680555616,0.25064174051554494,0.30272142311632033,0.5936322804836516,0.3244174246575946,-0.09588951361111231,0.3984337725097525,0.14852258284373654,0.001736104874182878,-0.09978949184290214,0.3499853172799079,0.049997979426363616,0.0999958525150087,0.2390298368774216,-0.29946632215479024,0.3083279804121882,0.20648267515593155,0.07210015278938545,0.0,0.4991089532530769,-0.06253345435417974,-0.09999921439385787,0.39991205306675837,-0.2999088171998316,-0.09978551850770054,2007816.0,1548.0,324906.0,6.17968273900759,0.35722524264978395,8,15504.0,10.625,65024.0,60.5625,1.2179386309992133,3,489.49691999999965,0.8022345016399897,0.7800407331816692,0.2863540846610921,0.9991962710281532,20.0,20.0,0,50.875,4.625,8,3.116991084482189,2.6542750926901224,3.0496460176977656,-5.386071670010913,-5.404761853287983,-5.391774882438486,-1.1751958082073115,-0.9097270827758055,-3.5111111104609054,-4.557761729561182,-4.39583329670139,14,10
420,6,2026-01-31T07:20:51.696537,0.1746509088304408,0.07762173882430098,0.044315953336223304,0.06386430076789375,0.02489475547752051,-0.0047833860752374575,0.22177639664085996,0.2215797666811165,0.6386430076789374,0.16596503651680342,-0.09566772150474914,0.3804478282562057,0.13748003682452156,0.00022384055314635142,-0.09982256426130204,0.34994737689421723,0.04999251537724894,0.09998512763527417,0.17717696683682246,-0.29946632215479024,0.3299144599513038,0.23921672323569104,0.09037373205978855,0.0,0.4980625522628237,-0.1938104453293216,-0.09999977932071165,0.3998606542642759,-0.2998296705769093,-0.09958942076378553,1830108.0,1431.0,297641.0,6.148709351198256,0.3486711717399795,8,16448.0,11.3125,65024.0,64.25,1.1357142857142857,4,440.5853760000003,0.8171605426208882,0.7759674134261514,0.2776162984093262,0.9995913523621468,41.0,41.0,1,54.0625,5.0,8,1.8433907634089781,1.5669144979956393,1.8432300884947597,-4.7478025692714825,-4.749999954761906,-4.753246745016023,-1.90740455061266,-1.4922457778810658,-3.1222222216440327,-4.327617325395222,-4.083333299305557,14,12
420,7,2026-01-31T07:20:52.308935,0.2374299126516169,0.07528451752031437,0.05261823657608106,0.06492347878248467,0.0805120601014796,-0.0046459268284825385,0.21509862148661252,0.2630911828804053,0.6492347878248467,0.5367470673431973,-0.09291853656965077,0.3737692659131113,0.13702635780872674,0.00027118166344705354,-0.09975006686741704,0.3499876508812216,0.04999840752327582,0.09999651194160226,0.19594011846805492,-0.29946632215479024,0.33840758784817176,0.2426583787085775,0.09652853286799871,0.0,0.4995749858380964,0.0,0.1,0.39977316715302824,-0.29960822079746835,-0.09921473800972092,1809008.0,1429.0,294163.0,6.149678919510611,0.365818560701687,8,15376.0,10.5,65024.0,60.0625,1.1561488673139158,3,427.51104000000043,0.8241978637802205,0.786150712814946,0.26972827262257704,0.9996831464217276,0.0,0.0,0,57.4375,5.5,7,1.6921709715332902,1.548327137402571,1.689336283185093,-5.472616632823039,-5.523809471201815,-5.47835496886865,-2.103128143397729,-2.018113813085655,-3.8814814807626883,-4.083935015101852,-3.666666636111112,14,12
420,8,2026-01-31T07:20:52.907202,0.249774411120668,0.0881074943698805,0.05670037621155219,0.06032508850351427,0.0805120601014796,-0.004608154565498223,0.2517356981996586,0.2835018810577609,0.6032508850351427,0.5367470673431973,-0.09216309130996445,0.39902021648135566,0.14870205157471378,0.002053608531730865,-0.09970527783048037,0.349994802668632,0.04999922040996441,0.09999853250849267,0.21798947902346147,-0.29946632215479024,0.30457404576792896,0.19989887630003422,0.09825565839066609,0.0,0.4995749858380964,0.0,0.1,0.39967750767631083,-0.2994646295600155,-0.09850069910720374,2040594.0,1555.0,329863.0,6.186186386469534,0.3740717583240194,8,14736.0,10.125,65024.0,57.5625,1.1843107387661842,3,494.68768799999975,0.7999621415711092,0.7526652451865103,0.26450114836062194,0.9887298817806077,0.0,0.0,0,59.875,5.6875,7,3.3519049393685063,2.719330854765861,3.268982300883509,-5.90534144688367,-5.880952324943312,-5.911255401019472,-1.0974897004345114,-2.3665885315661823,-3.8814814807626883,-3.907942235445529,-3.5104166374131953,14,16
420,9,2026-01-31T07:20:53.503505,0.25069276164322685,0.0813942246753405,0.06084826738663031,0.06374051126730688,0.0805120601014796,-0.004539848287270185,0.23255492764383004,0.30424133693315153,0.6374051126730688,0.5367470673431973,-0.0907969657454037,0.3883854423941746,0.13989879663760074,0.0008185581378337002,-0.09940850064156691,0.3499999762285797,0.049999996324706156,0.09999999330268515,0.20607676173162004,-0.29946632215479024,0.3235674719110049,0.23476202488399017,0.09912574655677671,0.0,0.4995749858380964,0.0,0.1,0.3995772791161898,-0.2993407613562452,-0.09714668392869001,1867150.0,1443.0,303065.0,6.160889578143302,0.40897749160357816,8,10752.0,7.3125,65024.0,42.0,1.168421052631579,2,452.44042800000045,0.8123892716742793,0.7882599580547535,0.2592875888852401,0.9990589760626026,0.0,0.0,0,61.75,5.8125,7,2.1088639165207903,1.6784386615540479,2.0832300884946533,-8.599053414411095,-8.559523728004537,-8.606060591158336,-1.7299337123158716,-2.714158931544704,-3.8814814807626883,-3.7725631741714345,-3.406249971614584,14,16
420,10,2026-01-31T07:20:54.156744,0.21489945274657338,0.05956300476185659,0.06887461416916511,0.06520683305562579,0.05692420219918712,-0.004406747939000947,0.17018001360530455,0.3443730708458255,0.6520683305562579,0.37949468132791414,-0.08813495878001894,0.35196402082654005,0.11482045805192453,-0.0025016938749738817,-0.09962522882178046,0.3499999951009638,0.04999999930582664,0.09999999862063931,0.25093533229271014,-0.29946632215479024,0.33795366403217153,0.2449752853261406,0.09956219678314457,0.0,0.49942849557641955,0.0,-0.09995931460438896,0.3993769989272267,-0.29900057061973234,-0.09460310681473014,1764804.0,1371.0,289650.0,6.092884515794925,0.3861059308269254,8,9584.0,6.4375,65024.0,37.4375,1.2418478260869565,2,414.689352,0.823799978826518,0.798387096758097,0.2540841622709078,0.9999250298044777,8.0,8.0,0,64.4375,6.0625,7,1.3753690909611145,1.0092936802035966,1.4896460176984558,-9.388776200071746,-9.392857053401363,-9.396103879833586,-2.2950695804947507,-3.0610538079036074,-3.7333333326419753,-3.578519853011899,-3.197916640017362,14,16
420,11,2026-01-31T07:20:54.691023,0.05049846657210063,-0.10319612037402259,0.07826251789010161,0.06563248823009486,0.04523426848732419,-0.004172234161137128,-0.2948460582114931,0.391312589450508,0.6563248823009487,0.3015617899154946,-0.08344468322274257,0.05741683499499998,-0.06440351554760264,-0.0014192786408975468,-0.09985429634722405,0.3499999990740657,0.04999999988360292,0.09999999973947242,0.2617990743072354,-0.29946632215479024,0.34267461117553416,0.24748748158372966,0.09976982072533197,0.0,0.49900434252942905,-0.08776816149472712,-0.09999943837734471,0.39917607438627845,-0.29876955387604953,-0.08990813860026203,1593064.0,1213.0,260515.0,6.115056714584573,0.3388115460823558,9,8352.0,5.5,65024.0,32.625,1.2688284518828452,1,391.37128800000147,0.8280757199033495,0.8032454360891836,0.24925453030512906,0.9999319057697632,23.0,23.0,0,66.375,6.1875,7,0.14454032049994664,-0.4591078066487827,0.2004867256636281,-10.22177146713846,-10.285714187755104,-10.229437211723917,-2.6441423948137297,-3.3830290576386903,-3.455555554915638,-3.438628156362001,-3.093749974218751,14,16
420,12,2026-01-31T07:20:55.309610,0.23600805879696324,0.0800975910119915,0.04557434031881314,0.06483829926788814,0.0805120601014796,-0.0037517784029488196,0.22885026003426145,0.2278717015940657,0.6483829926788814,0.5367470673431973,-0.07503556805897639,0.3909755109086275,0.13505002964143842,-0.0008072680333051426,-0.09943690984599898,0.34999999995010544,0.049999999992469873,0.09999999998597796,0.08039350463591308,-0.29946632215479024,0.3347818597132109,0.2414828851050288,0.09986389849690139,0.0,0.4995749858380964,0.0,0.1,0.3987968877277835,-0.2983194438197274,-0.08151676094003975,1884982.0,1421.0,307622.0,6.127591654693098,0.4065093261418395,8,6192.0,4.0625,65024.0,24.1875,1.0549368968077208,1,432.55132800000047,0.821091800508182,0.8050314465240035,0.2453100678548036,0.9996104127670626,0.0,0.0,0,69.0,6.375,7,2.2366625576926986,1.4739776950302987,2.284867256636157,-11.68221771459309,-11.654761793764175,-11.690476170232941,-2.0276747302353715,-3.645993045684395,-3.8814814807626883,-3.2490974705782687,-2.937499975520834,14,16
420,13,2026-01-31T07:20:55.879488,0.20511294633607624,0.09026804195483173,0.009437602922924126,0.05919427402040822,0.0805120601014796,-0.0030365791633071406,0.25790869129951927,0.047188014614620626,0.5919427402040822,0.5367470673431973,-0.06073158326614281,0.39939365428238266,0.14843829978918227,0.0026819901439012655,-0.09837205699145879,0.3499849961463167,0.04999772398407293,0.09999576176591869,-0.0009702424127750407,-0.29946632215479024,0.2989680168309296,0.18540392308813403,0.0998995207740147,0.0,0.4995749858380964,0.0,0.1,0.3986103075164504,-0.29793152921906185,-0.06734763932885926,2074106.0,1545.0,334584.0,6.199059130143701,0.4598586458387155,7,15520.0,10.6875,65024.0,60.625,0.999353169469599,4,504.2687759999996,0.796708392691327,0.7908902691347641,0.24303285657271023,0.9996786653742682,0.0,0.0,0,70.0,6.5,7,3.592079236303959,2.6263940518005207,3.4778761061931514,-5.375253549659397,-5.345238044331067,-5.380952371634715,-0.9540602393781408,-3.797807029947964,-3.8814814807626883,-3.1768953045654182,-2.833333309722223,14,16
420,14,2026-01-31T07:20:56.422964,0.19830849852258686,0.08973298800547178,0.0012880899449849055,0.05997063310122004,0.0805120601014796,-0.0019328191303091492,0.2563799657299194,0.0064404497249245275,0.5997063310122004,0.5367470673431973,-0.03865638260618298,0.39907657496561744,0.1479395735059751,0.002423087041975744,-0.09893431580818866,0.349920623238668,0.049987950834044365,0.09997756275373261,-0.04166044470471331,-0.29946632215479024,0.3010089983062989,0.19538619013266634,0.09992405964627604,0.0,0.4995749858380964,0.0,0.1,0.3982116547315231,-0.29717630665695705,-0.04557344906251849,2044732.0,1530.0,330128.0,6.193755149517763,0.4385321163795797,7,16752.0,11.5625,65024.0,65.4375,0.9720457433290979,4,497.90492400000005,0.7978745884658474,0.7868852458855147,0.24093191505807066,0.9995271908057878,0.0,0.0,0,71.75,6.6875,7,3.381561218931615,2.4869888473525097,3.2807079646003183,-4.542258282592683,-4.511904718934241,-4.547619039744383,-1.0493274848728547,-3.9378697042154864,-3.8814814807626883,-3.0505415140429304,-2.6770833110243064,14,16
420,15,2026-01-31T07:20:57.124237,0.007606861294572637,0.09063426234442425,-0.10464886391124134,-0.018202264978200794,0.0805120601014796,-0.0003232669415292144,0.2589550352697836,-0.5232443195562066,-0.18202264978200794,0.5367470673431973,-0.006465338830584288,0.3999240821872427,0.1499069478008358,0.0019446414396189636,-0.09851255664557024,-0.14930440602820613,-0.02020633698789293,-0.04238541833213352,0.11159533392217477,-0.29946632215479024,-0.08740304550502181,-0.2457032133726034,0.09987141327740451,-0.04654431349150063,0.4995749858380964,0.0,0.1,0.3962606352906224,-0.2920663069486169,-0.01652220341014792,2219112.0,1697.0,358850.0,6.183954298453393,0.4553103210435034,7,24144.0,16.75,65024.0,94.3125,1.0781448538754765,6,726.5868719999996,0.6777911642899168,0.6518691588632741,0.24488380541676294,0.9909614432244565,0.0,0.0,0,76.875,7.3125,7,4.631310380414196,4.039033456873695,4.551592920351968,0.4557133198076017,0.4285714244897953,0.4523809515976082,2.3740549697044777,-3.674410522608788,-3.8814814807626883,-2.680505413227072,-2.156249982031251,5,12
420,16,2026-01-31T07:20:57.677606,0.19450017302085051,0.08956444152390426,-0.003131996101046137,0.05749312819246229,0.0805120601014796,0.0013249928043108153,0.2558984043540122,-0.015659980505230684,0.5749312819246228,0.5367470673431973,0.026499856086216304,0.39885174952849356,0.1470210451659614,0.0031939286786571014,-0.09907717732106487,0.34923105055999987,0.04989738886594898,0.09978244027026732,-0.06278698716894673,-0.29946632215479024,0.2823122441332006,0.19357051149768947,0.09989770655536724,-0.014722425356240668,0.4995749858380964,0.0,0.1,0.3951920040689312,-0.2902585115002954,0.015710123089542293,2029510.0,1510.0,326837.0,6.2095478786061555,0.4312994623980604,7,18432.0,12.6875,65024.0,72.0,0.9575142675967026,4,499.1337119999989,0.7878726204252768,0.6852300241964835,0.24316713407703872,0.9721138732025383,0.0,0.0,0,78.625,7.4375,7,3.272467964337695,2.301115241421829,3.135088495573834,-3.406355645683527,-3.440476157709752,-3.411255405348476,-1.0309324549355054,-3.7888552022939503,-3.8814814807626883,-2.5541516227045835,-2.0520833162326393,15,6
420,17,2026-01-31T07:20:58.307912,0.20208711061535456,0.08477545589961379,0.001292676768294471,0.06377673481405978,0.0805120601014796,0.0029926365321672286,0.24221558828461084,0.006463383841472355,0.6377673481405978,0.5367470673431973,0.059852730643344565,0.3939154649383666,0.14025543870198912,0.00040948847399213374,-0.09917883388818817,0.34821462471510084,0.049734478639458846,0.09949468202727153,-0.03919515818882716,-0.29946632215479024,0.3241129431291694,0.23441356761669238,0.09992657892966086,0.0,0.4995749858380964,0.0,0.1,0.39293239715701767,-0.2837808550601808,0.04491036754170555,1912742.0,1445.0,310888.0,6.152511515401045,0.4254383527359534,7,19056.0,13.1875,65024.0,74.4375,0.9737196765498652,4,453.21962399999984,0.8127850618933756,0.7765486725491914,0.24067879112616353,0.9939341456490314,0.0,0.0,0,81.3125,7.75,7,2.4356133360087693,1.6970260221471158,2.4293805309723764,-2.984448951974412,-2.964285686054423,-2.9891774840014245,-1.718269101539184,-3.9547446217593496,-3.8814814807626883,-2.360108301545048,-1.7916666517361117,15,12
420,18,2026-01-31T07:20:58.969446,0.20412680914066228,0.083226400616752,0.03786756899943447,0.06413846211522116,0.04523426848732419,0.004922562422190756,0.2377897160478629,0.18933784499717232,0.6413846211522115,0.3015617899154946,0.09845124844381513,0.389560599207289,0.1397157826916908,-0.00031518865697323806,-0.09825603543608621,0.34929473661218013,0.04989738886594898,0.09980046621516976,0.1444428663707753,-0.29946632215479024,0.32727095774207227,0.23746513770951,0.09994661528657715,0.0,0.49900434252942905,-0.08776816149472712,-0.09999943837734471,0.3897167221425367,-0.26732019832299186,0.06688949718416891,1874696.0,1442.0,305441.0,6.137669795476049,0.46333008514052143,7,18368.0,12.6875,65024.0,71.75,1.1049808429118775,4,445.7324520000003,0.8151279164567962,0.769736842088383,0.23828789064871553,0.9925865580836765,23.0,23.0,0,83.9375,8.1875,6,2.162944700856996,1.6691449812575136,2.1883628318574386,-3.44962812708959,-3.440476157709752,-3.454545448563558,-1.8303525146960506,-4.114137880660377,-3.455555554915638,-2.170577615761316,-1.4270833214409728,15,12
420,19,2026-01-31T07:20:59.567559,0.1968288972155707,0.08880445784453661,0.06670934204033382,0.002360971857705946,0.053424379483873775,0.007286533837333124,0.25372702241296174,0.3335467102016691,0.02360971857705946,0.35616252989249186,0.14573067674666249,0.39787495699241165,0.1479011879110343,0.0015882582031247555,-0.09969701688178824,0.3499964021678323,0.049999515759994256,0.09999898428644387,0.2986039096025094,-0.29946632215479024,0.03769954867479787,-0.19754275661995147,0.09992983798518346,-0.01232645275100466,0.4992315531150986,-0.026749068658873002,-0.0999984832174054,0.37911512431267264,-0.2230597574444885,0.08123513210239004,1986480.0,1529.0,321611.0,6.176654405477424,0.37545602535950956,7,14464.0,9.875,65024.0,56.5,1.60609243697479,4,639.6020400000016,0.7094529434722319,0.6876456876296586,0.24033813968398132,0.9927604063790868,16.0,16.0,0,88.9375,8.75,6,2.964079924318223,2.477695167055976,2.903849557520839,-6.089249492859437,-6.1190475607709764,-6.0952380846835705,1.071886826186867,-3.977454702764776,-3.585185184521262,-1.8095667856970636,-0.9583333253472227,6,12
420,20,2026-01-31T07:21:00.189090,0.2252941279706342,0.048626048859887396,0.0688844252276196,0.03993140295899341,0.0805120601014796,0.009096978670866744,0.13893156817110686,0.34442212613809803,0.39931402958993406,0.5367470673431973,0.18193957341733488,0.344495893251362,0.09177964987635064,-0.0009467639635278972,-0.09988760607921389,0.34999999530843595,0.04999999930582664,0.09999999867907787,0.2855973477716619,-0.29946632215479024,0.14990688028879268,0.07660623670253405,0.0999220985130148,0.0,0.4995749858380964,0.0,0.1,0.3656687343578144,-0.18091312133688897,0.08974714701182696,1754026.0,1339.0,286384.0,6.124734622045924,0.3258249666250971,9,9552.0,6.4375,65024.0,37.3125,1.3705220061412486,3,546.851448,0.739395781398616,0.7127882599431281,0.24112321484146695,0.9999235071138384,0.0,0.0,0,92.5,9.0625,6,1.2981251612532394,0.7118959107145071,1.3451327433622366,-9.410412440774778,-9.392857053401363,-9.417748901441128,-0.3165950897729648,-3.9251163938246068,-3.8814814807626883,-1.5523465692762841,-0.6979166608506948,6,6
420,21,2026-01-31T07:21:00.905763,-0.012556845058778736,-0.22030652482824753,0.07827765705858925,0.06037931887213752,0.0805120601014796,0.010337431585475024,-0.629447213794993,0.39138828529294617,0.6037931887213752,0.5367470673431973,0.20674863170950045,-0.30249826955787984,-0.13602204390762523,-0.006460917499130677,-0.09991364417028607,0.34999999999817866,0.04999999999973137,0.09999999999948883,0.17319653365188456,-0.2107743970712047,0.26001091424848416,0.24275540075386068,0.09992852109922482,0.0,0.4995749858380964,0.0,0.1,0.3540469293888251,-0.14827456036240177,0.09451484898652948,1435124.0,1100.0,238721.0,6.011720795405515,0.31264177708931956,9,3744.0,2.3125,33792.0,14.625,1.131687242798354,1,427.0601280000004,0.7775345955485631,0.7625272330988556,0.24047765343714075,0.999966971628629,0.0,0.0,0,94.625,9.25,6,-0.9873864059856529,-1.50929368015713,-0.7638495575217858,-13.337390128375002,-13.321428444557824,-13.346320323209834,-2.1098783230374374,-3.9681537920880876,-3.8814814807626883,-1.398916966498977,-0.5416666621527781,6,5
420,22,2026-01-31T07:21:01.623984,0.23127723716481094,0.06524567218123509,0.0472055106450184,0.04387849588676285,0.0805120601014796,0.016192286198527556,0.18641620623210026,0.23602755322509197,0.4387849588676284,0.5367470673431973,0.3238457239705511,0.35166284583564034,0.1327906901514864,-0.0036750862686347327,-0.09935117102051683,0.3499999974949341,0.049999999617211105,0.09999999929487173,0.16637991670481467,-0.2987870196658523,0.18036484599131963,0.09453842908651523,0.09992444154256419,0.0,0.4995749858380964,0.0,0.1,0.29872414072369224,0.024942289930079835,0.09709940236365754,1764340.0,1413.0,290721.0,6.068842636066882,0.4136172970549417,8,9088.0,6.125,60160.0,35.5,1.125,3,541.4200440000002,0.7485844585878484,0.7217573221606327,0.24089408884105126,0.993297728914112,0.0,0.0,0,100.625,10.0,5,1.3720436889028056,1.3996282526580264,1.5370353982294083,-9.724137930968736,-9.690476098185943,-9.731601714750473,-0.39790353287456254,-3.940391450335615,-3.8814814807626883,-0.9657039704218744,0.0833333326388886,6,16
420,23,2026-01-31T07:21:02.238248,-0.02738957465732259,-0.1695961895888378,0.012359097606117026,0.05411823584428548,0.0805120601014796,0.016974009227845675,-0.4845605416823937,0.06179548803058513,0.5411823584428548,0.5367470673431973,0.3394801845569135,-0.12645040625446988,-0.10505575625376523,-0.0020076662311700718,-0.09980805931092644,0.3497708979583494,0.04996483002446118,0.09993521224498762,0.0313264377795935,-0.29946632215479024,0.20660513801136327,0.20336596804699103,0.09992239808414706,0.0,0.4995749858380964,0.0,0.1,0.26932692309908335,0.07053064556306689,0.09847568109765498,1527222.0,1169.0,250241.0,6.103004703465859,0.3526036965977564,9,17536.0,12.125,65024.0,68.5,1.0209606986899564,5,492.03607200000124,0.7571572024746249,0.7034764826032008,0.2410943066629145,0.9937391011288268,0.0,0.0,0,102.6875,10.1875,5,-0.32733709830000807,-0.8680297396962807,-0.25411504424767517,-4.01217038536841,-3.9761904383219964,-4.017316010359626,-1.1371845507279479,-3.9270436044432957,-3.8814814807626883,-0.8167870030203703,0.2395833313368053,6,6
420,24,2026-01-31T07:21:02.955282,0.17673140553843333,-0.04224647767530311,0.08805041201992171,0.05394547506270164,0.0805120601014796,0.01822672387784606,-0.12070422192943747,0.44025206009960854,0.5394547506270164,0.5367470673431973,0.3645344775569212,0.14999133742608894,0.025674149270048807,-0.0044930545959395085,-0.09966251676965102,0.3499999999981388,0.04999999999969741,0.09999999999947766,0.2323015515086877,-0.2107743970712047,0.20732719806011254,0.20020927069898184,0.09992122046277968,-0.0004201669830090699,0.4995749858380964,0.0,0.1,0.2057298113289539,0.16200235124441156,0.09920158685087178,1627900.0,1281.0,268982.0,6.052077834204519,0.3808566008567533,8,3760.0,2.375,33792.0,14.6875,1.2062146892655368,1,494.4570839999991,0.7574037131819106,0.699579831918076,0.24120730959712455,0.999240569682916,0.0,0.0,0,106.125,10.625,5,0.3942034802052293,0.1728624535155324,0.5751327433625774,-13.326572008023486,-13.261904635600908,-13.335497812406064,-1.1009418561226272,-3.9195100805183087,-3.8814814807626883,-0.568592057351197,0.6041666616319442,6,6
420,25,2026-01-31T07:21:03.550780,0.05030035166685531,-0.1558639293859991,0.0740161102564329,0.06519375484165539,0.0805120601014796,0.01770480935354683,-0.44532551253142605,0.3700805512821645,0.6519375484165538,0.5367470673431973,0.3540961870709366,-0.09868662927404237,-0.08138719954428282,-0.003354794567990373,-0.0998203590400335,0.3499999999987116,0.04999999999978829,0.09999999999963846,0.14827456036240177,-0.2107743970712047,0.336202892501291,0.2481417189048609,0.09994102001072687,0.0,0.4995749858380964,0.0,0.1,0.15407515720827605,0.20129012226206205,0.09958253144687874,1537746.0,1197.0,253110.0,6.075405949982221,0.3492893077468742,9,3488.0,2.1875,33792.0,13.625,1.1083333333333334,1,381.25282799999934,0.8222898948793158,0.7518610421649662,0.23903565389566375,0.9771328283930883,0.0,0.0,0,108.375,10.875,5,-0.2519135395464659,-0.6078066913933274,-0.12716814159286408,-13.510480053999254,-13.440476062471657,-13.519480496070164,-2.795616346886894,-4.064287030764396,-3.8814814807626883,-0.4061371838222836,0.8124999932291666,15,12
420,26,2026-01-31T07:21:04.287342,-0.007744040461864013,-0.22374598607523868,0.08025613730827291,0.061635554562293006,0.0805120601014796,0.015354981489541751,-0.6392742459292534,0.40128068654136456,0.61635554562293,0.5367470673431973,0.307099629790835,-0.34136843089551866,-0.11527960907026533,-0.007612125602195298,-0.09987977056158902,0.34999999999893955,0.04999999999983314,0.09999999999970245,0.18493261812769812,-0.2107743970712047,0.27785301548299585,0.2454561494992305,0.09994651011448714,0.0,0.4995749858380964,0.0,0.1,0.04136780727383976,0.2610184985228015,0.0997819160188117,1395884.0,1153.0,233110.0,5.988091458967869,0.32919652932216975,8,3344.0,2.0625,33792.0,13.0625,1.1438492063492063,1,411.2970840000007,0.7856852681218464,0.7571743929192677,0.2383026556489699,0.9927222302737972,0.0,0.0,0,112.5625,11.5,5,-1.2686122179857473,-1.0167286244408253,-1.0121238938048618,-13.607843137162895,-13.559523680385489,-13.616883093304098,-2.3458520355769577,-4.113153547966307,-3.8814814807626883,-0.10379061364347247,1.3333333222222221,6,12
420,27,2026-01-31T07:21:04.946580,0.26088786988677104,0.07153969763781594,0.06233893439338776,0.06521533322956136,0.0805120601014796,0.0125442980247867,0.20439913610804555,0.3116946719669388,0.6521533322956136,0.5367470673431973,0.250885960495734,0.370401288121503,0.13154413584830696,-0.002429329931035447,-0.09939135476805543,0.34999999999893955,0.04999999999981205,0.09999999999970245,0.0821794758785737,-0.2107743970712047,0.33818562885368464,0.24540232796317693,0.09995864563035235,0.0,0.4995749858380964,0.0,0.1,-0.03241970545152261,0.2737200013701233,0.09988612809105413,1800276.0,1409.0,295400.0,6.094366960054164,0.41041053883309675,8,3344.0,2.125,33792.0,13.0625,1.0562218890554722,1,411.6940080000006,0.8240029721166925,0.7757009345613154,0.23637234178691868,0.9884594037264061,0.0,0.0,0,115.125,11.75,5,1.6295903448670104,1.3624535314718902,1.7440707964594053,-13.607843137162895,-13.499999871428573,-13.616883093304098,-2.3399100595299447,-4.241841052978052,-3.8814814807626883,0.08122743676445672,1.5416666538194443,14,12
420,28,2026-01-31T07:21:05.578518,0.18844646470334556,0.038199387385891376,0.02566990902997146,0.06495689357077106,0.0805120601014796,0.010370668115492358,0.1091411068168325,0.1283495451498573,0.6495689357077106,0.5367470673431973,0.20741336230984714,0.3205047131023151,0.08256043251016601,-0.0012383612236219175,-0.09944368274529536,0.3499999617370791,0.049999993334992,0.09999998921779452,0.055557556088032915,-0.29946632215479024,0.33438038815416193,0.2441940556695887,0.09996710584427405,0.0,0.4995749858380964,0.0,0.1,-0.0887516875008696,0.2841064003268467,0.09994055693477336,1726678.0,1329.0,282194.0,6.11876226992778,0.40590257750246533,8,11104.0,7.625,65024.0,43.375,1.0374707259953162,3,419.56886400000064,0.820757626101595,0.7708779443089747,0.23465540132443444,0.9947326192601408,0.0,0.0,0,117.125,12.0625,5,1.102127110626874,0.6189591077491666,1.159734513273823,-8.361054766677748,-8.261904683219957,-8.367965353475384,-2.2220229936793285,-4.356303674168587,-3.8814814807626883,0.22563176879015756,1.8020833183159721,15,12
420,29,2026-01-31T07:21:06.399914,0.17121810720921382,0.08088197547977552,-0.0003934998596542862,0.027739313937586815,0.0805120601014796,0.004235045398238728,0.23109135851364435,-0.0019674992982714307,0.2773931393758681,0.5367470673431973,0.08470090796477456,0.3850184995975001,0.13914735785620796,-0.0013190705348707,-0.09922959043547963,0.3499993763710754,0.04999989697564383,0.09999982406684864,-0.07547048661836252,-0.29946632215479024,0.13144903670608818,-0.04242609836897474,0.09996295042893355,0.0,0.4995749858380964,0.0,0.1,-0.22246403388368896,0.29222776348158247,0.09996897375131168,1849092.0,1439.0,302282.0,6.117109189432385,0.42223545579744765,7,13168.0,9.0625,65024.0,51.4375,0.948582729070534,3,579.4470000000003,0.7341283302018659,0.7104166666518663,0.23554777045505174,0.9929560910763644,0.0,0.0,0,122.6875,12.5,5,1.9794455752084124,1.6412639403679117,2.048584070795554,-6.965517241332215,-6.892857077210886,-6.971861459788984,0.17136227542345392,-4.296812438454925,-3.8814814807626883,0.627256317236638,2.1666666486111112,6,16
420,30,2026-01-31T07:21:06.895720,0.18722336775463522,0.0907981516514826,-0.009398816154048707,0.05386214051747465,0.0805120601014796,0.002712285138507374,0.25942329043280743,-0.04699408077024353,0.5386214051747464,0.5367470673431973,0.05424570277014748,0.3996589207470555,0.1492273307641163,0.003579463170698336,-0.09870062236498378,0.2893673534113159,0.0413500307794393,0.08280240652015369,0.008574538159845418,-0.29946632215479024,0.2770263097121414,0.1290442359981007,0.0999658391350866,0.0,0.4995749858380964,0.0,0.1,-0.253844083543871,0.29298764520258336,0.09998380698061256,2114268.0,1583.0,340054.0,6.2174478171114,0.4485043062900808,7,21728.0,15.0625,65024.0,84.875,1.00571791613723,5,529.8495840000002,0.7852869850983695,0.7610993657344376,0.23493884146096655,0.9968749678935057,0.0,0.0,0,124.375,12.5625,5,3.8799128515319867,2.979553903068814,3.719911504423133,-1.1778228532712791,-1.1785714173469395,-1.1818181797717437,-0.5711140118905494,-4.337407677663777,-3.8814814807626883,0.7490974723833231,2.218749981510417,14,16
420,31,2026-01-31T07:21:07.467278,0.18762181976179426,0.08858322731863064,0.036278921627770626,0.003567396744113698,0.0805120601014796,0.0004370018180122947,0.25309493519608756,0.1813946081388531,0.03567396744113698,0.5367470673431973,0.008740036360245894,0.3975462805969042,0.1463534435233698,0.0018353325285802287,-0.09874313399780064,0.3499856315402872,0.049997979426363616,0.09999594132101818,0.10994093043514776,-0.29946632215479024,0.04742605135015291,-0.20577255037489325,0.09995835685490087,-0.0022772577448708304,0.4995749858380964,0.0,0.1,-0.30264898474992585,0.2962260587178645,0.09999154894357781,1976418.0,1499.0,319720.0,6.181715250844489,0.4468304057818854,7,15488.0,10.625,65024.0,60.5,1.076867816091954,3,645.9104520000008,0.7119125446012831,0.697722567273339,0.2364245427261646,0.9993215788570535,0.0,0.0,0,127.6875,12.9375,5,2.8919674339934285,2.1988847581599544,2.8201769911491943,-5.396889790362429,-5.404761853287983,-5.402597393242256,1.166324131561939,-4.238360992681699,-3.8814814807626883,0.9882671473008902,2.53124997890625,6,16
420,32,2026-01-31T07:21:07.937795,-0.06578579942796905,-0.22369827601208517,0.045170466401624025,0.06423213802918525,0.0805120601014796,-0.0007397344479124625,-0.6391379314631005,0.2258523320081201,0.6423213802918525,0.5367470673431973,-0.014794688958249248,-0.323635817095421,-0.13930182928551518,-0.0010889803442182965,-0.09988282094082264,0.3499999828166579,0.049999997428497804,0.09999999515943542,0.12170428887954904,-0.29946632215479024,0.31888103859573813,0.24696295878423058,0.0999644735007223,0.0,0.4995749858380964,0.0,0.1,-0.3271972507483221,0.29723425669237546,0.09999558951724458,1416008.0,1085.0,231305.0,6.121821836968505,0.3279108303343411,8,10512.0,7.125,65024.0,41.0625,1.0860860860860861,2,397.73910000000126,0.8090889576751625,0.7875536480517692,0.23523287909468496,0.9986632802567439,0.0,0.0,0,129.9375,13.125,5,-1.1243872373361576,-1.6486988846051405,-1.0919911504419946,-8.761325219683831,-8.738095154875285,-8.768398253214896,-2.5488158678818955,-4.317805181817548,-3.8814814807626883,1.1507220208298035,2.687499977604167,14,16
420,33,2026-01-31T07:21:08.453333,0.269122392601829,0.08842439203036741,0.07411802116395981,0.05882480836288334,0.0805120601014796,-0.0014944355566008382,0.25264112008676404,0.37059010581979906,0.5882480836288334,0.5367470673431973,-0.029888711132016764,0.39920237172117856,0.14846691259117617,0.0032118117535472565,-0.09984358039475871,0.3499999384112904,0.049999991543237865,0.09999998264140839,0.28099681887672456,-0.29946632215479024,0.2956671731004455,0.18390045587790144,0.09996813877149072,0.0,0.4995749858380964,0.0,0.1,-0.34324079156772597,0.29817384119099166,0.09999769825578458,2054960.0,1546.0,330916.0,6.209914298492669,0.34236259659773033,8,11456.0,7.75,65024.0,44.75,1.3420138888888888,2,505.15278000000114,0.7948642649264916,0.7662650602224996,0.23441607402491293,0.987976800753471,0.0,0.0,0,131.8125,13.375,5,3.454863400510029,2.6356877320970544,3.315575221237471,-8.123056118944401,-8.142857065306124,-8.129870115792432,-0.9408266465657276,-4.372258816833259,-3.8814814807626883,1.286101082103898,2.895833309201389,14,12
420,34,2026-01-31T07:21:09.003912,0.05230804519974779,-0.08755642505246777,0.028403875729287705,0.06448970552611805,0.0805120601014796,-0.002278717604409486,-0.2501612144356222,0.14201937864643852,0.6448970552611805,0.5367470673431973,-0.04557435208818972,0.06458476037586983,-0.026755322897031603,-0.0011608807942502363,-0.09944782201183465,0.3499995775363219,0.04999993600689507,0.09999988083679844,0.06948264111048726,-0.29946632215479024,0.32578597594657405,0.24527209854371848,0.09997314957222127,0.0,0.4995749858380964,0.0,0.1,-0.359571251250419,0.29879487203606486,0.0999987987710148,1595624.0,1243.0,260708.0,6.120349202939687,0.40552812496645557,8,12880.0,8.8125,65024.0,50.3125,1.0471777590564448,3,412.63569600000085,0.8140151018330746,0.7488372092849107,0.2331325752646357,0.9883637178288897,0.0,0.0,0,134.3125,13.625,5,0.16288736633889264,-0.18029739775276132,0.20902654867247386,-7.1602434076594985,-7.13095231303855,-7.166666654256854,-2.3258129337835487,-4.457825343807389,-3.8814814807626883,1.4666064971360242,3.1041666407986113,14,16
420,35,2026-01-31T07:21:10.270726,-0.1710550277600275,-0.2223773661945124,0.014674238867796547,-0.010322789430121477,0.0805120601014796,-0.002278717604409486,-0.6353639034128926,0.07337119433898273,-0.10322789430121476,0.5367470673431973,-0.04557435208818972,-0.39999999987064394,-0.14999999998065633,-0.1,0.09950547536867305,0.3499995775363219,0.04999993600689507,0.09999988083679844,0.0,-0.29946632215479024,-0.3999993347775779,0.2499999794238921,0.09997314957222127,-0.14997347424899432,0.4995749858380964,0.0,0.1,-0.359571251250419,0.29879487203606486,0.0999987987710148,0.0,0.0,0.0,0.0,1.0,16,12880.0,8.8125,65024.0,50.3125,0.0,3,0.0,0.0,0.0,0.2331325752646357,1.0,0.0,0.0,0,134.3125,13.625,5,-11.272654301521422,-11.732342006344581,-11.326725663711802,-7.1602434076594985,-7.13095231303855,-7.166666654256854,-8.502994010703146,-4.457825343807389,-3.8814814807626883,1.4666064971360242,3.1041666407986113,15,12
421,1,2026-01-31T07:21:32.078389,-0.12186666568085694,0.09002962005612754,-0.09776896467937202,0.0331822756975158,-0.111130707311807,-0.0049164359430609594,0.2572274858746501,-0.4888448233968601,0.33182275697515795,-0.7408713820787134,-0.09832871886121917,0.39955798610121107,0.14970009241876367,0.0014971644158944697,-0.09934296437494487,-0.053069671141384604,-0.009410278508779983,-0.01482500156661856,0.023259626390017947,-0.29946632215479024,0.23622260788696942,0.14105779450582073,-0.09813954616549074,-0.028230835541760122,-0.4889727390974077,-0.2492007078871254,-0.09999569383359724,0.3999825157894435,-0.29998447954135116,-0.09998407473594395,2096174.0,1634.0,339473.0,6.1747885693413025,0.41424780907415193,7,23696.0,16.5,65024.0,92.5625,1.0155376009944064,6,525.3135359999999,0.767852018694789,0.671428571412585,0.3350111332954323,0.9735062185904657,331.0,100.0,4,39.6875,3.5625,10,3.7502365048874986,3.4535315981920505,3.694203539821374,0.15280594996516023,0.19047618866213087,0.14935064909203302,-0.6390189220600289,2.33407399697949,2.2481481477318246,-5.365523461829947,-5.281249955989584,15,5
421,2,2026-01-31T07:21:32.587655,-0.09412432413930719,0.09099662125441553,-0.14169005580307364,0.03680465168413858,-0.04405722257335145,-0.004915865201175908,0.25999034644118724,-0.7084502790153682,0.3680465168413858,-0.2937148171556763,-0.09831730402351814,0.3997554737368643,0.14954880871418433,0.003688596616371161,-0.09861971791861836,-0.30795938775510906,-0.04468967728220455,-0.0879214027923167,0.03700073654154146,-0.29946632215479024,0.27333279408978367,0.10231278551028776,-0.08578052822943012,0.0,0.1405559128965911,-0.24791170345182237,-0.09999884885580802,0.39996884737653027,-0.29997387285737315,-0.09996948674010687,2137494.0,1612.0,343666.0,6.219684228291422,0.45154479269056563,7,25504.0,17.8125,65024.0,99.625,1.024793388429752,6,538.9612799999995,0.7835338239820442,0.768595041306434,0.3192746530838433,0.9985188389653237,194.0,87.0,3,43.6875,3.875,10,4.046369291631737,3.2490706316683013,3.8797345132726195,1.375253549686442,1.440476176757369,1.3722943699181045,-0.43471137718043945,1.2849760156055428,-0.2888888888353908,-5.076714797778545,-5.020833291493057,14,12
421,3,2026-01-31T07:21:33.162621,0.009861048412726219,0.09307674262727239,-0.12450462673983709,0.043555556124677056,0.033868017147493025,-0.004872187246618854,0.2659335503636354,-0.6225231336991854,0.43555556124677053,0.22578678098328686,-0.09744374493237706,0.39973329901633636,0.14970009241876367,0.00309278019129704,-0.09901374184463467,-0.3405052090479944,-0.0486738288665394,-0.09727299685028953,0.2378337971257406,-0.29946632215479024,0.2822050471416077,0.12938600089095462,-0.04041885176018876,0.0,0.49875688229904364,-0.1322740035346596,-0.09999964211218275,0.3999580399117259,-0.2999678215179894,-0.09994153963058766,2131436.0,1634.0,343366.0,6.207475405252704,0.4346394492686375,6,26640.0,18.5625,65024.0,104.0625,1.2157738095238095,6,529.7249759999995,0.7878192421497008,0.7564655172250762,0.30642967901279256,0.9892655855983219,29.0,29.0,1,45.75,4.0,9,4.002952727689419,3.4535315981920505,3.8664601769894396,2.1433400946440613,2.1547618842403624,2.140692636985813,-0.5729794011118368,0.42864498175618326,-3.3444444438251026,-4.927797830377041,-4.916666625694446,14,16
421,4,2026-01-31T07:21:33.697872,0.17443329329408724,0.09077728564261939,0.05644452896962804,0.04827278435968822,0.015001432093508776,-0.004800284271096876,0.25936367326462684,0.2822226448481402,0.4827278435968822,0.10000954729005851,-0.0960056854219375,0.39978253234484684,0.14971102617152313,0.0033983795936328013,-0.09919076367459784,0.3344360457547821,0.047781088189340154,0.09559026673679503,0.28141108030915024,-0.29946632215479024,0.2814545431204591,0.12643209471707892,0.022303198012532034,0.0,0.4830311126548923,-0.24594859041763142,-0.09999973140899661,0.3999444943205597,-0.29995601809519035,-0.09988801008500812,2145678.0,1636.0,345312.0,6.21373714206283,0.4247036369417806,7,20672.0,14.3125,65024.0,80.75,1.3442892358258012,5,530.7941759999999,0.7874466529158564,0.7678207739151156,0.2965973318009701,0.9991887595741558,100.0,78.0,1,47.6875,4.1875,8,4.105022503798117,3.4721189587851184,3.952566371679667,-1.8918187964713198,-1.8928571248299328,-1.8961038928205998,-0.5569734130902754,-0.2268443953723965,-2.029629629253772,-4.787906133727144,-4.760416626996529,14,16
421,5,2026-01-31T07:21:34.271820,0.1894406540041322,0.08858520330977263,0.06534769405984407,0.05497287364049772,0.016480016179294076,-0.004682679685015966,0.25310058088506465,0.3267384702992204,0.5497287364049772,0.10986677452862717,-0.09365359370031932,0.3995947413520942,0.14970009241876367,0.0020652822975793703,-0.09983175300583946,0.34991530074849236,0.049989303021198445,0.09997605762512862,0.2657879884895959,-0.29946632215479024,0.29260786191560895,0.16292034116122642,0.06607311527118005,0.0,0.4926895352377179,-0.24563980781436998,-0.09999986751705474,0.39991205306675837,-0.2999178362134686,-0.09978551850770054,2102234.0,1634.0,339814.0,6.18642551513475,0.346010102326315,8,16800.0,11.5,65024.0,65.625,1.280564263322884,3,516.0151920000004,0.7931988503004922,0.7811860940535544,0.2880883471132617,0.999836240727586,77.0,77.0,1,50.875,4.5625,7,3.793667402459379,3.4535315981920505,3.709292035396589,-4.509803921538135,-4.5714285278911575,-4.515151507333071,-0.7782156885062491,-0.7941096630427773,-2.455555555100823,-4.557761729561182,-4.447916629600695,14,16
421,6,2026-01-31T07:21:34.809067,0.2220896502154317,0.08898548615391724,0.028996242325700857,0.059350250392561046,0.0805120601014796,-0.004491935257966748,0.2542442461540493,0.14498121162850428,0.5935025039256104,0.5367470673431973,-0.08983870515933495,0.397692327374738,0.14854965895216932,0.0017841305696724282,-0.09980584070034315,0.2688168830762589,0.03807970779778826,0.076965486399235,0.2312710045714164,-0.29946632215479024,0.302246794395703,0.19839200494696924,0.08609241988401148,0.0,0.4995749858380964,0.0,0.1,0.3998691839783886,-0.29984651608678714,-0.09958942076378553,1980712.0,1549.0,320469.0,6.180666460718509,0.3531788788433381,7,21968.0,15.25,65024.0,85.8125,1.2045101088646968,5,495.7894919999999,0.7985919454489028,0.7862903225647925,0.28054642944132857,0.9989074335186162,0.0,0.0,0,53.625,4.9375,6,2.922741736662348,2.6635687729866566,2.853318584069534,-1.0155510479985426,-0.9999999904761913,-1.0194805177151858,-1.0809956285806912,-1.2969038393088683,-3.8814814807626883,-4.359205773025844,-4.135416632204862,14,9
421,7,2026-01-31T07:21:35.372494,0.2546012544011719,0.08681313161533864,0.06199367004857335,0.061015290600750616,0.0805120601014796,-0.004470444464710079,0.24803751890096756,0.30996835024286673,0.6101529060075062,0.5367470673431973,-0.08940888929420159,0.3964514951416655,0.14782227381380023,0.0015781745095567493,-0.09972583687497433,0.34999590343744763,0.049999515759994256,0.09999884342760158,0.24701224502260738,-0.29946632215479024,0.30430159035790166,0.21483879439386577,0.09374166391138294,0.0,0.4995749858380964,0.0,0.1,0.3997945994020794,-0.29971331797254147,-0.09921473800972092,1950584.0,1527.0,315810.0,6.176447864222159,0.3704511193285371,8,14560.0,9.875,65024.0,56.875,1.2334410339256865,3,481.7696400000004,0.7998002489828373,0.773033707847797,0.2742554153017952,0.998330202197642,0.0,0.0,0,56.75,5.3125,6,2.706819940945252,2.4591078064629075,2.6471681415917487,-6.024340770750343,-6.1190475607709764,-6.0303030198609475,-1.2908736525013607,-1.7163045023439842,-3.8814814807626883,-4.133574004235687,-3.8229166348090287,14,16
421,8,2026-01-31T07:21:35.898714,0.21937505511707317,0.08075192537893461,0.03318269950795761,0.060623469232241135,0.0805120601014796,-0.004432645603279496,0.23071978679695604,0.16591349753978804,0.6062346923224113,0.5367470673431973,-0.08865291206558991,0.3886722833854298,0.1358225362573941,0.002912457966742113,-0.0996521715378886,0.349639194032379,0.049949741250263274,0.09989794869482964,0.11975979929010727,-0.29946632215479024,0.29705796608792007,0.21345588420064102,0.09684960242715579,0.0,0.4995749858380964,0.0,0.1,0.39969450025071274,-0.29956524032575227,-0.09850069910720374,1868920.0,1424.0,301255.0,6.2037808501103715,0.3823688722061928,8,17872.0,12.3125,65024.0,69.8125,1.0845392231530846,4,483.15762000000007,0.7956351260081588,0.7582938388445902,0.26898816495570743,0.9895264778847571,0.0,0.0,0,59.5,5.5625,6,2.1215491786828737,1.501858735919901,2.0031415929194676,-3.784989857986579,-3.797619011451248,-3.7900432834804447,-1.270095508791901,-2.067454291316643,-3.8814814807626883,-3.935018047700348,-3.6145833032118064,14,10
421,9,2026-01-31T07:21:36.450247,0.2639015520444228,0.08766078902898329,0.0701059578783575,0.061229040092780934,0.0805120601014796,-0.004343841556918209,0.25045939722566657,0.35052978939178747,0.6122904009278093,0.5367470673431973,-0.08687683113836417,0.39811953829408253,0.14865311333512132,0.0015719845289619877,-0.09963622447522955,0.3499999514555468,0.049999993334992,0.09999998631921411,0.25793745304276217,-0.29946632215479024,0.3077474969036895,0.21086732671462546,0.09835236488977811,0.0,0.4995749858380964,0.0,0.1,0.3995656835472726,-0.29900057061973234,-0.09714668392869001,1995032.0,1553.0,323013.0,6.176321076860684,0.38461424377371095,8,11280.0,7.625,65024.0,44.0625,1.2585089141004862,2,485.6305079999998,0.8018778985451145,0.7756563245638268,0.26406971942677493,0.9898401245950742,0.0,0.0,0,61.9375,6.0625,6,3.0253705243239524,2.700743494172793,2.9658849557509,-8.242055442811075,-8.261904683219957,-8.248917734633908,-1.2330762273603213,-2.3953504413147098,-3.8814814807626883,-3.759025268044025,-3.197916640017362,14,16
421,10,2026-01-31T07:21:37.067197,0.2520622426602537,0.0645258003260388,0.077400381016944,0.06508191569049744,0.0805120601014796,-0.004195460974445822,0.18435942950296802,0.38700190508472,0.6508191569049744,0.5367470673431973,-0.08390921948891643,0.3588608514049785,0.12259838818620099,-0.0025483689264713385,-0.09961357415095873,0.3499999997779702,0.04999999997210532,0.0999999999375643,0.25671903780635225,-0.29946632215479024,0.336585366912316,0.24453725468493473,0.09919593698267315,0.0,0.4995749858380964,0.0,0.1,0.3993303922445368,-0.2983194438197274,-0.09460310681473014,1776254.0,1386.0,291575.0,6.091928320329246,0.3876400674945074,8,7296.0,4.75,65024.0,28.5,1.2554347826086956,1,417.510588,0.8226165248742425,0.795959595943516,0.2586572506396193,0.9999597203018681,0.0,0.0,0,64.9375,6.375,6,1.457429120201713,1.1486988846516073,1.5748230088488606,-10.935767410338501,-10.999999895238098,-10.943722924772775,-2.2528355086447855,-2.7561814532377436,-3.8814814807626883,-3.5424187700054737,-2.937499975520834,14,16
421,11,2026-01-31T07:21:37.529980,-0.11424256516817083,-0.24032320995616177,0.015332038303595386,0.06543842784350246,0.0805120601014796,-0.003939427960326185,-0.6866377427318908,0.07666019151797693,0.6543842784350246,0.5367470673431973,-0.07878855920652368,-0.3946007075993231,-0.14931886341034936,-0.0021277208154887443,-0.09991370128842735,0.3499999641417887,0.04999999586006246,0.09999998989568992,-0.03129930120304,-0.29946632215479024,0.33851921441424127,0.2491700768963203,0.09957888416225516,0.0,0.4995749858380964,0.0,0.1,0.39917607438627845,-0.29770530981321763,-0.08990813860026203,1224654.0,935.0,200745.0,6.1005454681312115,0.3126086804746329,9,11056.0,7.375,65024.0,43.1875,0.9790575916230366,2,354.26107200000183,0.8242961211650395,0.796008869161951,0.25379207323785347,0.9904269950327469,0.0,0.0,0,66.375,6.5625,6,-2.495785912908688,-3.0427509290852472,-2.444203539821927,-8.393509127732296,-8.499999919047621,-8.400432885886696,-3.1996845504191818,-3.0805263971255035,-3.8814814807626883,-3.438628156362001,-2.7812499768229175,14,12
421,12,2026-01-31T07:21:38.101769,0.24092755596393128,0.08536259938558674,0.04624185964351428,0.06326572635252514,0.0805120601014796,-0.0031922360189141543,0.24389314110167643,0.23120929821757139,0.6326572635252514,0.5367470673431973,-0.06384472037828308,0.396499277442427,0.14357264070705456,0.0012557561402648176,-0.09961283015777345,0.3499999991322579,0.04999999989666669,0.09999999975585222,0.12735644058574896,-0.29946632215479024,0.3214080569463791,0.2290899352207717,0.09974372189888192,0.0,0.4995749858380964,0.0,0.1,0.3989395042450897,-0.296526059312969,-0.08151676094003975,1951534.0,1468.0,316302.0,6.169844009838698,0.38773642727081287,8,8304.0,5.4375,65024.0,32.4375,1.0906389301634472,2,463.4026319999999,0.810846787419595,0.7833698030463158,0.25006104565498616,0.9896389697924274,0.0,0.0,0,68.125,6.8125,5,2.713628414987048,1.910780668967399,2.668938053096164,-10.254225828193007,-10.34523799671202,-10.26190474413523,-1.565828862041045,-3.32926140349332,-3.8814814807626883,-3.312274365839513,-2.5729166452256953,14,16
421,13,2026-01-31T07:21:38.732114,0.2065676675101461,0.09020179000806997,0.010989150102797721,0.05854337744989238,0.0805120601014796,-0.0024162566518332656,0.25771940002305704,0.0549457505139886,0.5854337744989238,0.5367470673431973,-0.04832513303666531,0.39937885184432376,0.14865311333512132,0.0021050107444351104,-0.09819785763965809,0.34999697399768703,0.04999961835668146,0.09999914578126602,0.006790560492686226,-0.29946632215479024,0.2960675650809976,0.1784222149158239,0.0998148266849602,0.0,0.4995749858380964,0.0,0.1,0.3985593135298172,-0.29474611423235764,-0.06734763932885926,2072422.0,1553.0,334951.0,6.187239327543431,0.46498551723056614,7,14336.0,9.75,65024.0,56.0,1.0045278137128073,4,508.236564,0.7950852854055435,0.7852760736035731,0.24762109405872507,0.9997589531966203,0.0,0.0,0,70.25,7.0625,5,3.5800103202130273,2.700743494172793,3.494115044246241,-6.175794455671563,-6.238095178684809,-6.1818181711137346,-0.8946622154349311,-3.4919247348018385,-3.8814814807626883,-3.1588447630622056,-2.364583313628473,14,16
421,14,2026-01-31T07:21:39.251606,0.1978508206028583,0.0904117169512321,-3.1285938035490046e-05,0.05943098647595333,0.0805120601014796,-0.0012102034875109448,0.2583191912892346,-0.00015642969017745021,0.5943098647595333,0.5367470673431973,-0.024204069750218892,0.3992333247951027,0.14765550361265423,0.0038176228250395815,-0.09812476325021367,0.34923105055999987,0.04989738886594898,0.09978244027026732,-0.04728215604172636,-0.29946632215479024,0.30254713029940267,0.18643808749842491,0.09986684396316321,0.0,0.4995749858380964,0.0,0.1,0.39825932204810477,-0.2920663069486169,-0.04557344906251849,2057724.0,1523.0,330700.0,6.222328394315089,0.46699189841624555,7,18432.0,12.6875,65024.0,72.0,0.9682136045772409,4,503.6504879999997,0.7987671807451773,0.7630331753373689,0.24514586254674542,0.9880226833713569,0.0,0.0,0,71.5625,7.3125,5,3.4746724765642663,2.4219330852767715,3.3060176991135815,-3.406355645683527,-3.440476157709752,-3.411255405348476,-0.963316047759987,-3.656940058923599,-3.8814814807626883,-3.06407942017034,-2.156249982031251,14,12
421,15,2026-01-31T07:21:39.867089,0.19609252521501885,0.08807476017177504,-0.004579001257829836,0.06275176600500537,0.0805120601014796,0.000595393694848994,0.2516421719193573,-0.02289500628914918,0.6275176600500537,0.5367470673431973,0.01190787389697988,0.3973463627217154,0.14628587680754648,0.0003837739565484555,-0.09857567465663916,0.34995574017771,0.049994763097291395,0.09998749215028176,-0.0710518500052669,-0.29946632215479024,0.3174733440407237,0.22387447303566457,0.0999060771606898,0.0,0.4995749858380964,0.0,0.1,0.3970398592463771,-0.2837808550601808,-0.01652220341014792,1970936.0,1498.0,320374.0,6.151984867685892,0.45312639991758413,7,16320.0,11.125,65024.0,63.75,0.951715374841169,4,471.2058120000001,0.8081307226044983,0.7737068965350494,0.24252652999311608,0.9953219462462715,0.0,0.0,0,75.25,7.75,5,2.852678955364873,2.18959107786342,2.8491150442465267,-4.8343475320836085,-4.928571381632654,-4.839826831446188,-1.449014790202242,-3.831562112750852,-3.8814814807626883,-2.797833932997954,-1.7916666517361117,15,12
421,16,2026-01-31T07:21:40.481530,0.18606924223711355,0.08543287049277665,-0.0144221305266745,0.06315467909736681,0.0805120601014796,0.0026542165724252765,0.24409391569364758,-0.07211065263337249,0.6315467909736682,0.5367470673431973,0.05308433144850552,0.39382215342780696,0.1421526486801262,2.8158420441008723e-05,-0.0986050408162149,0.34923105055999987,0.04989738886594898,0.09978244027026732,-0.11936176090957483,-0.29946632215479024,0.3167650048856724,0.23136017420463345,0.09993109088332787,0.0,0.4995749858380964,0.0,0.1,0.3954439975986569,-0.2731914778364099,0.015710123089542293,1911672.0,1457.0,311109.0,6.144701696190081,0.4520773511433781,7,18432.0,12.6875,65024.0,72.0,0.9157762413576367,4,459.4060679999996,0.8076540082705614,0.7721238937882273,0.24020295334602365,0.9936902296305076,0.0,0.0,0,78.25,8.0625,5,2.4279448441932723,1.8085501857055244,2.439159292034319,-3.406355645683527,-3.440476157709752,-3.411255405348476,-1.6256576644273029,-3.98646711928701,-3.8814814807626883,-2.5812274349594024,-1.531249987239584,15,12
421,17,2026-01-31T07:21:41.115946,0.1434723478501894,0.08458085662641188,-0.0008544959236957798,0.06443247272891986,0.0220958818768608,0.004480086041952968,0.2416595903611768,-0.004272479618478899,0.6443247272891985,0.147305879179072,0.08960172083905936,0.3913612901142624,0.14229345064253537,-0.0007791351592756872,-0.09806461338502787,0.34773643235829216,0.04970101084994497,0.0993592725794452,-0.049284068057234,-0.29946632215479024,0.3296263725761329,0.2400333247671093,0.09995073146429606,0.0,0.4975815865783989,-0.21245854429419056,-0.0999998088193203,0.3937086771275402,-0.2639480098955954,0.04491036754170555,1888064.0,1458.0,308096.0,6.128167843788949,0.4685856899927776,7,19232.0,13.25,65024.0,75.125,0.96684350132626,4,437.89944,0.8169357001103149,0.7834821428396544,0.23768594537834517,0.9936184025183425,47.0,47.0,1,80.5,8.25,5,2.258750680847242,1.8178438660020584,2.3058407079635814,-2.865449628107739,-2.9047618770975068,-2.8701298651599485,-1.9476131733611357,-4.154267538598629,-3.011111110553498,-2.418772561430489,-1.3749999885416673,15,12
421,18,2026-01-31T07:21:41.711583,0.1692161757474442,0.08067473572753905,0.03269812717245937,0.06411404973944254,0.01738692297713402,0.005604793631129496,0.23049924493582588,0.16349063586229684,0.6411404973944254,0.11591281984756013,0.11209587262258991,0.38672564623999706,0.13531186403313183,-0.001010354275440129,-0.09803538745392841,0.3462845762709113,0.049519524711284055,0.09894807730247325,0.12200408489643533,-0.29946632215479024,0.3257770751547025,0.23860769917917699,0.09996328162404473,0.0,0.4947509455511401,-0.24157711705600957,-0.09999985732620374,0.3907600535307232,-0.2602522292277196,0.06688949718416891,1857684.0,1422.0,303373.0,6.123432210513131,0.4693424654533732,7,19600.0,13.5,65024.0,76.5625,1.0863254392666157,4,442.4620199999995,0.8140084923011391,0.7666666666496296,0.23548041225135832,0.9916141281022247,68.0,68.0,1,83.1875,8.3125,5,2.0410228478053747,1.4832713753268327,2.096858407078718,-2.616632860022876,-2.6666666412698423,-2.621212116673226,-1.8793110775629853,-4.301302982374123,-2.6222222217366253,-2.2247292402709538,-1.3229166556423617,15,12
421,19,2026-01-31T07:21:42.313245,0.10241183472849727,-0.0301136823478541,0.06151922898297845,0.04021893222361642,0.04506384448151005,0.007480299236459036,-0.08603909242244029,0.30759614491489223,0.4021893222361642,0.3004256298767337,0.1496059847291807,0.17162523840142643,0.031050312268915463,-0.0015435656771089837,-0.09910922565137159,0.34620375322822644,0.04945910987163026,0.09892518390451682,0.2750852741570106,-0.29946632215479024,0.15173845048423748,0.07868402107101426,0.09995799438376614,0.0,0.4977538664343545,-0.08776816149472712,-0.09999830992387379,0.3841108975491852,-0.22978029004709896,0.08123513210239004,1636906.0,1285.0,267796.0,6.112511015847884,0.42952411566678034,7,19616.0,13.5625,65024.0,76.625,1.3139059304703475,4,546.2369880000003,0.7399295643414704,0.70893970892497,0.23648955550355588,0.9930518088862953,45.0,23.0,0,87.0,8.6875,5,0.45874781412145893,0.21003717470166858,0.5226548672564059,-2.6058147396713607,-2.607142832312926,-2.6103896058694556,-0.3257935927655948,-4.234026810411733,-3.0481481475836762,-1.9494584823469614,-1.0104166582465282,6,16
421,20,2026-01-31T07:21:42.908650,-0.09799407988968653,-0.22567912208305485,0.03973679032305846,0.0516285065432346,0.04866261369863919,0.009413919476648635,-0.6447974916658711,0.19868395161529231,0.516285065432346,0.3244174246575946,0.18827838953297268,-0.3337303170918213,-0.13720968314759976,-0.002784523411237662,-0.09981219903743944,0.3499014523030987,0.04998642774238066,0.09997214129559455,0.15328717722822602,-0.29946632215479024,0.17043614071554006,0.20458047220837897,0.09995364428301658,0.0,0.4991089532530769,-0.06253345435417974,-0.09999921439385787,0.3761775876848675,-0.19054468571618624,0.08974714701182696,1405150.0,1095.0,230841.0,6.087090248266122,0.3515124746320195,8,16912.0,11.625,65024.0,66.0625,1.1128048780487805,4,491.065344,0.7455109991317854,0.7037037036892242,0.23722877841066253,0.9984439745214205,20.0,20.0,0,89.875,9.0,5,-1.2022045122264997,-1.5557620816398001,-1.112522123893313,-4.434077079077525,-4.452380909977325,-4.439393931706677,-1.1517164070132164,-4.184745316125619,-3.5111111104609054,-1.7418772550600163,-0.7499999937500004,6,11
421,21,2026-01-31T07:21:43.521798,0.2335335606067612,0.08368621067533424,0.06622578989120582,0.011925591487680041,0.0805120601014796,0.012940696299274046,0.23910345907238356,0.3311289494560291,0.11925591487680041,0.5367470673431973,0.2588139259854809,0.39515170294929436,0.1425677125199789,0.0016846426621428246,-0.099975843646329,0.3498694487244431,0.0499827797402881,0.0999630898906168,0.2960655366646998,-0.29946632215479024,0.07887416810341431,-0.1547577450510133,0.09994289020160069,0.0,0.4995749858380964,0.0,0.1,0.3653709558624381,-0.11022067973748643,0.09451484898652948,1928696.0,1460.0,312156.0,6.178628634400749,0.2489297790498063,9,17120.0,11.75,65024.0,66.875,1.5020576131687242,4,616.3252920000019,0.7199802409916913,0.7042253520961449,0.23879391485150747,0.9916986219720915,0.0,0.0,0,92.5625,9.4375,5,2.5499526990222634,1.8364312265951266,2.485486725662617,-4.29344151450782,-4.333333292063493,-4.29870129125766,0.7234325148617905,-4.08040295629753,-3.8814814807626883,-1.547833933900481,-0.3854166634548615,6,6
421,22,2026-01-31T07:21:44.160925,0.21928313107589675,0.08100545742139319,0.04668643329024809,0.017485206174671596,0.0805120601014796,0.015350761936316874,0.2314441640611234,0.23343216645124043,0.17485206174671597,0.5367470673431973,0.30701523872633746,0.38813341265428075,0.1397157826916908,0.00022398636221964118,-0.09955283535801526,0.34996586043794525,0.049994763097291395,0.09999035315932293,0.18965055142006235,-0.29946632215479024,0.09015561802759497,-0.10672282960884573,0.09993141167822603,-0.0030923453209605743,0.4995749858380964,0.0,0.1,0.34228154387780546,-0.037305900531478954,0.09709940236365754,1865630.0,1442.0,303418.0,6.148712337435485,0.39495462671250187,8,16128.0,11.125,65024.0,63.0,1.149003984063745,4,598.4667480000014,0.7229326375347478,0.6969072164804762,0.24016794478954234,0.9998981821135021,0.0,0.0,0,96.3125,9.75,5,2.097970358053916,1.6691449812575136,2.098849557521195,-4.964164976301798,-4.928571381632654,-4.969696961091434,0.45608904184791216,-3.9888010214964957,-3.8814814807626883,-1.2770758113522918,-0.12499999895833365,6,5
421,23,2026-01-31T07:21:44.813720,0.2811423408243662,0.08355707264497786,0.10163674358662865,0.017524330066657583,0.0805120601014796,0.01966892227283508,0.23873449327136534,0.5081837179331432,0.17524330066657584,0.5367470673431973,0.39337844545670153,0.3925866388358912,0.14738131262897558,-0.001035689301760011,-0.09989534990683652,0.3499999999917178,0.04999999999873737,0.09999999999767413,0.27758031841456515,-0.16831851907622986,0.09843178732427527,-0.11711136209262721,0.09991977090551102,0.0,0.4995749858380964,0.0,0.1,0.27608792603541404,0.1260554995895184,0.09847568109765498,1898844.0,1517.0,310121.0,6.122913314480477,0.32225365405046597,9,4864.0,3.125,30976.0,19.0,1.3248908296943231,1,601.9395360000001,0.7251235254619106,0.7051886792286512,0.24134411102764033,0.9924766139573028,0.0,0.0,0,102.25,10.4375,5,2.336008944184679,2.366171003497567,2.3954424778750463,-12.580121703768897,-12.547618928117917,-12.588744566945897,0.5080768861514869,-3.9103899912306495,-3.8814814807626883,-0.8483754506509924,0.44791666293402754,6,16
421,24,2026-01-31T07:21:45.285851,0.007892949641477603,-0.20312928893273072,0.07883505841154657,0.06396484503066296,0.0805120601014796,0.01897272853077949,-0.5803693969506593,0.39417529205773283,0.6396484503066296,0.5367470673431973,0.3794545706155898,-0.2600811372878615,-0.10915294359424897,-0.0013490828974653214,-0.09963086345869791,0.3499999999877741,0.0499999999981954,0.09999999999656607,0.134036075345223,-0.16831851907622986,0.3155214614143427,0.24586436307221557,0.09993521858612214,0.0,0.4995749858380964,0.0,0.1,0.21229038236808118,0.17275871738573673,0.09920158685087178,1464668.0,1163.0,239462.0,6.11649447511505,0.3853470674386219,8,5152.0,3.3125,30976.0,20.125,1.0961357210179077,1,408.1255200000005,0.8068257036332828,0.7872340425364418,0.2397395254001445,0.9979834841812221,0.0,0.0,0,105.8125,10.6875,5,-0.7756500301005664,-0.923791821475485,-0.7310619469023314,-12.385395537441614,-12.369047501247168,-12.393939372478027,-2.3933305385638652,-4.017362295082169,-3.8814814807626883,-0.5911552342302128,0.6562499945312498,14,16
421,25,2026-01-31T07:21:46.022167,0.20711444063177598,-0.01868635033009238,0.09635025608380271,0.0554484860447235,0.0805120601014796,0.015246776580075153,-0.05338957237169252,0.48175128041901355,0.554484860447235,0.5367470673431973,0.30493553160150305,0.15617671848451917,0.08911849256117005,-0.006128632585514176,-0.09980144979107278,0.34999999999426673,0.04999999999911658,0.09999999999839017,0.2425645936351598,-0.16831851907622986,0.21961607080843507,0.20944023175386436,0.0999359019405092,0.0,0.4995749858380964,0.0,0.1,0.04315271017382674,0.2570452803332685,0.09958253144687874,1630428.0,1336.0,270901.0,6.018538137548403,0.3542981304229949,8,4592.0,2.9375,30976.0,17.9375,1.2245646196150322,1,486.93044400000156,0.7617006263121298,0.7346437346256844,0.2396599648983695,0.992612790231219,0.0,0.0,0,112.5,11.4375,5,0.4123211879711885,0.6840148698249049,0.6600442477873185,-12.764029749744665,-12.726190354988665,-12.772727250609996,-1.213616107602729,-4.022666324997816,-3.8814814807626883,-0.10830324901927563,1.2812499893229166,6,6
421,26,2026-01-31T07:21:46.564089,-0.05303156598139332,-0.23343707849795284,0.05421876102497214,0.06466809730280733,0.0805120601014796,0.012269047587560759,-0.6669630814227224,0.2710938051248607,0.6466809730280733,0.5367470673431973,0.24538095175121516,-0.3702481067899567,-0.1349971346222084,-0.004545113267912939,-0.09985711504960969,0.3499999996722459,0.04999999994941404,0.09999999990781959,0.09922208773744097,-0.22875464313163502,0.32681672837713704,0.24838628469875615,0.09994999600798277,0.0,0.4995749858380964,0.0,0.1,-0.03241970545152261,0.26795800212010545,0.0997819160188117,1345890.0,1104.0,222424.0,6.051010682300471,0.33783408991307007,9,7584.0,5.0625,35328.0,29.625,1.0687318489835431,2,376.52326800000026,0.814785374381418,0.7307692307516642,0.2377971018620704,0.9775396798315313,0.0,0.0,0,115.125,11.625,5,-1.6269099561389768,-1.4721189589709938,-1.4849557522117323,-10.741041244011218,-10.702380850453517,-10.748917730304905,-2.866418143283467,-4.146857111290565,-3.8814814807626883,0.08122743676445672,1.4374999880208332,15,16
421,27,2026-01-31T07:21:47.216571,0.27945135583686936,0.0804483069458704,0.07626886340572658,0.06473303868303716,0.0805120601014796,0.00875154020101592,0.2298523055596297,0.38134431702863286,0.6473303868303716,0.5367470673431973,0.17503080402031837,0.38428809138050024,0.14413190423901476,-0.002225433597815661,-0.09935551752653513,0.34999999999135156,0.04999999999887908,0.09999999999757124,0.1189340395961006,-0.16831851907622986,0.3319209305360865,0.24320088716020527,0.09996035788327073,0.0,0.4995749858380964,0.0,0.1,-0.12231236692665962,0.2841064003268467,0.09988612809105413,1845706.0,1473.0,302647.0,6.098543848113478,0.413280129899744,8,4896.0,3.0625,30976.0,19.125,1.0838852097130243,1,424.9102440000004,0.8187501336917882,0.7659574467904029,0.2360551326866762,0.9898122040929901,0.0,0.0,0,118.375,12.0625,5,1.9551787403604939,1.9572490704500691,2.0647345132734225,-12.558485463065866,-12.607142737074833,-12.567099545338356,-2.1420622152481887,-4.262988312229378,-3.8814814807626883,0.3158844763062206,1.8020833183159721,14,12
421,28,2026-01-31T07:21:47.850060,0.17475502011577038,0.03188706704809091,0.022595924221828552,0.06515000174441986,0.0805120601014796,0.0058724205002117485,0.09110590585168832,0.11297962110914275,0.6515000174441985,0.5367470673431973,0.11744841000423496,0.2922258496273452,0.09350413814055417,-0.002141248860578296,-0.09942398584498995,0.3499999671146382,0.049999994083035626,0.09999999073372012,0.03996020275736837,-0.29946632215479024,0.3364864381874724,0.2454850453771297,0.0999686266883938,0.0,0.4995749858380964,0.0,0.1,-0.1865460909737614,0.28942685496486126,0.09994055693477336,1702652.0,1341.0,279111.0,6.100268352017656,0.4076471907846674,8,10992.0,7.5625,65024.0,42.9375,1.0267993874425727,3,411.08205600000065,0.8225318683460299,0.7688984881043435,0.2343003136199135,0.9940886918100648,0.0,0.0,0,121.0,12.3125,5,0.9299372187024532,0.7304832713075752,1.0233185840703436,-8.43678160913836,-8.321428492176873,-8.443722929101778,-2.349071017612405,-4.379976172021652,-3.8814814807626883,0.505415162089953,2.0104166499131946,15,12
421,29,2026-01-31T07:21:48.457283,0.22803635816436257,0.09268449300820172,0.02416948613976602,0.06033193449828549,0.0805120601014796,0.0016008379168900061,0.26481283716629067,0.12084743069883008,0.6033193449828549,0.5367470673431973,0.03201675833780012,0.39948021527282385,0.1496037824743954,0.0011749205194663242,-0.09795210488867682,0.3498901950310307,0.0499827797402881,0.09996895758016676,0.07338415032870824,-0.29946632215479024,0.3035914123772142,0.19846000698052557,0.09997244418987254,0.0,0.4995749858380964,0.0,0.1,-0.2779664135999323,0.2948535087517728,0.09996897375131168,2084860.0,1619.0,338002.0,6.168188353915066,0.47143936918798907,6,16992.0,11.75,65024.0,66.375,1.049935149156939,4,495.7403880000012,0.7993801263326772,0.7814432989529599,0.2333270891272162,0.9989252019728474,0.0,0.0,0,125.875,12.75,5,3.6691511624570943,3.31412639374404,3.6291150442461815,-4.379986477319946,-4.333333292063493,-4.385281377687825,-1.0817307184009208,-4.444857761613745,-3.8814814807626883,0.8574007214025987,2.3749999802083335,14,12
421,30,2026-01-31T07:21:49.011082,0.17107562925719222,0.09107472150007402,-0.023624406001402556,0.05447049650910163,0.0805120601014796,-9.478935180018221e-05,0.2602134900002115,-0.11812203000701277,0.5447049650910163,0.5367470673431973,-0.001895787036003644,0.39976942590064857,0.14972156168198728,0.003519621630561219,-0.09839811275019679,0.22795486081663205,0.03210987674920224,0.0653501102611204,0.03640507124905778,-0.29946632215479024,0.28334860059584943,0.13192142047739713,0.09997483807068602,0.0,0.4995749858380964,0.0,0.1,-0.3150252648629843,0.2979740325709563,0.09998380698061256,2141594.0,1638.0,344517.0,6.216221550750761,0.4590453391407358,7,22320.0,15.5,65024.0,87.1875,1.024390243902439,6,528.7929240000007,0.7883907565274073,0.7534883720755002,0.23264538962039688,0.9894501776693692,0.0,0.0,0,128.75,13.3125,5,4.075753232233174,3.490706319378187,3.91738938052924,-0.7775524002651958,-0.7619047546485268,-0.7813852800322337,-0.5869322753612279,-4.490304365103964,-3.8814814807626883,1.0649819486895438,2.8437499763020835,14,16
421,31,2026-01-31T07:21:49.507548,0.23188280874209583,0.09010730353026528,0.036118576303448106,0.05710028916388313,0.0805120601014796,-0.0006929668567199718,0.2574494386579008,0.1805928815172405,0.5710028916388312,0.5367470673431973,-0.013859337134399435,0.3987349606188158,0.14774041509870808,0.003997975109002181,-0.09882337867868757,0.3499973992774706,0.049999661190073756,0.09999926587982694,0.10909527665164882,-0.29946632215479024,0.2854852187225866,0.1671763709502692,0.09997682484960418,0.0,0.4995749858380964,0.0,0.1,-0.3271972507483221,0.29817384119099166,0.09999154894357781,2022742.0,1525.0,324885.0,6.226024593317636,0.44351150790553373,7,14224.0,9.6875,65024.0,55.5625,1.0762173606210304,3,513.9990240000019,0.7894711513606858,0.7816326530452727,0.23202842878453336,0.9995557372115262,0.0,0.0,0,129.9375,13.375,5,3.2239629619009813,2.4405204458698395,3.048716814157943,-6.251521298132174,-6.297618987641725,-6.2575757467401285,-0.8083978441903313,-4.5314350600744016,-3.8814814807626883,1.1507220208298035,2.895833309201389,14,16
421,32,2026-01-31T07:21:50.186907,0.03486792885396341,-0.14670672157216574,0.06537396137757698,0.05933290973318103,0.0805120601014796,-0.0018874929378958625,-0.41916206163475933,0.32686980688788486,0.5933290973318103,0.5367470673431973,-0.03774985875791725,-0.07363418215774412,-0.07634545708764735,-0.004143226369646362,-0.0997466667322563,0.3499999951009638,0.04999999930582664,0.09999999862063931,0.23120933850319458,-0.29946632215479024,0.2558888416384825,0.23104084526345892,0.09997713991281287,0.0,0.4995749858380964,0.0,0.1,-0.35205286546657316,0.2991178340040816,0.09999558951724458,1546914.0,1202.0,255298.0,6.059248407743108,0.36649503547071405,8,9584.0,6.4375,65024.0,37.4375,1.2044088176352705,2,459.99557999999934,0.7757703195504602,0.7109207708627212,0.23192575600318577,0.9931007904120699,0.0,0.0,0,133.0625,13.8125,5,-0.18620818163574043,-0.5613382899106572,-0.030353982300871524,-9.388776200071746,-9.392857053401363,-9.396103879833586,-1.6168326344885082,-4.53827990760101,-3.8814814807626883,1.3763537896199611,3.260416639496528,6,12
421,33,2026-01-31T07:21:50.772791,0.26166844079637996,0.07693283132839797,0.07445333037736718,0.06366329735664593,0.0805120601014796,-0.0026306248672504076,0.2198080895097085,0.3722666518868359,0.6366329735664593,0.5367470673431973,-0.05261249734500815,0.38003126912048635,0.13631630513239337,-0.00021793043529012374,-0.09986968122136994,0.3499999990331187,0.04999999986888759,0.09999999972794649,0.23950189135874408,-0.29946632215479024,0.3201993261513582,0.2377096775255594,0.09998045294728049,0.0,0.4995749858380964,0.0,0.1,-0.3674046552619426,0.2995741977605396,0.09999769825578458,1828600.0,1426.0,297834.0,6.139661690740479,0.33322813764544096,8,8384.0,5.5625,65024.0,32.75,1.218803418803419,1,445.0576679999999,0.8099998033467333,0.7136150234574269,0.23075137210155733,0.9792464760502392,0.0,0.0,0,135.875,14.25,5,1.832583206719474,1.520446096512969,1.8517699115036053,-10.20013522643543,-10.226190378798188,-10.207792190116377,-1.8404540715807718,-4.616572115514767,-3.8814814807626883,1.5794223815311028,3.624999969791667,15,16
421,34,2026-01-31T07:21:51.331009,0.06834094457807627,-0.07268551237181875,0.029276917276731287,0.06574778454439524,0.0805120601014796,-0.0032478514724507933,-0.20767289249091073,0.14638458638365642,0.6574778454439524,0.5367470673431973,-0.06495702944901587,0.06922704639754719,0.014729333993231645,-0.002544097037985178,-0.09934488553020376,0.3499994280734178,0.04999991880364085,0.09999983865836272,0.07394076418492816,-0.29946632215479024,0.344618297109354,0.24803583143997976,0.09998391456439829,0.0,0.4995749858380964,0.0,0.1,-0.3800136119771044,0.2997945555252755,0.0999987987710148,1597290.0,1273.0,262194.0,6.092015835602646,0.4141009143331696,8,13104.0,8.9375,65024.0,51.1875,1.0503300330033003,3,383.1108600000017,0.829931123386973,0.806060606044322,0.22928941519833906,0.9911361793513249,0.0,0.0,0,139.375,14.6875,5,0.17482727976376924,0.09851301114326004,0.2747787610618253,-7.008789722738277,-7.011904695124718,-7.015151503004067,-2.767801496591621,-4.714035844086832,-3.8814814807626883,1.8321299625760794,3.9895833000868057,14,12
421,35,2026-01-31T07:21:52.766138,-0.17202313814290482,-0.2223773661945124,0.014674197323733061,-0.01032172440089399,0.0805120601014796,-0.0032478514724507933,-0.6353639034128926,0.0733709866186653,-0.1032172440089399,0.5367470673431973,-0.06495702944901587,-0.39999999987064394,-0.14999999998065633,-0.1,0.09950547536867305,0.3499994280734178,0.04999991880364085,0.09999983865836272,0.0,-0.29946632215479024,-0.3999993347775779,0.2499999794238921,0.09998391456439829,-0.14997347424899432,0.4995749858380964,0.0,0.1,-0.3800136119771044,0.2997945555252755,0.0999987987710148,0.0,0.0,0.0,0.0,1.0,16,13104.0,8.9375,65024.0,51.1875,0.0,3,0.0,0.0,0.0,0.22928941519833906,1.0,0.0,0.0,0,139.375,14.6875,5,-11.272654301521422,-11.732342006344581,-11.326725663711802,-7.008789722738277,-7.011904695124718,-7.015151503004067,-8.502994010703146,-4.714035844086832,-3.8814814807626883,1.8321299625760794,3.9895833000868057,14,9
422,1,2026-01-31T07:22:14.617051,-0.12186666568085694,0.09002962005612754,-0.09776896467937202,0.0331822756975158,-0.111130707311807,-0.0049164359430609594,0.2572274858746501,-0.4888448233968601,0.33182275697515795,-0.7408713820787134,-0.09832871886121917,0.39955798610121107,0.14970009241876367,0.0014971644158944697,-0.09934296437494487,-0.053069671141384604,-0.009410278508779983,-0.01482500156661856,0.023259626390017947,-0.29946632215479024,0.23622260788696942,0.14105779450582073,-0.09813954616549074,-0.028230835541760122,-0.4889727390974077,-0.2492007078871254,-0.09999569383359724,0.3999825157894435,-0.29998447954135116,-0.09998407473594395,2096174.0,1634.0,339473.0,6.1747885693413025,0.41424780907415193,7,23696.0,16.5,65024.0,92.5625,1.0155376009944064,6,525.3135359999999,0.767852018694789,0.671428571412585,0.3350111332954323,0.9735062185904657,331.0,100.0,4,39.6875,3.5625,10,3.7502365048874986,3.4535315981920505,3.694203539821374,0.15280594996516023,0.19047618866213087,0.14935064909203302,-0.6390189220600289,2.33407399697949,2.2481481477318246,-5.365523461829947,-5.281249955989584,15,12
422,2,2026-01-31T07:22:15.190202,-0.050460832471754355,0.09046523062433114,-0.13912957225748457,0.04086877318926496,-0.006486950468456837,-0.0049158600591487425,0.258472087498089,-0.6956478612874228,0.40868773189264956,-0.04324633645637891,-0.09831720118297484,0.39971491562844036,0.1495229757990753,0.002935089002674216,-0.09942745723892,-0.28846263070832656,-0.04171897025414587,-0.08232006455858831,0.03418024651854053,-0.29946632215479024,0.2833888430734392,0.13908252660766068,-0.0840852852103396,0.0,0.3752445757885488,-0.2492007078871254,-0.0999996214865786,0.39997153574426964,-0.2999764573807806,-0.09996948674010687,2126784.0,1609.0,342795.0,6.2042445193191265,0.4073440799079607,7,25200.0,17.5625,65024.0,98.4375,1.0228862047043865,6,526.0828319999998,0.7884109529557866,0.7526652451865103,0.31836116262808645,0.9902925620941286,157.0,100.0,2,43.0625,3.8125,10,3.9696127053289585,3.221189590778699,3.841194690263787,1.1697092630076424,1.2023809409297046,1.166666664646464,-0.6275025148761251,1.224076692487969,-0.9740740738936898,-5.121841151536577,-5.072916624392362,14,9
422,3,2026-01-31T07:22:15.747261,0.006619256906517844,0.09066333406332779,-0.11954749273222971,0.04649931516895639,0.025181333494279506,-0.004914779587555814,0.2590380973237937,-0.5977374636611485,0.46499315168956384,0.16787555662853004,-0.09829559175111628,0.39962151078998076,0.1495571054422534,0.002791469756268028,-0.09861793679318884,-0.30621653641016994,-0.044058217549016544,-0.08742064677103256,0.2285719379508695,-0.29946632215479024,0.28892631832772386,0.15395366589740447,-0.03485838022218895,0.0,0.49563442236113475,-0.1568379177903708,-0.0999991246152283,0.39995324056110415,-0.2999642890006123,-0.09994153963058766,2107004.0,1613.0,339768.0,6.201302064938429,0.45160971981704984,7,25472.0,17.75,65024.0,99.5,1.2001488095238095,6,520.0219199999997,0.7912470272666344,0.7581395348660898,0.30545746145088515,0.990208333159927,63.0,33.0,2,46.5,4.0625,10,3.827853108963977,3.2583643119648356,3.707256637166501,1.3536173089834105,1.380952367800453,1.3506493483105633,-0.7182347304314068,0.3638305208386634,-2.714814814312071,-4.873646205867403,-4.86458329279514,14,10
