episode,step,timestamp,total_reward,w_throughput,w_queue,w_energy,w_drops,w_channel,w_airtime,raw_throughput,raw_queue,raw_energy,raw_drops,raw_channel,raw_airtime,throughput_bytes_reward,throughput_packets_reward,throughput_eff_reward,throughput_fairness_bonus,queue_reward,queue_packets_reward,queue_bsr_reward,queue_drain_reward,queue_max_penalty,energy_sleep_reward,energy_consumption_reward,energy_duty_reward,energy_worst_penalty,drops_reward,drops_worst_penalty,drops_fairness_penalty,channel_fcs_reward,channel_rx_reward,channel_recency_reward,airtime_duration_reward,total_bytes,total_packets,total_airtime,throughput_efficiency,throughput_fairness,starving_stas,avg_queue_bytes,avg_queue_packets,max_queue_bytes,avg_bsr_index,drain_ratio,high_queue_stas,total_energy_mj,avg_sleep_ratio,min_sleep_ratio,avg_duty_cycle,sleep_fairness,total_drops,max_drops,high_drop_stas,avg_fcs_errors,avg_rx_fragments,inactive_stas,schedule_duration_ms,beacon_utilization,total_bytes_z,total_packets_z,total_airtime_z,avg_queue_bytes_z,avg_queue_packets_z,avg_bsr_index_z,total_energy_z,avg_duty_cycle_z,total_drops_z,avg_fcs_errors_z,avg_rx_fragments_z,schedule_idx,assignment_idx
417,26,2026-02-02T06:22:08.577523,0.21882880059718698,0.07720020999186387,0.08341839072558907,0.01989797771966464,0.0805120601014796,-0.001834772621050299,0.22057202854818253,0.4170919536279453,0.1989797771966464,0.5367470673431973,-0.03669545242100598,0.37024235795546506,0.14537210507165294,-0.003161444656249978,-0.09992059917354101,0.34999999894571227,0.04999999985231189,0.09999999970334233,0.29261639701824677,-0.29946632215479024,0.02590712089105935,0.009178223379795555,0.09308071467042464,-0.022611172826881343,0.4995749858380964,0.0,0.1,-0.3253854899643453,0.2737200013701233,0.0997819160188117,1799888.0,1486.0,296065.0,6.0793677064158205,0.30844166072157314,7,8448.0,5.625,65024.0,33.0,1.4385285575992255,1,565.5464759999991,0.7064858594987067,0.6772151898591304,0.2750340313201243,0.9960810288043082,0.0,0.0,0,129.75,11.75,5,1.626809620732045,2.078066914305012,1.7734955752204542,-10.156862745029366,-10.166666569841272,-10.164502146901295,-0.03672940119212023,-1.6643968023938462,-3.8814814807626883,1.137184114702394,1.5416666538194443,5,12
417,27,2026-02-02T06:22:09.066614,0.07676423131533336,-0.035430557733718004,-0.0004257371702599217,0.06601547060490431,0.0805120601014796,-0.002644550986812322,-0.10123016495348001,-0.0021286858512996084,0.6601547060490431,0.5367470673431973,-0.052891019736246436,0.15497478606634185,0.03634440285909915,-0.00023578117496492787,-0.09985598539065518,0.3499763667219181,0.04999633582536427,0.09999332292543509,-0.07559860190701868,-0.29946632215479024,0.3537094329844891,0.24814532990916105,0.09559150067119897,0.0,0.4995749858380964,0.0,0.1,-0.3464832785489047,0.27848509159871915,0.09988612809105413,1629934.0,1289.0,265492.0,6.139296099317494,0.33822812175535294,8,15856.0,10.9375,65024.0,61.9375,0.9484915378955114,3,381.1876200000005,0.8395034361085598,0.8104738154411353,0.2715562952942883,0.9902080904075486,0.0,0.0,0,132.25,11.875,5,0.40878078146945435,0.24721189588780476,0.4207079646015837,-5.148073022277566,-5.1071428085034025,-5.153679644755534,-2.7965925145514015,-1.8962457162169672,-3.8814814807626883,1.3176895297345201,1.6458333196180555,18,9
417,28,2026-02-02T06:22:09.765829,0.19904590436721137,0.08516755504125471,0.06139550939257628,0.015670653496395487,0.0805120601014796,-0.003334808344134864,0.24333587154644207,0.3069775469628814,0.15670653496395487,0.5367470673431973,-0.06669616688269728,0.39498836552551375,0.14797726182591522,-0.00230480368831624,-0.0995384086025077,0.3499999762285797,0.049999996324706156,0.09999999330268515,0.20909485574196912,-0.29946632215479024,0.08523953678523677,-0.09980599736275289,0.09543581933875306,-0.019171678871555606,0.4995749858380964,0.0,0.1,-0.3723636861961636,0.29045616497291116,0.09994055693477336,1926370.0,1531.0,315958.0,6.09691794479013,0.3965459028816699,8,10752.0,7.3125,65024.0,42.0,1.172281776416539,2,596.2380599999966,0.7216415371991325,0.6807228915525959,0.2718225523461672,0.9987149913149411,0.0,0.0,0,137.0625,12.375,5,2.533282687842034,2.496282527649044,2.6537168141581176,-8.599053414411095,-8.559523728004537,-8.606060591158336,0.42272544903846343,-1.8784952579253473,-3.8814814807626883,1.6651624536713627,2.0624999828125,5,15
417,29,2026-02-02T06:22:10.436888,0.1509663002020341,0.08971078349968445,0.037021168656279954,-0.012121087879396683,0.0805120601014796,-0.0037915588556533247,0.2563165242848127,0.18510584328139976,-0.12121087879396683,0.5367470673431973,-0.07583117711306649,0.3997877963975278,0.1499069478008358,-0.0007768073798713003,-0.0984809208105245,0.3498636765597115,0.04997815142882805,0.09996145727527075,0.13924643460968417,-0.29946632215479024,-0.04646430660528322,-0.2295897419316838,0.09472591629272215,-0.03607747384663253,0.4995749858380964,0.0,0.1,-0.3883518995046798,0.29723425669237546,0.09996897375131168,2147388.0,1697.0,350410.0,6.1282155189635,0.45637056881037735,7,17152.0,11.875,65024.0,67.0,1.1005188067444878,4,673.4402399999991,0.6883312497472767,0.6632016631878752,0.27293408960343163,0.9896748811042462,0.0,0.0,0,143.1875,13.125,5,4.117277757073351,4.039033456873695,4.1781415929185055,-4.271805273804788,-4.214285674149661,-4.277056269650119,1.5784467063505188,-1.8043928235093418,-3.8814814807626883,2.1074007205000718,2.687499977604167,5,5
417,30,2026-02-02T06:22:11.131566,0.14290899106523883,0.08082210977302254,-0.018817420280236308,0.02569138235276445,0.0805120601014796,-0.003542353033578874,0.23092031363720728,-0.09408710140118152,0.25691382352764447,0.5367470673431973,-0.07084706067157748,0.3863408012874231,0.13813220599234144,-0.0018349758060741562,-0.09920152199368179,0.3498545363886215,0.049975389934534827,0.09995887198600074,-0.1423698620490564,-0.29946632215479024,0.10221519076527397,-0.001169168122861686,0.09477705966564554,-0.027110063231675315,0.4995749858380964,0.0,0.1,-0.3925427887706054,0.2977524440939645,0.09998380698061256,1855656.0,1434.0,303880.0,6.106542056074766,0.42403175794475,7,17200.0,11.9375,65024.0,67.1875,0.8968105065666041,4,568.3124039999989,0.7261328792855921,0.6725888324702388,0.27285903678752654,0.9745689378478788,0.0,0.0,0,146.3125,13.25,4,2.026488547429835,1.5947955388852413,2.1192920353972924,-4.239350912750242,-4.154761865192745,-4.244588737238808,0.0046767065861094475,-1.8093963412340024,-3.8814814807626883,2.333032489290229,2.791666643402778,11,15
417,31,2026-02-02T06:22:11.682910,0.09596415360687802,0.08927961703091686,-0.04427451839735811,-0.004149304274187109,0.0805120601014796,-0.0036469130057606327,0.2550846200883339,-0.22137259198679055,-0.04149304274187109,0.5367470673431973,-0.07293826011521265,0.3976812188789585,0.14825512086435544,0.0017357684046222326,-0.09855317657807133,0.08844097921062345,0.008257020646231501,0.02560762560958113,0.12171845243707909,-0.29946632215479024,0.0032109339103648413,-0.2146261258011925,0.09428756312927768,-0.020328697076663536,0.4995749858380964,0.0,0.1,-0.39601798550634465,0.2991178340040816,0.09999154894357781,1980376.0,1539.0,320466.0,6.179675847047736,0.45391567267072275,7,23088.0,16.125,65024.0,90.1875,1.0860973888496823,5,654.0136679999999,0.7008027507204655,0.6795454545300104,0.2735497976950959,0.9938243121181674,0.0,0.0,0,150.6875,13.8125,4,2.920333686895986,2.5706319700213163,2.853185840706702,-0.25828262339243896,-0.16666666507936578,-0.26190476145124764,1.2876297602862823,-1.7633456447631757,-3.8814814807626883,2.6489169655964497,3.260416639496528,6,12
417,32,2026-02-02T06:22:12.257070,0.21332441422885884,0.08816177037384394,0.06616940606272083,0.00393078009771997,0.0805120601014796,-0.003692814558692917,0.251890772496697,0.33084703031360413,0.0393078009771997,0.5367470673431973,-0.07385629117385833,0.39750284463330543,0.14577704419968276,0.0019150218819756672,-0.09948914698961543,0.34988027031640095,0.049980603116095326,0.09996615061941676,0.2957372268791667,-0.29946632215479024,0.040243829079809466,-0.19127612453964146,0.09395775623997728,0.0,0.4995749858380964,0.0,0.1,-0.3972453443876953,0.29941814881933043,0.09999558951724458,1975190.0,1491.0,319437.0,6.183347577143537,0.40162833925678604,7,17056.0,11.8125,65024.0,66.625,1.493987975951904,4,635.3619360000007,0.7100951115723099,0.7018633540227357,0.2739835128179967,0.9999978181659503,0.0,0.0,0,153.25,14.0625,4,2.883166585442559,2.124535315787682,2.807654867255395,-4.336713995913883,-4.273809483106577,-4.341991334472743,1.008412215417913,-1.7344313225126702,-3.8814814807626883,2.833935016004379,3.46874997109375,6,5
417,33,2026-02-02T06:22:12.998043,0.23734886110025985,0.08617854091083715,0.09920218965052659,0.015569001116727292,0.0805120601014796,-0.0037478653589509505,0.2462244026023919,0.4960109482526329,0.1556900111672729,0.5367470673431973,-0.07495730717901901,0.39755894066973774,0.14915229130692048,-0.002975993460773577,-0.0995401855004786,0.3499999999984346,0.04999999999973137,0.0999999999995607,0.2821924663922056,-0.18920726803599774,0.07819325153038523,-0.10565840172964462,0.09381905752567682,-0.005782257323035711,0.4995749858380964,0.0,0.1,-0.39868343979042786,0.2997469897938938,0.09999769825578458,1976780.0,1578.0,324959.0,6.083167414966196,0.3963526110066771,8,3632.0,2.3125,32256.0,14.1875,1.3487179487179488,1,598.119719999999,0.7198031868674021,0.6942148760187146,0.27415909299832536,0.9998892089519167,0.0,0.0,0,158.375,14.5625,4,2.8945618209440918,2.933085501586144,3.0519911504411272,-13.413116970835611,-13.321428444557824,-13.422077898836228,0.450894011908534,-1.7227259849609853,-3.8814814807626883,3.203971116820237,3.8854166342881946,5,12
417,34,2026-02-02T06:22:13.614897,-0.03205856055897262,-0.16093653874941954,0.017621576836499904,0.06576671937056007,0.0805120601014796,-0.003759924617832334,-0.4598186821411987,0.08810788418249951,0.6576671937056007,0.5367470673431973,-0.07519849235664668,-0.11945743249742065,-0.08236588704968707,-0.003063444313825938,-0.09938904995609041,0.3499999800067621,0.049999997103399356,0.09999999436753876,-0.019773272001544086,-0.29946632215479024,0.34860378846609236,0.2488065631024222,0.09559487489924634,0.0,0.4995749858380964,0.0,0.1,-0.39901328430504607,0.2998331814216735,0.0999987987710148,1529916.0,1196.0,251574.0,6.081375658851869,0.41060009872979997,8,10624.0,7.1875,65024.0,41.5,0.9867986798679867,2,366.41827200000125,0.8339322696006809,0.8048780487641285,0.2715504232754332,0.9907367514002585,0.0,0.0,0,160.375,14.8125,4,-0.30802969928042967,-0.6171003716898614,-0.1951327433627455,-8.685598377223222,-8.67857134591837,-8.692640677588502,-3.0176905384703874,-1.8966371838796623,-3.8814814807626883,3.348375448845938,4.093749965885417,14,12
417,35,2026-02-02T06:22:15.227757,-0.17520785162582372,-0.2223773661945124,0.0215381973653732,-0.010755752959971917,0.0805120601014796,-0.003759924617832334,-0.6353639034128926,0.10769098682686598,-0.10755752959971916,0.5367470673431973,-0.07519849235664668,-0.39999999987064394,-0.14999999998065633,-0.1,0.09950547536867305,0.3499999800067621,0.049999997103399356,0.09999999436753876,0.0,-0.29946632215479024,-0.3999993347775779,0.2499999794238921,0.09559487489924634,-0.14997347424899432,0.4995749858380964,0.0,0.1,-0.39901328430504607,0.2998331814216735,0.0999987987710148,0.0,0.0,0.0,0.0,1.0,16,10624.0,7.1875,65024.0,41.5,0.0,2,0.0,0.0,0.0,0.2715504232754332,1.0,0.0,0.0,0,160.375,14.8125,4,-11.272654301521422,-11.732342006344581,-11.326725663711802,-8.685598377223222,-8.67857134591837,-8.692640677588502,-8.502994010703146,-1.8966371838796623,-3.8814814807626883,3.348375448845938,4.093749965885417,5,17
418,1,2026-02-02T06:22:36.250362,-0.16719063717796673,0.090654242178326,-0.14608675713550676,0.03163935320837935,-0.10721851272925385,-0.004916509199651184,0.2590121205095029,-0.7304337856775337,0.3163935320837935,-0.7147900848616924,-0.09833018399302368,0.39982005790034103,0.14984915704261623,0.002371149846249583,-0.09871606064418698,-0.34929853731312455,-0.04991312786556243,-0.09979873289572364,0.05709515501015798,-0.29946632215479024,0.23287756046715202,0.0973942257888583,-0.09828937250277586,0.0,-0.43592502450766335,-0.24675063843009498,-0.09999546322544378,0.39998103635344423,-0.29998447954135116,-0.09998407473594395,2158896.0,1671.0,348620.0,6.192691182376226,0.44790279992894827,7,28576.0,20.0,65024.0,111.625,1.038533250466128,7,540.5250839999995,0.7665775130709471,0.7435294117472111,0.33564650385314676,0.990330277608168,282.0,81.0,4,40.25,3.5625,10,4.1997534615712375,3.79739776916381,4.098938053095531,3.452332657177469,3.523809490249433,3.4502164442420487,-0.41130113766298587,2.3764320059217807,1.3407407404924554,-5.324909743447718,-5.281249955989584,14,12
418,2,2026-02-02T06:22:36.822703,-0.07577918708603407,0.08888681789845723,-0.14718558172101817,-0.01564496742471772,0.02483740496077919,-0.004916072951322,0.25396233685273495,-0.7359279086050908,-0.15644967424717718,0.16558269973852793,-0.09832145902643999,0.39799221027475035,0.1484091558180196,0.0012496428717575,-0.09973210095897478,-0.30347549606983193,-0.043356937720678564,-0.08663310599667431,-0.027576101190396524,-0.29946632215479024,0.09207088920786137,-0.16493639608537133,-0.09478411956808176,-0.0839552599298928,0.4976693140730095,-0.1938104453293216,-0.09999968180364179,0.39996465181638385,-0.29997387285737315,-0.09996948674010687,1990450.0,1544.0,322616.0,6.169718798819649,0.36929389722724826,7,25424.0,17.6875,65024.0,99.3125,0.9815638906547998,6,620.9298479999995,0.7234376596576044,0.6051401869017491,0.3271513797384591,0.9726129324385768,46.0,41.0,1,44.5625,3.875,10,2.992532178998151,2.6171003715039864,2.948318584069492,1.3211629479288631,1.3214285588435368,1.3181818158992518,0.7923629938933521,1.8100907758367564,-3.029629629068587,-5.013537902517301,-5.020833291493057,11,16
418,3,2026-02-02T06:22:37.273384,-0.00285434595018828,0.0866480342651337,-0.1365575558873575,0.049696109209506165,0.014233863659072686,-0.004914637841548645,0.24756581218609633,-0.6827877794367874,0.4969610920950616,0.09489242439381791,-0.0982927568309729,0.3945494261395697,0.14186349632276204,0.0035083815142853744,-0.09882817290224921,-0.32963573899987714,-0.04732794443319798,-0.09414985863510641,0.11729147781978556,-0.29946632215479024,0.3029245891958093,0.21541419171942122,-0.06903874018494138,0.0,0.47889753337239255,-0.24698123272621944,-0.0999997062091391,0.39995610313874186,-0.2999642890006123,-0.09994153963058766,1920474.0,1455.0,308957.0,6.215991222079448,0.4433061576886622,7,26064.0,18.1875,65024.0,101.8125,1.0825892857142858,6,481.17722400000014,0.7989880754316796,0.7796976241732246,0.3127304338569189,0.9941135746133481,106.0,82.0,1,46.0625,4.0625,10,2.491027147894211,1.7899628251124564,2.343938053096308,1.7538877619894937,1.7976190304988657,1.7510822480500734,-1.2997421554940487,0.8486950246645776,-1.9185185181632372,-4.905234653498026,-4.86458329279514,16,6
418,4,2026-02-02T06:22:37.769533,-0.004910039059586865,0.09039127528718834,-0.11137435184318162,0.04898692843184409,0.003260931714441119,-0.0049123691496184806,0.2582607865348238,-0.556871759215908,0.48986928431844085,0.021739544762940793,-0.0982473829923696,0.3996905399331936,0.14965206593685712,0.0028359880300740103,-0.09965948559494991,-0.2995726469375618,-0.042579419136575786,-0.08551179439490963,0.2798725365113218,-0.29946632215479024,0.29722238473395185,0.1493521299408061,-0.006376298432544243,0.0,0.43636781027276106,-0.24530771367061222,-0.09999955251921622,0.39993529079616597,-0.29995118991681863,-0.09988801008500812,2121058.0,1626.0,341984.0,6.202214138673154,0.3813044403896536,7,25360.0,17.625,65024.0,99.0625,1.3360723089564503,6,521.9676000000002,0.795726842038427,0.7647058823368759,0.30095774414773196,0.9907810915621057,137.0,76.0,2,48.75,4.25,10,3.9285755238938784,3.379182155819778,3.8053097345115905,1.2778904665228,1.2619047498866207,1.2748917726841695,-0.6891077843279754,0.06384956728242021,-1.344444444195473,-4.7111913323384895,-4.708333294097224,14,11
418,5,2026-02-02T06:22:38.662544,0.0273735641889263,0.0875247132962872,0.03404149075529923,-0.06571666574742772,-0.0019251752628177369,-0.004794011004202061,0.25007060941796344,0.17020745377649613,-0.6571666574742773,-0.012834501752118246,-0.09588022008404122,0.39038459784581253,0.14940401333036185,-0.0037188412535504303,-0.09955198917984012,0.2688168830762589,0.03807970779778826,0.076965486399235,0.2571412717499273,-0.29946632215479024,-0.3959993701861501,-0.24999971980336377,-0.09262454223856387,-0.14437144283297876,0.4294176292574194,-0.24698123272621944,-0.0999992602135681,0.39965957033954586,-0.2996469547088658,-0.09978551850770054,1880505.0,1597.0,309908.0,6.06794597106238,0.3950493652755393,6,21968.0,15.25,65024.0,85.8125,1.2564909520062943,5,1048.7805239999998,0.4353426703783617,0.403225806442322,0.3244693871066413,0.9851106271419249,140.0,82.0,3,60.25,5.4375,8,2.2045767279188855,3.109665427220291,2.3860176991139883,-1.0155510479985426,-0.9999999904761913,-1.0194805177151858,7.19731323245549,1.631291386248497,-1.2888888886502057,-3.88086642319071,-3.7187499690104175,1,15
418,6,2026-02-02T06:22:39.298362,0.09229605941313795,0.08981922744977304,0.06411265388350243,-0.03821907731078008,0.02171662395416372,-0.004768303243161267,0.2566263641422087,0.3205632694175121,-0.38219077310780075,0.14477749302775814,-0.09536606486322532,0.39986546372195,0.1499505315214189,0.0006300534456918123,-0.09967737732647994,0.3485919998997092,0.04981407373209626,0.09960153163896988,0.2860523112185962,-0.29946632215479024,-0.11156064014706941,-0.24164111391562673,-0.0929034762832891,-0.05238985239527767,0.4974905653086767,-0.21495100794913988,-0.0999998126399277,0.3992264684858198,-0.29889105065668076,-0.09958942076378553,2179188.0,1731.0,353935.0,6.157028832977806,0.3786012608611089,7,18880.0,13.0,65024.0,73.75,1.3738095238095238,4,704.0857559999996,0.6713509370388453,0.645308924470359,0.3247693867060224,0.9929886422633968,48.0,48.0,1,65.9375,6.125,8,4.345182467104008,4.355018586955853,4.33411504424587,-3.1034482758410857,-3.1428571129251712,-3.1082251028429004,2.037211915862687,1.6512913462072634,-2.9925925920384087,-3.470216603992623,-3.1458333071180564,5,16
418,7,2026-02-02T06:22:39.833108,0.1981701696176268,0.09028223774090743,0.0736301925375135,0.05503504219138114,0.020705193159285307,-0.004703719839072625,0.257949250688307,0.3681509626875675,0.5503504219138113,0.13803462106190206,-0.09407439678145249,0.3995649654760388,0.14973664977170098,0.0026740446059510528,-0.09979032262718729,0.34999984384692406,0.049999980541196365,0.09999995597210654,0.2781724454134478,-0.29946632215479024,0.3491188657989343,0.24185657580596082,-0.06837224628920088,0.0,0.4971964856550851,-0.22153739817319518,-0.09999982275280911,0.39871855213522345,-0.29745445512885166,-0.09921473800972092,2097285.0,1641.0,338332.0,6.198896350330445,0.35702731603521276,7,12144.0,8.1875,65024.0,47.4375,1.3276699029126213,2,431.0273879999994,0.8344702729892904,0.8218262806053045,0.31254106697138034,0.9982998871694008,51.0,51.0,1,69.4375,6.625,8,3.7581988361090097,3.5185873602677886,3.6437168141576795,-7.657876943829224,-7.7261904026077115,-7.664502151230299,-2.0504882032858642,0.8360705740449743,-2.937037036493141,-3.2175090229476466,-2.729166643923612,17,16
418,8,2026-02-02T06:22:40.492427,0.006157986671812634,-0.08133509465909725,-0.003627308843052,0.03697027862204317,0.0805120601014796,-0.0046051607013483,-0.23238598474027786,-0.01813654421526,0.3697027862204317,0.5367470673431973,-0.092103214026966,0.06887103982062105,-0.011686306305043918,-0.0016098773626791643,-0.09947952604525723,0.34995668744996733,0.04999335535413524,0.09998775995758757,-0.0662911826003379,-0.29946632215479024,0.20630326168841215,0.1318864844878416,-0.04640241721393954,0.0,0.4995749858380964,0.0,0.1,0.39780022207348853,-0.29526174989554865,-0.09850069910720374,1597162.0,1254.0,261352.0,6.1111527748018,0.4025636482089098,8,16304.0,11.25,65024.0,63.6875,0.955064737242955,4,528.8058600000006,0.7570543280659652,0.7041666666519966,0.3075364135697267,0.998448095450937,0.0,0.0,0,73.1875,7.0,8,0.17390992747182193,-0.07806691449088683,0.2375221238937002,-4.845165652435124,-4.809523763718822,-4.850649342249958,-0.5867386226666467,0.5024272363636244,-3.8814814807626883,-2.946750900399458,-2.4166666465277786,6,16
418,9,2026-02-02T06:22:40.988595,-0.09343178311878426,-0.18869458861341865,-0.010898378393212334,0.06122318219831727,0.0805120601014796,-0.004311604911689837,-0.539127396038339,-0.05449189196606167,0.6122318219831727,0.5367470673431973,-0.08623209823379673,-0.2113185869804303,-0.09907332994053443,-8.572958068294097e-05,-0.09964146309039168,0.3408533836710429,0.04876412154650035,0.09740925449386084,-0.07244963329030243,-0.29946632215479024,0.3530518638459121,0.2487884960646485,0.015272625137025734,0.0,0.4995749858380964,0.0,0.1,0.39690374787783755,-0.2920663069486169,-0.09714668392869001,1490882.0,1177.0,242721.0,6.142369222275781,0.38388766291058296,8,20272.0,14.0,65024.0,79.1875,0.9507269789983845,5,366.9213240000001,0.8387545297689818,0.8074074073874714,0.2976910407839073,0.9871228371407961,0.0,0.0,0,75.5625,7.3125,7,-0.5877791474356715,-0.7936802973240084,-0.5868584070793863,-2.162271805259214,-2.1904761696145134,-2.166666662914863,-3.0101598199086577,-0.15393051178583872,-3.8814814807626883,-2.775270756118938,-2.156249982031251,18,10
418,10,2026-02-02T06:22:41.597733,0.15540422265657444,0.08759194294724192,0.06522655509651823,-0.028515779397028,0.05691478244462055,-0.004056490586565666,0.2502626941349769,0.3261327754825911,-0.28515779397027996,0.37943188296413705,-0.08112981173131331,0.3980889058053944,0.14905259383677755,0.000913069360379286,-0.09955601438937199,0.3491616204826702,0.04988443139357006,0.09976278778922393,0.2914709150963239,-0.29946632215479024,-0.08643861283291526,-0.23771320171271412,0.0065899938363014375,-0.06976162111079329,0.4993845816025644,0.0,-0.09998876255224265,0.3941959401683752,-0.2867637975804184,-0.09460310681473014,1993902.0,1572.0,323537.0,6.16282527191635,0.3945970951813798,8,18496.0,12.75,65024.0,72.25,1.423913043478261,4,690.9521520000002,0.6780442220401104,0.624434389126144,0.2990100662324653,0.9741147892009461,10.0,10.0,0,79.9375,7.625,7,3.017272023621605,2.8773234198069395,2.9890707964588543,-3.363083164277464,-3.3809523487528357,-3.367965362133394,1.8406010775687753,-0.06599554050528639,-3.6962962956117966,-2.4593862798127173,-1.8958333175347228,11,13
418,11,2026-02-02T06:22:42.029274,0.2560309347141598,0.08651718288670227,0.08550422061352887,0.06182991710012412,0.05696099745569179,-0.003518929841627014,0.2471919511048636,0.42752110306764435,0.6182991710012412,0.37973998303794526,-0.07037859683254027,0.3977312449103632,0.1429613516268253,0.004290679016778465,-0.09975796754228965,0.3499999996502661,0.04999999995509152,0.09999999990163522,0.2970768142132965,-0.2912336556594492,0.3385746081806471,0.2361762552150953,0.05162465637746297,0.0,0.49946927767606863,0.0,-0.09971349268105799,0.3937086771275402,-0.2837808550601808,-0.08990813860026203,1981902.0,1463.0,318019.0,6.232023872787475,0.36421050447645803,8,7632.0,5.0,48384.0,29.8125,1.5319371727748692,1,449.0898720000002,0.8243449413152866,0.7746781115713588,0.29143186615227773,0.9929760663974863,6.0,6.0,0,80.5,7.75,6,2.9312702462515454,1.8643122674847288,2.744911504423564,-10.70858688295667,-10.761904659410433,-10.716450197893593,-1.7800917362604627,-0.571208542375789,-3.7703703696721536,-2.418772561430489,-1.7916666517361117,18,16
418,12,2026-02-02T06:22:42.521991,0.19230982667347166,0.06470398455806826,0.015117595130755463,0.06618823326292032,0.0805120601014796,-0.0029495928794916774,0.1848685273087665,0.07558797565377731,0.6618823326292032,0.5367470673431973,-0.058991857589833545,0.37804610196582533,0.09923031764078631,0.0019382464660988468,-0.09939030826805695,0.3499998297306279,0.04999997531008693,0.09999995199028233,0.0022287851448213754,-0.29946632215479024,0.3694120864384815,0.2485237028826389,0.08249893466596825,0.0,0.4995749858380964,0.0,0.1,0.39311956711225715,-0.28014841296677756,-0.08151676094003975,1821810.0,1348.0,294609.0,6.183823304787023,0.41049669705526737,8,12208.0,8.3125,65024.0,47.6875,1.0014858841010401,3,373.54138800000044,0.861251087491303,0.8336798336625014,0.2824163806481116,0.9911530977485501,0.0,0.0,0,81.125,7.875,6,1.7839205343575821,0.7955390333833134,1.7090707964594207,-7.614604462423161,-7.607142784693879,-7.621212108015217,-2.91105706543247,-1.1722405086322212,-3.8814814807626883,-2.3736462076724574,-1.6874999859375006,18,6
418,13,2026-02-02T06:22:43.037381,0.22067298767081445,0.09011185137042721,0.01621712487718327,0.06650936477175262,0.0805120601014796,-0.0014149599497679736,0.2574624324869349,0.08108562438591635,0.6650936477175262,0.5367470673431973,-0.02829919899535947,0.39925582408541704,0.1486778078520894,0.0018916201790334418,-0.09816136372126219,0.3499999410195467,0.049999991543237865,0.09999998337682946,0.007760234814040257,-0.29946632215479024,0.3659741875238678,0.24644189999117178,0.09322118827012629,0.0,0.4995749858380964,0.0,0.1,0.3898079368728429,-0.2602522292277196,-0.06734763932885926,2059804.0,1554.0,333147.0,6.182868223336845,0.4659971238447024,7,11424.0,7.75,65024.0,44.625,1.0051746442432083,3,403.06279200000006,0.8557014522185982,0.8138075313637279,0.27487474679708546,0.9979574631911459,0.0,0.0,0,83.875,8.3125,6,3.48957945130841,2.710037174469327,3.4142920353967194,-8.144692359647433,-8.142857065306124,-8.151515137399974,-2.4691198798698917,-1.6750157635171266,-3.8814814807626883,-2.175090251137119,-1.3229166556423617,18,6
418,14,2026-02-02T06:22:43.450448,-0.34188161272382717,-0.24048798955016978,-0.1714386918197338,0.010182405260208017,0.0805120601014796,0.0011073911326014536,-0.6871085415719137,-0.8571934590986691,0.10182405260208016,0.5367470673431973,0.02214782265202907,-0.39978388679695576,-0.14994020677702388,-0.0008169796253349324,-0.09911094491441202,-0.349582491916956,-0.049946022029171054,-0.09988023156094213,-0.2955152650069256,-0.29946632215479024,-0.028052201571677923,-0.02770684103659138,0.0917533347869475,-0.02982972786644053,0.4995749858380964,0.0,0.1,0.38233354818490206,-0.22978029004709896,-0.04557344906251849,999678.0,804.0,163149.0,6.1273927514112865,0.429427086832404,8,28960.0,20.25,65024.0,113.125,0.5111252383979656,7,575.4338039999999,0.6929754181593676,0.6697674418448891,0.2764019930295467,0.9947648047436174,0.0,0.0,0,87.75,8.6875,5,-4.108147235042563,-4.260223047931207,-4.107743362830041,3.711967545613848,3.761904726077097,3.709956703532542,0.11128449100130317,-1.5731994158972746,-3.8814814807626883,-1.8953068578373236,-1.0104166582465282,6,2
418,15,2026-02-02T06:22:44.042202,-0.0025030344468384494,0.09080947984197724,-0.12522689926026312,-0.011594045262040713,0.0805120601014796,0.003361435452368406,0.25945565669136356,-0.6261344963013156,-0.11594045262040711,0.5367470673431973,0.06722870904736812,0.39988680503734675,0.14979314096379762,0.0025736965567765353,-0.09845384823037605,-0.23065616648760673,-0.03279871670642385,-0.06572056956933128,0.07463898275658104,-0.29946632215479024,-0.04013161274175398,-0.24430844140561264,0.08976244417360217,-0.017810324312344132,0.4995749858380964,0.0,0.1,0.36824079387262,-0.19955995734730989,-0.01652220341014792,2191240.0,1654.0,353606.0,6.19684055134811,0.4572606272048371,7,24640.0,17.125,65024.0,96.25,1.050825921219822,6,717.1034639999989,0.6899332285801837,0.6821052631435346,0.27810217429668305,0.9948948752715926,0.0,0.0,0,91.9375,8.9375,5,4.431556918842672,3.6394052041227316,4.319557522121983,0.7910750507045905,0.7857142782312919,0.787878786514495,2.2320877840969766,-1.4598540736517471,-3.8814814807626883,-1.5929602876585123,-0.8020833266493059,5,15
418,16,2026-02-02T06:22:44.658528,-0.02240815189475457,0.09048742103044158,-0.1385256712921894,-0.021574148718770128,0.0805120601014796,0.007057252304643643,0.25853548865840453,-0.692628356460947,-0.21574148718770128,0.5367470673431973,0.14114504609287284,0.3999007509465641,0.14987473256106015,0.002254090882126824,-0.09921610991569291,-0.31845079714085783,-0.04576716386276808,-0.09093592452617734,0.08265972862614575,-0.29946632215479024,-0.10609868452462357,-0.24431626370056475,0.08653301980276273,-0.0508472018451019,0.4995749858380964,0.0,0.1,0.34737764628293755,-0.13616570010148432,0.015710123089542293,2200414.0,1681.0,355462.0,6.19029319589717,0.42310616590002303,7,25728.0,17.9375,65024.0,100.5,1.0565681961030797,6,717.1499279999992,0.6728256185183346,0.6470588235141869,0.2802872437853091,0.9890739134350574,0.0,0.0,0,95.625,9.3125,5,4.497305277642082,3.8903345721291505,4.401681415927256,1.5267072346076627,1.5595237946712013,1.523809521170892,2.2327833529591534,-1.314182871524144,-3.8814814807626883,-1.3267148004861264,-0.4895833292534726,5,12
418,17,2026-02-02T06:22:45.212407,0.0625091184213089,0.09067245966402873,-0.13140388596738992,0.0430004776902244,0.0805120601014796,0.010990460433226408,0.25906417046865354,-0.6570194298369496,0.430004776902244,0.5367470673431973,0.21980920866452816,0.39973875312394697,0.14963890402405744,0.003167128840560406,-0.09916468808042378,-0.29200967823148616,-0.04171897025414587,-0.0833390329751642,0.11001268211266974,-0.29946632215479024,0.2268268339457118,0.059682279229854425,0.0896560455097461,-0.010729308858346045,0.4995749858380964,0.0,0.1,0.32227590385848964,-0.06757123325061976,0.04491036754170555,2132878.0,1624.0,343514.0,6.208998759875871,0.4262958935864324,7,25248.0,17.5625,65024.0,98.625,1.0769230769230769,6,551.7391439999992,0.7643189133430011,0.6892523364324941,0.2781839257275909,0.9779737527075484,0.0,0.0,0,98.5625,9.625,4,4.013287274603387,3.36059479522671,3.8730088495558084,1.2021636240621896,1.2023809409297046,1.1991341970577758,-0.24342598798752288,-1.4544039818912864,-3.8814814807626883,-1.1146209378233785,-0.22916666475694478,15,15
418,18,2026-02-02T06:22:45.825475,-0.025303902705655707,0.09036517862515654,-0.11783004448776045,-0.020737654438019497,0.04983890046258226,0.0134247824527453,0.25818622464330443,-0.5891502224388022,-0.20737654438019495,0.3322593364172151,0.26849564905490597,0.3999223857006627,0.14992691731197605,0.0020167598862598267,-0.09942684342278908,-0.32831238994944506,-0.047000267086771436,-0.09376960089951802,0.2732147017784475,-0.29946632215479024,-0.09330595034013953,-0.24554842320949655,0.08684789931365555,-0.0543882336990516,0.49914132349744567,-0.05377639498092501,-0.0999990989304422,0.2751398592885407,0.009371949433809288,0.06688949718416891,2217570.0,1710.0,358515.0,6.185431571900757,0.4073978094809016,7,26016.0,18.125,65024.0,101.625,1.306340718105424,6,725.3943839999989,0.6762360549637756,0.6430205949509606,0.2800971493548231,0.9941626144973426,19.0,19.0,0,102.3125,9.9375,4,4.620259152022143,4.159851300728638,4.536769911502417,1.7214334009349466,1.7380952215419496,1.718614715638762,2.3562033529406725,-1.326855825107909,-3.5296296289759943,-0.8438628152751892,0.03124999973958304,5,12
418,19,2026-02-02T06:22:46.439400,0.16004328389201986,0.08981883420564778,0.07126404360116877,-0.023698525751777277,0.04750112610905293,0.015522871048287505,0.2566252405875651,0.35632021800584385,-0.23698525751777277,0.31667417406035286,0.3104574209657501,0.39964700872371817,0.1496252448351585,0.0012384788379288692,-0.09974326379911837,0.3499918133720964,0.049998744920862474,0.09999768803984262,0.29917247633878846,-0.29946632215479024,-0.12602869184447177,-0.23903339001530097,0.08316197136497422,-0.05539300328206905,0.4990753638498972,-0.07112982131635986,-0.09999930550624542,0.2030623743673402,0.11291345049393786,0.08123513210239004,2111872.0,1622.0,342309.0,6.169490139026435,0.3671630481056872,7,15072.0,10.375,65024.0,58.875,1.6584867075664622,3,694.8390239999989,0.6673833813830675,0.6418604651013521,0.2820995181504478,0.9910836620303093,21.0,21.0,0,106.25,10.375,4,3.8627411633170983,3.342007434633642,3.8196902654850353,-5.678160919501838,-5.6428570891156475,-5.68398267414029,1.8987877841468712,-1.193364661060371,-3.492592591945816,-0.5595667865995908,0.395833330034722,5,13
418,20,2026-02-02T06:22:46.962027,0.2246802620155624,0.08132854244150525,0.08355128390434786,0.0616861630391419,0.013978871340656385,0.015397854790171278,0.23236726411858646,0.4177564195217393,0.616861630391419,0.09319247560437591,0.30795709580342556,0.39118086610949154,0.13655700782159885,0.001539302137325496,-0.09978126336331601,0.34999999833932116,0.04999999976223254,0.09999999953262856,0.293421072758781,-0.29946632215479024,0.3102904772846595,0.22450814418994727,0.0889158916406858,0.0,0.47964919499253283,-0.24944783273027923,-0.09999988551308464,0.15407515720827605,0.1506239994383939,0.08974714701182696,1886606.0,1427.0,305491.0,6.175651655858929,0.3591445035044095,8,8784.0,5.875,65024.0,34.3125,1.4502032520325203,1,470.3410800000006,0.8034548542026292,0.7858672376705381,0.27873157878682076,0.9973211811594024,105.0,105.0,1,108.375,10.5625,4,2.24830146489678,1.5297397768095031,2.1905752212379688,-9.929682217647535,-9.928571334013608,-9.937229420022113,-1.461959880020656,-1.4178938022827474,-1.9370370366783263,-0.4061371838222836,0.5520833287326387,14,16
418,21,2026-02-02T06:22:47.736647,-0.008030526200763631,-0.23036218633088543,0.10924423331823184,0.05892530977450588,0.0805120601014796,0.014015122256264343,-0.6581776752311013,0.5462211665911592,0.5892530977450587,0.5367470673431973,0.28030244512528685,-0.3405248960944342,-0.14442396453415665,-0.00912635595092389,-0.09991126471779838,0.3499999999990886,0.0499999999998685,0.0999999999997443,0.112979673979425,0.0,0.24534497793734977,0.24445796094519895,0.09109006294504089,0.0,0.4995749858380964,0.0,0.1,0.11903084375654178,0.1506239994383939,0.09451484898652948,1396960.0,1049.0,234508.0,5.956982277790097,0.31400143547949527,9,3232.0,1.9375,27904.0,12.625,1.0792181069958848,0,417.9972720000004,0.7714294025497113,0.7360178970752569,0.2770081674469931,0.9900509798700379,0.0,0.0,0,109.75,10.5625,4,-1.2609007252815654,-1.9832713752803661,-0.9502654867252432,-13.683569979623506,-13.678571298299321,-13.692640668930492,-2.2455498200231157,-1.5327878150085839,-3.8814814807626883,-0.30685920555461427,0.5520833287326387,5,10
418,22,2026-02-02T06:22:48.187509,0.21716601920530848,0.03400679177831054,0.05323488529686038,0.06684554196253846,0.0805120601014796,0.01382919356637978,0.09716226222374441,0.2661744264843019,0.6684554196253846,0.5367470673431973,0.2765838713275956,0.33639992020076703,0.051615035319897605,0.0016644287991813584,-0.09940410882098212,0.349999999974487,0.04999999999631369,0.09999999999283193,0.0543727038920204,-0.18920726803599774,0.36774176111813733,0.2490084039457709,0.09529263022909751,0.0,0.4995749858380964,0.0,0.1,0.11241517566312675,0.1506239994383939,0.09709940236365754,1743764.0,1301.0,282244.0,6.1782145944643645,0.40934846613169334,8,5696.0,3.6875,32256.0,22.25,1.0366533864541834,2,360.2165160000004,0.8584839974119618,0.8260869565037807,0.27205972661598243,0.9933664071447916,0.0,0.0,0,110.0,10.5625,4,1.2245793079722769,0.35873605944621334,1.1619469026543532,-12.017579445490078,-12.011904647505672,-12.025974005149829,-3.1105311971391365,-1.8626836504787367,-3.8814814807626883,-0.28880866405140165,0.5520833287326387,18,6
418,23,2026-02-02T06:22:48.980599,0.17262969457843377,-0.022384134641295787,0.08985936316911254,0.05189874274384981,0.0805120601014796,0.01310872852564747,-0.06395467040370226,0.4492968158455627,0.5189874274384981,0.5367470673431973,0.2621745705129494,0.1942839768255485,0.044104776828017916,-0.006980213189573885,-0.09984539833082974,0.34999999999921666,0.0499999999998685,0.09999999999978025,0.17251227782562759,-0.1397096528775781,0.17085715937055834,0.21279787605055145,0.0956540710913971,0.0,0.4995749858380964,0.0,0.1,0.02883078406845126,0.21729500582103853,0.09847568109765498,1646908.0,1295.0,274436.0,6.001064000349809,0.34177762972692977,9,3120.0,1.9375,29440.0,12.1875,1.1310043668122272,1,483.8011199999992,0.7456396726167709,0.7161125319509946,0.2714466852550289,0.9902348035988588,0.0,0.0,0,113.0,11.0,4,0.5304302955594035,0.30297397766700906,0.8164601769907891,-13.759296822084117,-13.678571298299321,-13.768398244556886,-1.2604622752604224,-1.9035530472960407,-3.8814814807626883,-0.07220216601285041,0.9166666590277777,5,11
418,24,2026-02-02T06:22:49.754061,0.014111702509980908,-0.20211877964361066,0.1136737955085992,0.05333309928338083,0.0805120601014796,0.009076592580491807,-0.5774822275531734,0.568368977542996,0.5333309928338082,0.5367470673431973,0.18153185160983615,-0.25567899138112476,-0.10214022649908644,-0.00843590707828248,-0.09961626765940712,0.3499999999995907,0.04999999999994285,0.09999999999988521,0.14511019097092467,0.0,0.16899321478914164,0.2337725527151354,0.09593753721030751,0.0,0.4995749858380964,0.0,0.1,-0.09217711627676241,0.2527012317423387,0.09920158685087178,1467296.0,1173.0,245730.0,5.971171611117893,0.3872896569502724,8,2640.0,1.5,15872.0,10.3125,1.1055607917059378,0,454.6099800000004,0.7450710712979121,0.7235142118676094,0.27092995100562983,0.9956926098506645,0.0,0.0,0,117.25,11.375,4,-0.7568156408565234,-0.8308550185101445,-0.45371681415909126,-14.08384043262959,-14.095237960997734,-14.093073568670002,-1.6974553889674409,-1.9380019742900276,-3.8814814807626883,0.23465703954176387,1.229166656423611,5,13
418,25,2026-02-02T06:22:50.551337,0.1814627241043939,-0.04365523948426283,0.12476024715422862,0.055843307960565004,0.0805120601014796,0.004367413692743368,-0.12472925566932239,0.6238012357711431,0.55843307960565,0.5367470673431973,0.08734827385486736,0.11179163431960218,0.06688294128147378,-0.008637801525538688,-0.09981373285723484,0.34999999999985193,0.04999999999997516,0.0999999999999585,0.23120374474080072,0.0,0.2111353333796022,0.22720995936455196,0.09641015128823116,0.0,0.4995749858380964,0.0,0.1,-0.21995807214170593,0.2841064003268467,0.09958253144687874,1612958.0,1314.0,270312.0,5.967023291603776,0.3511020509431216,9,1888.0,1.0625,10496.0,7.375,1.2043996333638864,0,466.40946000000076,0.7587143860296025,0.7305699481676018,0.26998428733991525,0.9920742472531517,0.0,0.0,0,122.5625,12.0625,4,0.28711693374994357,0.4795539033011559,0.6339823008846752,-14.592292089150831,-14.511904623696147,-14.601731576447218,-1.5208164668381898,-2.0010461766415313,-3.8814814807626883,0.6182310464850317,1.8020833183159721,5,10
418,26,2026-02-02T06:22:51.048979,-0.0580880364495704,-0.2346500658048345,0.060270927106274574,0.06455598614476413,0.0805120601014796,0.002485509503006105,-0.6704287594423843,0.30135463553137287,0.6455598614476412,0.5367470673431973,0.049710190060122096,-0.37446991336751956,-0.1369801359179299,-0.004605934847164915,-0.09986033091995675,0.3499999999971925,0.04999999999951285,0.09999999999921193,0.08874725648000996,-0.22875464313163502,0.32698565861455264,0.2487147204213281,0.09751535721980784,0.0,0.4995749858380964,0.0,0.1,-0.26329815817785385,0.28942685496486126,0.0997819160188117,1334832.0,1096.0,220642.0,6.04976387088587,0.33669509272387604,9,4064.0,2.625,35328.0,15.875,1.0609874152952565,1,368.90066399999955,0.8149125435674165,0.7286063569504008,0.26718234419547504,0.9776569654552831,0.0,0.0,0,124.9375,12.3125,4,-1.7061605939854867,-1.5464684013432661,-1.5638053097338214,-13.121027721344687,-13.023809399773244,-13.129870107134424,-2.980528981589748,-2.1878422617401556,-3.8814814807626883,0.7897111907655514,2.0104166499131946,15,16
418,27,2026-02-02T06:22:51.885159,0.2751862920277397,0.08280149630993018,0.1154970059301918,0.03657194028099216,0.0805120601014796,0.00016885472550588702,0.23657570374265766,0.5774850296509589,0.36571940280992155,0.5367470673431973,0.0033770945101177403,0.391396739198333,0.14747607038638444,-0.005529580896259055,-0.09939404111338236,0.3499999999999363,0.049999999999989206,0.09999999999998216,0.15868111275103639,0.0,0.11607650113497983,0.07362668458317566,0.09749028718185077,0.0,0.4995749858380964,0.0,0.1,-0.31570829172235326,0.2953586865754069,0.09988612809105413,1888354.0,1519.0,313117.0,6.030825538057659,0.4101886943962275,8,1264.0,0.625,3072.0,4.9375,1.1177336276674026,0,547.7266079999993,0.7298775090412504,0.7163120567206546,0.26725859195409013,0.9982787337790376,0.0,0.0,0,128.8125,12.8125,4,2.260829057133685,2.384758364090635,2.5280088495564033,-15.014198782859946,-14.92857128639456,-15.02380949779427,-0.3034938921701468,-2.18275908122127,-3.8814814807626883,1.069494584065347,2.427083313107639,5,7
418,28,2026-02-02T06:22:52.395079,-0.06007451816174512,-0.17092850413885594,-0.005631636236105751,0.06732902429026888,0.0805120601014796,-9.300867827161131e-05,-0.48836715468244557,-0.028158181180528753,0.6732902429026888,0.5367470673431973,-0.0018601735654322261,-0.1421910046093485,-0.09828259583171362,-0.0012396648949126573,-0.09939504859042106,0.34999999682180416,0.04999999951430596,0.09999999910531207,-0.13627586860686458,-0.29946632215479024,0.372400283392627,0.24968908068501852,0.09852392719032031,0.0,0.4995749858380964,0.0,0.1,-0.321000003625593,0.2953586865754069,0.09994055693477336,1521032.0,1178.0,248586.0,6.118735568374728,0.4101052417700424,8,9264.0,6.25,65024.0,36.1875,0.9019908116385911,2,321.43425600000126,0.8665848706315749,0.8296460176807601,0.26323856565861325,0.9961998421879411,0.0,0.0,0,129.3125,12.8125,4,-0.3716996817933971,-0.7843866170274743,-0.32734513274321797,-9.605138607102061,-9.571428480272111,-9.612554095908997,-3.6911039515432296,-2.4507606555853454,-3.8814814807626883,1.1055956670717721,2.427083313107639,18,11
418,29,2026-02-02T06:22:52.907099,0.21732158703685123,0.09060925136784402,0.022053871062795743,0.05637927863132929,0.0805120601014796,-0.0009704206263371318,0.2588835753366972,0.1102693553139787,0.5637927863132929,0.5367470673431973,-0.019408412526742636,0.3997237621544044,0.14951404075879937,0.0026649283888393644,-0.0987162113067907,0.3494900529035341,0.04991911174485781,0.09985574466705598,0.06323982243765651,-0.29946632215479024,0.2884874554508456,0.15547041749313956,0.0988163932684149,0.0,0.4995749858380964,0.0,0.1,-0.33981768638734233,0.29659727819175546,0.09996897375131168,2128984.0,1608.0,343456.0,6.198709587254262,0.44789689447474706,7,18128.0,12.5625,65024.0,70.8125,1.0428015564202335,4,519.3650880000025,0.7910180003074366,0.7470725995141201,0.2615713843273356,0.9897436934694216,0.0,0.0,0,131.375,13.0,4,3.985379697846803,3.2118959104821654,3.8704424778743935,-3.6118999323623266,-3.559523775623584,-3.6168831106201162,-0.72806754480115,-2.5619060035736223,-3.8814814807626883,1.254512634473276,2.5833333118055557,14,12
418,30,2026-02-02T06:22:53.543109,0.008397542275417488,0.08785664166463884,-0.14460241811329116,0.008242190986552872,0.0805120601014796,-0.0018541445157500694,0.25101897618468244,-0.7230120905664558,0.08242190986552872,0.5367470673431973,-0.037082890315001386,0.39545878945282004,0.1470210451659614,0.000634750010589465,-0.09833946126574117,-0.24491096266706364,-0.037309121430376534,-0.06981264792941995,-0.0813989934307796,-0.29946632215479024,0.06972989070241847,-0.17638587257577898,0.09872463805296154,-0.005162279737421332,0.4995749858380964,0.0,0.1,-0.3723636861961636,0.29879487203606486,0.09998380698061256,1933288.0,1510.0,313992.0,6.157125022293561,0.46085810374444475,7,24752.0,17.3125,65024.0,96.6875,0.9443402126328956,6,626.6673600000001,0.7176123498091425,0.694835680734863,0.26213482410182254,0.9909333267684833,0.0,0.0,0,137.0625,13.625,3,2.582862712495873,2.301115241421829,2.5667256637156783,0.8668018931652008,0.9642857051020403,0.8636363621408889,0.878253892084096,-2.524343376982912,-3.8814814807626883,1.6651624536713627,3.1041666407986113,6,6
418,31,2026-02-02T06:22:54.166162,0.011175559902789532,0.08970388973260848,-0.1311439441631559,-0.0037972475179051343,0.0805120601014796,-0.002342410402024935,0.25629682780745283,-0.6557197208157794,-0.03797247517905134,0.5367470673431973,-0.046848208040498704,0.3987509711025356,0.14890125861997516,0.0017161642098172654,-0.09895245930309952,-0.31356029629112536,-0.04468967728220455,-0.08953070044035098,0.14300915729612007,-0.29946632215479024,0.007050773611665239,-0.2192466873247162,0.09854340738226786,-0.020283164877670526,0.4995749858380964,0.0,0.1,-0.382642719648445,0.29928353925916806,0.09999154894357781,2023632.0,1564.0,327487.0,6.179274291803949,0.43766896626531565,7,25616.0,17.8125,65024.0,100.0625,1.103740296400847,6,659.0193719999993,0.7017628759984105,0.6795918367208247,0.2631381909857158,0.9938932758756673,0.0,0.0,0,140.375,13.9375,3,3.230341427055927,2.802973977434667,3.1638495575207237,1.4509803921470523,1.440476176757369,1.4480519455444982,1.3625654488978092,-2.4574522959840834,-3.8814814807626883,1.9043321285889299,3.364583305295139,6,11
418,32,2026-02-02T06:22:54.639983,0.269341468951347,0.08885371017567024,0.07680173075063662,0.057069194829031326,0.0805120601014796,-0.002632773405210481,0.2538677433590579,0.38400865375318305,0.5706919482903132,0.5367470673431973,-0.05265546810420962,0.3980245018249054,0.14728302980360253,0.0022587176125614494,-0.09974845374040724,0.3499997839779886,0.049999968672698986,0.0999999390838325,0.2966432987401144,-0.29946632215479024,0.28845624127802694,0.18566269209723943,0.09882120017346208,-0.018709400366254562,0.4995749858380964,0.0,0.1,-0.38875910541378694,0.2995741977605396,0.09999558951724458,1991584.0,1515.0,321722.0,6.190387974711086,0.3661406392382007,7,12384.0,8.4375,65024.0,48.375,1.5180360721442885,2,504.114864,0.7910017395364626,0.6811926605348351,0.2615406817161124,0.976606627627956,0.0,0.0,0,143.4375,14.25,3,3.0006593469596217,2.347583642904499,2.9087610619456155,-7.4956051385564875,-7.488095166780047,-7.502164489173741,-0.9563643112340772,-2.563952842957278,-3.8814814807626883,2.1254512620032844,3.624999969791667,15,5
418,33,2026-02-02T06:22:55.239401,0.20577326009975966,0.03645088322559497,0.05780516655744975,0.06511649373602586,0.0805120601014796,-0.0028488900205302435,0.10414538064455707,0.28902583278724875,0.6511649373602586,0.5367470673431973,-0.056977800410604865,0.3029416536644396,0.09601687460691853,-0.00188580364338581,-0.09974282915918203,0.3499999974949341,0.04999999966017322,0.09999999929487173,0.18939273094750755,-0.29946632215479024,0.33699290984953456,0.24620192556994908,0.09912658492837499,0.0,0.4995749858380964,0.0,0.1,-0.3932416086773729,0.29971922596462025,0.09999769825578458,1711030.0,1344.0,280244.0,6.105500920626311,0.36724773252024445,8,9088.0,6.0625,65024.0,35.5,1.1487179487179486,2,405.2588759999992,0.822966550486373,0.7698209718473191,0.25928036167894497,0.9831488038822073,0.0,0.0,0,147.0,14.5,3,0.9899807929363164,0.7583643121971773,1.0734513274331534,-9.724137930968736,-9.74999990714286,-9.731601714750473,-2.43624437089279,-2.7146407449765046,-3.8814814807626883,2.3826714784240637,3.833333301388889,15,11
418,34,2026-02-02T06:22:55.991275,0.2693520131607354,0.05742244863721424,0.12273470768638835,0.052076901386060595,0.0805120601014796,-0.0030290393300474233,0.16406413896346927,0.6136735384319417,0.5207690138606059,0.5367470673431973,-0.06058078660094846,0.32218403433572207,0.13725512631222148,-0.006059409322361792,-0.09954422358497497,0.34999999999919956,0.049999999999883256,0.09999999999977544,0.21479289618531514,0.0,0.18173432855559968,0.20198158117078782,0.09915110119457216,-0.00147054113810788,0.4995749858380964,0.0,0.1,-0.3970398592463771,0.29990089435413103,0.0999987987710148,1728330.0,1430.0,287100.0,6.019958202716824,0.3959105604245057,7,3136.0,1.875,25088.0,12.25,1.1798679867986799,0,493.11530399999697,0.7490150433105676,0.6985294117475851,0.25906590651356426,0.9945640420974585,0.0,0.0,0,152.75,15.125,3,1.1139666886448187,1.557620817699105,1.376814159291426,-13.748478701732601,-13.738095107256237,-13.757575733753116,-1.12102838306576,-2.7289377464705513,-3.8814814807626883,2.797833932997954,4.354166630381945,5,18
418,35,2026-02-02T06:22:57.981923,-0.10324009066574202,-0.2223773661945124,0.09242343145182237,-0.010404111374124341,0.0805120601014796,-0.0030290393300474233,-0.6353639034128926,0.46211715725911184,-0.1040411137412434,0.5367470673431973,-0.06058078660094846,-0.39999999987064394,-0.14999999998065633,-0.1,0.09950547536867305,0.34999999999919956,0.049999999999883256,0.09999999999977544,0.0,0.0,-0.3999993347775779,0.2499999794238921,0.09915110119457216,-0.14997347424899432,0.4995749858380964,0.0,0.1,-0.3970398592463771,0.29990089435413103,0.0999987987710148,0.0,0.0,0.0,0.0,1.0,16,3136.0,1.875,25088.0,12.25,0.0,0,0.0,0.0,0.0,0.25906590651356426,1.0,0.0,0.0,0,152.75,15.125,3,-11.272654301521422,-11.732342006344581,-11.326725663711802,-13.748478701732601,-13.738095107256237,-13.757575733753116,-8.502994010703146,-2.7289377464705513,-3.8814814807626883,2.797833932997954,4.354166630381945,5,15
419,1,2026-02-02T06:23:19.070972,-0.08206247082333186,0.09082599587483321,-0.13801874847352122,0.03605372916891023,-0.03474490016783635,-0.004916093725457425,0.25950284535666635,-0.690093742367606,0.3605372916891023,-0.23163266778557567,-0.09832187450914849,0.3997629126319137,0.14979314096379762,0.003035872550243839,-0.09874153660349838,-0.2859901468940444,-0.04171897025414587,-0.08160981293532069,0.04168019385683495,-0.29946632215479024,0.2427684168115207,0.13706140116678575,-0.09826566098202488,0.0,0.20559272035415907,-0.24623567155805703,-0.09999871814598532,0.399983733665953,-0.29997878624955493,-0.09998407473594395,2139650.0,1654.0,344754.0,6.2063094264316,0.44689431403244956,7,25168.0,17.5625,65024.0,98.3125,1.0279676817899317,6,526.859916,0.7704032364100548,0.7608695652008507,0.3355423611163232,0.9938208976830201,186.0,79.0,3,39.1875,3.75,10,4.061820944299224,3.6394052041227316,3.927876106192952,1.1480730223046107,1.2023809409297046,1.145021643038923,-0.6158695208658879,2.3694891614287723,-0.43703703695610413,-5.4016245448363716,-5.124999957291668,14,15
419,2,2026-02-02T06:23:19.642791,-0.10266488183463826,0.08957157684629999,-0.150408103867691,-0.0272022485076365,0.012045316109190683,-0.0049146345665888646,0.25591879098942855,-0.7520405193384548,-0.272022485076365,0.08030210739460455,-0.09829269133177729,0.3983785565865702,0.14860233854717775,0.0021821311895455667,-0.09915166496890483,-0.333152267407582,-0.04788208895449323,-0.09516030547895016,-0.020944890434285452,-0.29946632215479024,0.029589391062505868,-0.2186659435913428,-0.0960547504513216,-0.08802389302033924,0.4662862892945294,-0.24907330973053146,-0.09999979442447242,0.39997101730265444,-0.29995118991681863,-0.09996948674010687,2005394.0,1551.0,324035.0,6.188819109046862,0.4270726846327257,7,26208.0,18.3125,65024.0,102.375,0.986013986013986,6,658.3531679999996,0.7074108851884154,0.5990783410000212,0.3292941131250756,0.9747459135711529,119.0,98.0,1,43.1875,4.25,10,3.099633059082999,2.6821561335797246,3.011106194688933,1.8512508451531358,1.916666648412698,1.8484848452840084,1.3525923351268523,1.9529395730453265,-1.6777777774670781,-5.112815880784971,-4.708333294097224,11,5
419,3,2026-02-02T06:23:20.072330,-0.12874712550778478,0.003676202872979479,-0.14599275104865347,0.055116581187612416,0.0001442039043150542,-0.004912586251650256,0.01050343677994137,-0.7299637552432673,0.5511658118761241,0.0009613593621003615,-0.09825172503300512,0.2425563708148779,0.05284007178686348,0.0023123249111809034,-0.09892983675392492,-0.28077586886040445,-0.04076869712477019,-0.08011201537815256,-0.04649721911148705,-0.29946632215479024,0.3430106251195789,0.24596955680507254,-0.06502230292248026,0.0,0.4341250367036254,-0.2378928106759088,-0.09999852351135641,0.39995108227561627,-0.2999178362134686,-0.09994153963058766,1671014.0,1302.0,269889.0,6.191486129482861,0.4387429509917099,7,25104.0,17.5,65024.0,98.0625,0.96875,6,407.25788399999993,0.8283922750029411,0.8187772925585419,0.31163527501481525,0.9958352137695436,138.0,63.0,3,46.8125,4.5625,10,0.7031935326662914,0.3680297397427474,0.6152654867253915,1.1048005408985477,1.1428571319727885,1.1017315998238408,-2.406319101436181,0.7756844838646948,-1.325925925680384,-4.851083028988388,-4.447916629600695,17,15
419,4,2026-02-02T06:23:20.664794,-0.06965889287548663,0.08806634926940256,-0.024505759649371548,-0.011783617915085507,-0.09481426271259392,-0.004864814019625633,0.2516181407697216,-0.12252879824685774,-0.11783617915085506,-0.6320950847506261,-0.09729628039251266,0.3957956094244742,0.14860233854717775,0.0006672226270370514,-0.09965048737393153,0.05952413055155562,0.005336737279965319,0.01735500717930499,0.2637596059081966,-0.29946632215479024,0.11144520054691179,-0.17154061112225769,-0.0412796659229378,-0.10705882096955927,-0.29982247279597696,-0.24980411513043616,-0.0999987063323891,0.39989654165340993,-0.2998109767835512,-0.09988801008500812,1938694.0,1551.0,314836.0,6.157790087537639,0.38261080667406694,7,23216.0,16.1875,65024.0,90.6875,1.2744453574363188,5,624.156588,0.7286177715412395,0.5657894736718029,0.30658466473945795,0.9474737264028963,247.0,119.0,3,52.0,5.0625,9,2.6216065132010846,2.6821561335797246,2.6040707964590246,-0.1717376605803128,-0.10714285612244967,-0.1753246750210833,0.8406674849040926,0.43897735664562604,0.6925925924643348,-4.476534292796726,-4.031249966406251,10,10
419,5,2026-02-02T06:23:21.257208,0.005412638121356311,0.08698407221764418,-0.002006031827179467,-0.015826826767144,-0.03720159598053201,-0.004780191673219797,0.24852592062184053,-0.010030159135897334,-0.15826826767144,-0.24801063987021338,-0.09560383346439594,0.3970363331193832,0.14905259383677755,0.0004162705346005908,-0.09985860439422961,0.14852918188745282,0.019200802171602697,0.04273989454595584,0.24862267602672747,-0.29946632215479024,-0.004927350472112125,-0.20093913296853338,-0.03864282736131808,-0.011381590384099855,0.16571970898925764,-0.24969456032028278,-0.09999952475192203,0.3997561887583509,-0.2994646295600155,-0.09978551850770054,1963200.0,1572.0,319082.0,6.152650415880557,0.33730981294583495,8,22800.0,15.875,65024.0,89.0625,1.2368214004720692,5,642.0902399999998,0.6987681000689697,0.6885964912129694,0.30611391720747827,0.9983036807103599,191.0,113.0,2,57.9375,5.6875,8,2.797236476220308,2.8773234198069395,2.7919469026536317,-0.45300878971972275,-0.4047619009070302,-0.45670995591911745,1.109135329175276,0.4075942087690796,-0.3444444443806583,-4.047833932095426,-3.5104166374131953,6,10
419,6,2026-02-02T06:23:21.767344,-0.06922989954141061,-0.07696607497167096,-0.05564868236632247,0.04718378646923478,0.05222312477518206,-0.004759599947573706,-0.21990307134763132,-0.27824341183161233,0.4718378646923478,0.3481541651678804,-0.09519199895147411,0.03515829941100636,0.029713461802808434,-0.00044206353014060776,-0.09970884267913797,0.11612314962414003,0.016607284932104817,0.03350311457954624,0.028485357075628687,-0.29946632215479024,0.2359750228505952,0.17942966790599538,0.0009027028528273312,0.0,0.49920258161717146,-0.03586204640048632,-0.0999987519864452,0.3995116490242842,-0.29900057061973234,-0.09958942076378553,1585192.0,1284.0,258382.0,6.135071328498115,0.3734623972184165,7,22960.0,15.9375,65024.0,89.6875,1.019047619047619,6,507.68467200000015,0.7677570287201092,0.7230443974477158,0.29986459089395767,0.9962040692377772,17.0,17.0,0,62.75,6.0625,8,0.08812315454518761,0.20074349440513453,0.10610619469021854,-0.3448275862045651,-0.34523809195011407,-0.348484847881412,-0.9029240717211171,-0.009027267717975976,-3.5666666660061725,-3.700361008158584,-3.197916640017362,15,4
419,7,2026-02-02T06:23:22.306790,0.10728481043783028,0.08888259673886469,0.053582090763509,0.053551747432618604,-0.052746998027211923,-0.004722172969689779,0.25395027639675627,0.26791045381754497,0.535517474326186,-0.35164665351474617,-0.09444345939379557,0.39963366931781585,0.1495229757990753,0.003154525416348194,-0.09987474611590613,0.33818756602130184,0.04824295396633459,0.09665371321905891,0.27202307725501806,-0.29946632215479024,0.2956569072401877,0.15758899089181147,0.048891696887609706,0.0,0.05166676847588111,-0.2496710915586915,-0.09999962131387213,0.3993769989272267,-0.2984852729594951,-0.09921473800972092,2109283.0,1609.0,339728.0,6.208740521829228,0.33124482851462766,8,20464.0,14.1875,65024.0,79.9375,1.301779935275081,6,518.4339599999998,0.7948586075550572,0.7610619468858172,0.2919804584730638,0.9910387581401573,204.0,112.0,2,64.4375,6.3125,8,3.8441862798495077,3.221189590778699,3.705486725662077,-2.0324543610410246,-2.011904742743765,-2.0367965332696167,-0.742006586715271,-0.5346357453719152,-0.1037037036844992,-3.578519853011899,-2.9895833084201398,14,6
419,8,2026-02-02T06:23:22.977096,0.13642158164022622,0.08844886966891359,0.054607977335053196,-0.018511926356166025,0.05690448026373549,-0.004662753950950175,0.252711056196896,0.27303988667526596,-0.18511926356166025,0.3793632017582366,-0.0932550790190035,0.39975525639995696,0.14968874540090454,0.0015944630803564105,-0.09992624349838791,0.34849777976488133,0.049764209022660676,0.09957485533122745,0.25143186583118066,-0.29946632215479024,-0.04935038656394378,-0.23930118538752343,0.041081620546997016,-0.03538629322802991,0.49931230794183684,0.0,-0.09999671855548513,0.3990819372892077,-0.29770530981321763,-0.09850069910720374,2137432.0,1632.0,346043.0,6.176781498253107,0.3047532676890567,8,18928.0,13.125,65024.0,73.9375,1.242955064737243,5,695.6830319999993,0.6875992259091819,0.6639344262159029,0.29345110871248803,0.9906350277656325,13.0,13.0,0,67.125,6.5625,8,4.045924949115324,3.4349442375989825,3.9849115044230152,-3.0709939147865386,-3.023809495011339,-3.075757570431589,1.9114226344443883,-0.43659246143915637,-3.6407407400665295,-3.3844765318523633,-2.7812499768229175,5,16
419,9,2026-02-02T06:23:23.653625,0.11234154598153837,0.03085041152957832,0.03227151400018343,0.01358558366920819,0.0805120601014796,-0.004512957998551326,0.08814403294165235,0.16135757000091713,0.1358558366920819,0.5367470673431973,-0.09025915997102653,0.2811907823878443,0.10228957106121409,-0.0028668718608990526,-0.09943458800921197,0.34968988007222884,0.049949741250263274,0.09991229032002034,0.13235138304871963,-0.29946632215479024,0.056079754003551266,-0.02829173142419248,0.0426820281748163,-0.030161847672454396,0.4995749858380964,0.0,0.1,0.3983057215165749,-0.29526174989554865,-0.09714668392869001,1694730.0,1352.0,278491.0,6.085403118951779,0.4067156535379681,8,17760.0,12.3125,65024.0,69.375,1.0947368421052632,5,575.5920720000006,0.7141128952945921,0.6694214875894747,0.29315996732792504,0.9998597396768402,0.0,0.0,0,71.375,7.0,8,0.8731617120086522,0.8327137545694496,0.9958849557517717,-3.8607167004471896,-3.797619011451248,-3.8658008591068387,0.11365377243808476,-0.4560018741370804,-3.8814814807626883,-3.0776173262977493,-2.4166666465277786,5,16
419,10,2026-02-02T06:23:24.229162,-0.04144971635221445,-0.12511458250982213,0.03843155150943982,0.04456481606956225,0.02668186568268773,-0.00425657925586953,-0.357470235742349,0.19215775754719908,0.44564816069562246,0.17787910455125153,-0.0851315851173906,-0.048223443419048016,-0.030783346436579685,-0.0025522895765425113,-0.09961789674775484,0.34945588160714147,0.04990889488055994,0.0998460740641477,0.16448889501168404,-0.29946632215479024,0.1638655718121248,0.16528472932425808,0.053724420898525777,0.0,0.49826594228781296,-0.181736748311939,-0.09999975849900529,0.3968757865052043,-0.2912080662651264,-0.09460310681473014,1555992.0,1240.0,255422.0,6.091848000563773,0.3870765282007187,8,18176.0,12.625,65024.0,71.0,1.1231884057971016,5,514.9050720000009,0.7435207310706708,0.7082452431139906,0.2909958963601759,0.9997072701094593,38.0,38.0,1,75.625,7.375,8,-0.12114783705529045,-0.20817843864236346,-0.024867256637157137,-3.5794455713077795,-3.499999966666668,-3.5844155782088043,-0.794834251378005,-0.600273175806154,-3.1777777771893003,-2.770758120743135,-2.1041666491319453,6,16
419,11,2026-02-02T06:23:24.658348,-0.04275010222753212,-0.16400329266766453,0.0563955215634247,0.0636497861870941,0.017004578258407035,-0.0038365362137987302,-0.46858083619332724,0.2819776078171235,0.636497861870941,0.1133638550560469,-0.0767307242759746,-0.11282680037066453,-0.10505575625376523,0.0020706589004409865,-0.0996329364411887,0.34997968810109953,0.049997112140317164,0.09999426166272768,0.2416432990821049,-0.29946632215479024,0.33249786524517627,0.24565429535167507,0.07780170671851955,0.0,0.491532051170758,-0.24094124348171475,-0.0999997472643611,0.39619284900032403,-0.2867637975804184,-0.08990813860026203,1532442.0,1169.0,247706.0,6.186535651134813,0.3850649688177437,8,15744.0,10.8125,65024.0,61.5,1.2228033472803348,4,409.79452800000064,0.8192150601585069,0.7896995707985043,0.2843950986343857,0.998709460674139,81.0,67.0,1,77.0,7.625,8,-0.28992632514403216,-0.8680297396962807,-0.36628318584054587,-5.223799864738176,-5.226190426417235,-5.229437220381927,-2.368345388867005,-1.0403260641569083,-2.381481481040466,-2.6714801424754655,-1.8958333175347228,16,9
419,12,2026-02-02T06:23:25.280339,0.12086815994360764,0.07120384859860004,0.017130510210335553,0.03418836428347985,0.02337616928970625,-0.003273944590301482,0.20343956742457156,0.08565255105167775,0.3418836428347985,0.15584112859804167,-0.06547889180602964,0.3788798908719708,0.12019481774761732,-0.0005170101761415915,-0.09943416102513326,0.34999026634181474,0.04999840752327582,0.09999725095465152,0.03766216574063285,-0.29946632215479024,0.16224543802287356,0.016873126740317327,0.08123227129413825,0.0,0.4978353580699583,-0.20397631571432695,-0.0999997956755328,0.39440029544434674,-0.282053489704089,-0.08151676094003975,1824586.0,1381.0,297477.0,6.133536374240697,0.40675350500525476,8,15200.0,10.5,65024.0,59.375,1.0252412769116555,4,563.484636,0.7430349793825348,0.7043121149752708,0.28299269520946296,0.9929969440756609,44.0,44.0,1,79.6875,7.8125,8,1.803815612189189,1.102230483168937,1.8359734513266213,-5.591615956689712,-5.523809471201815,-5.597402587710126,-0.06759526945095845,-1.1338195634894261,-3.066666666098765,-2.47743682131593,-1.7395833188368062,6,5
419,13,2026-02-02T06:23:25.812991,-0.011435424761203296,0.08993659094275999,-0.15124246088229684,-0.006898323954242261,0.0805120601014796,-0.001986503120691188,0.2569616884078857,-0.7562123044114841,-0.06898323954242261,0.5367470673431973,-0.03973006241382376,0.3989186834469074,0.14778171920449984,0.0031761019072995985,-0.09874883547787822,-0.3360739994479271,-0.04811531163446009,-0.09599982200328451,-0.01937789840110301,-0.29946632215479024,-0.0019693068214086495,-0.22886128785382143,0.07895223699285339,-0.013608103084869,0.4995749858380964,0.0,0.1,0.39131960908374447,-0.26732019832299186,-0.06734763932885926,2033706.0,1526.0,327532.0,6.2091826142178475,0.4466016420519369,7,26352.0,18.375,65024.0,102.9375,0.9870633893919794,7,672.2181840000009,0.6995076693168267,0.6863543788047586,0.28394756509683344,0.9998689076335286,0.0,0.0,0,82.75,8.1875,8,3.302539919158092,2.4498141261663737,3.1658407079632007,1.9486139283167776,1.976190457369614,1.9458874425179433,1.5601524548562777,-1.0701616134366942,-3.8814814807626883,-2.2563176879015754,-1.4270833214409728,6,6
419,14,2026-02-02T06:23:26.324591,0.08930441163022482,0.09127582600368367,-0.10292126850702213,0.052524472883161526,0.0805120601014796,-0.0008242253508175409,0.26078807429623907,-0.5146063425351106,0.5252447288316152,0.5367470673431973,-0.016484507016350815,0.399761918538156,0.14932138509882306,0.004062004937600083,-0.097916397492297,-0.07139793094139413,-0.012245933120185425,-0.02007013208240271,0.015234660189409936,-0.29946632215479024,0.2793926242039157,0.12189100616105972,0.08669030261951173,0.0,0.4995749858380964,0.0,0.1,0.389438216544853,-0.2639480098955954,-0.04557344906251849,2139358.0,1590.0,343543.0,6.227336898146666,0.4723126831895336,7,23776.0,16.5625,65024.0,92.875,1.0101651842439645,6,532.4049719999998,0.7864329378867516,0.7568807339275945,0.280192813407566,0.9895078929574807,0.0,0.0,0,84.125,8.25,8,4.059728234383219,3.0446096651445527,3.8742920353965156,0.20689655172273905,0.24999999761904698,0.20346320311088573,-0.5328597005190358,-1.3204782258434473,-3.8814814807626883,-2.1570397096339065,-1.3749999885416673,14,12
419,15,2026-02-02T06:23:26.881334,0.19165859085610087,0.09050677385412341,-0.002513509568007437,0.0534318917138708,0.0805120601014796,0.0009838282548947986,0.2585907824403526,-0.012567547840037182,0.5343189171387079,0.5367470673431973,0.01967656509789597,0.399774703854956,0.14938148726457612,0.002939947558256359,-0.09922341891569947,0.30599399602065236,0.043055448206682306,0.08752232327408714,0.01998307308897127,-0.29946632215479024,0.2762804030415373,0.13304728582739928,0.0911338713863663,0.0,0.4995749858380964,0.0,0.1,0.3843895851859922,-0.25178551870667576,-0.01652220341014792,2143210.0,1595.0,345437.0,6.204344062737923,0.42263594389360276,7,21472.0,14.9375,65024.0,83.875,1.0133418043202034,5,528.3746159999998,0.784929504865826,0.7605633802638365,0.2769694812207131,0.9910037295499381,0.0,0.0,0,86.875,8.4375,8,4.087334804919008,3.091078066627223,3.9580973451309918,-1.3509127788955315,-1.2976190352607717,-1.3549783526320724,-0.5931943711686861,-1.5353668950411976,-3.8814814807626883,-1.9584837530985677,-1.2187499898437504,14,15
419,16,2026-02-02T06:23:27.491283,0.006326704381304803,0.09304832893577047,-0.11410905597834425,-0.016208521780929325,0.0805120601014796,0.003448958423688173,0.26585236838791565,-0.5705452798917212,-0.16208521780929325,0.5367470673431973,0.06897916847376345,0.399895030511472,0.1498599603125414,0.0028602369341028844,-0.09919015608910148,-0.18158414937738238,-0.024936680520219336,-0.051640765518517956,0.09032664886474358,-0.29946632215479024,-0.07165250610907144,-0.24468606208638466,0.08867397160818752,-0.03214287174594934,0.4995749858380964,0.0,0.1,0.3728412780871612,-0.2230597574444885,0.015710123089542293,2196504.0,1675.0,354120.0,6.202710945442223,0.42474131604071835,6,24320.0,16.875,65024.0,95.0,1.062143310082435,6,719.4219119999991,0.6818914990800413,0.6673511293497464,0.278903122251852,0.9982913939834043,0.0,0.0,0,90.8125,8.75,8,4.469283031849004,3.8345724903499465,4.342300884953831,0.5747126436742751,0.5476190424036275,0.5714285704390842,2.266795089481006,-1.4064575789048142,-3.8814814807626883,-1.674187724422969,-0.9583333253472227,5,14
419,17,2026-02-02T06:23:27.879192,-0.2901067328109401,-0.23872966163826773,-0.1660196205447343,0.06546218716374029,0.0805120601014796,0.0054470782792299475,-0.6820847475379078,-0.8300981027236713,0.6546218716374029,0.5367470673431973,0.10894156558459894,-0.39902007620478624,-0.14984859552806956,0.0012416692688398485,-0.09710007917341491,-0.29084849335350527,-0.042579419136575786,-0.08300545228943702,-0.29152249074220216,-0.29946632215479024,0.34450433201360425,0.24891177769764056,0.09375404954511718,0.0,0.4995749858380964,0.0,0.1,0.3581627869538702,-0.19955995734730989,0.04491036754170555,1105208.0,854.0,179139.0,6.1695554848469625,0.4890485909795995,7,25232.0,17.625,65024.0,98.5625,0.5754716981132075,6,363.32867999999894,0.8298206853694419,0.8116279069578691,0.2742400781823071,0.9968566145149489,0.0,0.0,0,93.9375,8.9375,7,-3.351833271220698,-3.795539033104505,-3.4002212389365485,1.191345503710674,1.2619047498866207,1.1883116862540053,-3.063941915709007,-1.7173269762948744,-3.8814814807626883,-1.4485559556328116,-0.8020833266493059,17,17
419,18,2026-02-02T06:23:28.337358,-0.08306770788364592,-0.0007015843846609266,-0.14385351825318343,0.06584663194216953,0.02489475547752051,0.007524783506896414,-0.0020045268133169333,-0.7192675912659171,0.6584663194216952,0.16596503651680342,0.15049567013792828,0.2555840213798593,0.025674149270048807,0.0035675808957320513,-0.098555173344321,-0.27802935622338987,-0.04076869712477019,-0.07932312018216833,-0.02750871686060896,-0.29946632215479024,0.35294178318783836,0.24413733508863722,0.09677433081899108,0.0,0.4980625522628237,-0.1938104453293216,-0.09999977932071165,0.3495531043649281,-0.1706574937220739,0.06688949718416891,1678440.0,1281.0,269967.0,6.217204324973053,0.4538461170018964,7,25072.0,17.5,65024.0,97.9375,0.9816091954022989,6,419.89741199999946,0.838630121043024,0.8322717621903977,0.2691681216257216,0.9978501105605126,41.0,41.0,1,95.3125,9.125,7,0.7564142992287964,0.1728624535155324,0.6187168141590182,1.0831643001955162,1.1428571319727885,1.0800865782162998,-2.2171046104465497,-2.0554571879804326,-3.1222222216440327,-1.3492779773651422,-0.6458333279513893,17,9
419,19,2026-02-02T06:23:28.911989,0.11718860269570788,0.09051250851279356,0.06296256464956076,-0.01805871631085513,0.012339819268127964,0.009797491896440583,0.2586071671794102,0.3148128232478038,-0.18058716310855127,0.08226546178751977,0.19594983792881165,0.3998951357664171,0.14981148794243435,0.002781848699576375,-0.09959819367890518,0.3468043666899588,0.04945910987163026,0.09909530351905022,0.2996430416036118,-0.29946632215479024,-0.07656991424389498,-0.24571999933052163,0.09576226845777616,-0.051766514634742376,0.4877824928911095,-0.2360135588066215,-0.0999995614030564,0.32164026860050243,-0.11022067973748643,0.08123513210239004,2196574.0,1659.0,354223.0,6.201104953659136,0.3895954295543358,7,19488.0,13.5625,65024.0,76.125,1.7426470588235294,5,726.7187399999983,0.6806184267746203,0.6460176991007518,0.2712534532906934,0.9909528537475294,91.0,61.0,2,98.625,9.4375,7,4.469784708883663,3.685873605605402,4.346858407077723,-2.6923597024834867,-2.607142832312926,-2.69696969229962,2.3760290415604497,-1.9164351696636601,-2.1962962958895744,-1.1101083024475753,-0.3854166634548615,5,12
419,20,2026-02-02T06:23:29.575231,0.1905753866500893,0.08770429778136758,0.07132347663880699,-0.019648388037669547,0.0805120601014796,0.01104900548646455,0.25058370794676454,0.3566173831940349,-0.19648388037669545,0.5367470673431973,0.22098010972929097,0.39991820335705053,0.14984632850024093,0.001800904830285835,-0.09992468303687749,0.3499994403148423,0.04999991880364085,0.0999998421130796,0.2995019441476093,-0.29946632215479024,-0.1118326919326206,-0.24387449871576805,0.09435257453033888,-0.03412056187431777,0.4995749858380964,0.0,0.1,0.281653280682801,-0.05257657124317412,0.08974714701182696,2213908.0,1670.0,358179.0,6.181010053632401,0.30580046967590685,9,13088.0,8.9375,65024.0,51.125,1.7093142272262027,3,714.6200159999989,0.6712771722091099,0.6652719665132788,0.2734614440110251,0.9999975355496956,0.0,0.0,0,101.875,9.6875,7,4.594014276294714,3.7881040888672763,4.521902654865255,-7.019607843089793,-7.011904695124718,-7.025974013807837,2.1949104188330817,-1.7692358864410669,-3.8814814807626883,-0.8754512629058113,-0.17708333185763922,5,12
419,21,2026-02-02T06:23:30.088257,0.0011073207439567315,-0.1757162286086525,0.05759487554273064,0.05783229984525573,0.0805120601014796,0.01214676736340356,-0.5020463674532929,0.2879743777136532,0.5783229984525573,0.5367470673431973,0.2429353472680712,-0.14450465559065415,-0.11232279264000487,0.00037035380539084876,-0.09997605111123198,0.34999976949120715,0.04999996471219158,0.09999993499698456,0.22285250156449252,-0.29946632215479024,0.24588509813480475,0.22367106973536335,0.09550354446387345,0.0,0.4995749858380964,0.0,0.1,0.2381419656251012,0.009371949433809288,0.09451484898652948,1520106.0,1158.0,247103.0,6.151710015661485,0.24849845154347622,9,12432.0,8.5,65024.0,48.5625,1.191358024691358,3,471.47918400000117,0.7716461590541422,0.7114914425253914,0.27170783188695463,0.9819570802186552,0.0,0.0,0,104.5,9.9375,7,-0.3783361522804533,-0.9702602229581552,-0.39296460176973763,-7.46315077750194,-7.428571357823131,-7.46969695676243,-1.4449223949932577,-1.886143283440835,-3.8814814807626883,-0.685920577122079,0.03124999973958304,15,18
419,22,2026-02-02T06:23:30.781409,0.21407227143250915,0.08451217695402942,0.0637472095330361,0.013068824819445874,0.0805120601014796,0.012597065344878018,0.24146336272579835,0.3187360476651805,0.13068824819445873,0.5367470673431973,0.25194130689756034,0.3951773303761018,0.14607567250517167,-0.0025477415332531487,-0.09957224826943817,0.3499999991322579,0.04999999986888759,0.09999999975585222,0.22212935031962822,-0.29946632215479024,0.08947689611912413,-0.13908027317355212,0.09533525073618396,-0.0103958806942996,0.4995749858380964,0.0,0.1,0.14160931573001226,0.11291345049393786,0.09709940236365754,1929068.0,1495.0,316659.0,6.091941173312617,0.3927305681014649,8,8304.0,5.5625,65024.0,32.4375,1.1902866242038217,2,609.9162959999995,0.7227539477338885,0.6895874263125817,0.2719898757567031,0.9959347426772067,0.0,0.0,0,108.875,10.375,7,2.5526187541207355,2.161710036973818,2.684734513273148,-10.254225828193007,-10.226190378798188,-10.26190474413523,0.6274894609839019,-1.867340371326213,-3.8814814807626883,-0.3700361008158584,0.395833330034722,5,16
419,23,2026-02-02T06:23:31.423255,0.05739218909603532,-0.0673908177826568,0.03396085752867131,0.03689909147514807,0.0805120601014796,0.013776063093753005,-0.19254519366473374,0.16980428764335656,0.36899091475148066,0.5367470673431973,0.2755212618750601,0.12628524710061315,-0.024047257080402114,-0.001772423257784546,-0.09983936089057023,0.34998842697344806,0.04999820620031654,0.09999673123813078,0.12326692256728831,-0.29946632215479024,0.1061610663751742,0.11977311123136886,0.09520253169099196,-0.02950720802456467,0.4995749858380964,0.0,0.1,0.10573205162620432,0.17275871738573673,0.09847568109765498,1618506.0,1245.0,264989.0,6.107823343610489,0.343694558267546,9,15328.0,10.5625,65024.0,59.875,1.0873362445414847,4,533.1433800000005,0.7271911579613842,0.6701030927696886,0.2722053802464307,0.990014217982641,0.0,0.0,0,110.25,10.6875,7,0.3268784221540344,-0.16171003715969323,0.398451327433452,-5.505070993877586,-5.464285662244899,-5.510822501279962,-0.5218056885446317,-1.8529734149223422,-3.8814814807626883,-0.2707581225481891,0.6562499945312498,5,5
419,24,2026-02-02T06:23:32.241507,0.24464638116042217,0.020431356151704105,0.1272494222463796,0.04536610408983144,0.0805120601014796,0.011452503891387288,0.058375303290583165,0.636247111231898,0.4536610408983144,0.5367470673431973,0.22905007782774575,0.2814399761336672,0.07447040640416534,-0.0048374579996526106,-0.09982566128709758,0.3499999999990062,0.04999999999985187,0.09999999999972116,0.2518428958299085,0.0,0.15102732630443663,0.16498816509161526,0.0953624439363441,-0.018471177978025173,0.4995749858380964,0.0,0.1,0.010827679116606238,0.21729500582103853,0.09920158685087178,1694902.0,1321.0,280380.0,6.045017476282188,0.34778997305248577,8,3296.0,2.0,16128.0,12.875,1.243879472693032,0,515.0456519999993,0.7397220627847132,0.6814345991417419,0.27194498247647025,0.9998719999650014,0.0,0.0,0,113.625,11.0,7,0.8743944041509564,0.5446096653768943,1.079469026548195,-13.640297498217443,-13.619047489342405,-13.64935062571541,-0.7927297603603799,-1.8703332546798126,-3.8814814807626883,-0.027075812254818907,0.9166666590277777,5,5
419,25,2026-02-02T06:23:33.033594,0.09565769377636635,-0.12646087002471668,0.11774984596248861,0.05487759439624104,0.0805120601014796,0.00934412866123362,-0.3613167714991905,0.588749229812443,0.5487759439624104,0.5367470673431973,0.1868825732246724,-0.025547837454775152,-0.050134628339332105,-0.007286378665651405,-0.0998254942092151,0.3499999999996843,0.049999999999949266,0.09999999999991147,0.17574958142716712,0.0,0.1955694171239383,0.2288578156206326,0.09579874696965904,0.0,0.4995749858380964,0.0,0.1,-0.059130335227198176,0.24279032106053425,0.09958253144687874,1563972.0,1225.0,260889.0,5.994779388935524,0.347837909520217,9,2448.0,1.4375,10496.0,9.5625,1.1342592592592593,0,463.7875440000015,0.7534644740830397,0.7437641723187355,0.27118721618113617,0.9999907614419541,0.0,0.0,0,116.0625,11.25,7,-0.0639566551042009,-0.34758364309037415,0.21703539822999246,-14.21365787684778,-14.15476176995465,-14.222943698315248,-1.5600667063532612,-1.9208509740236053,-3.8814814807626883,0.14891696740150398,1.124999990625,5,4
419,26,2026-02-02T06:23:33.872299,-0.018510519581286144,-0.2357885488473057,0.11015457550228994,0.06060030230129029,0.0805120601014796,0.006376156681319603,-0.6736815681351592,0.5507728775114497,0.6060030230129029,0.5367470673431973,0.12752313362639206,-0.3718958343064219,-0.13765722708383318,-0.012430020042915213,-0.09986535628363573,0.3499999999997668,0.049999999999960014,0.09999999999993461,0.11949005785593345,0.0,0.2624715992779189,0.24796905724467927,0.09653510208508187,0.0,0.4995749858380964,0.0,0.1,-0.13844163606439427,0.2610184985228015,0.0997819160188117,1341766.0,1093.0,227844.0,5.888967890310915,0.33486164757484255,9,2224.0,1.3125,10496.0,8.6875,1.0843253968253967,0,384.23193600000184,0.7786073620721501,0.7161125319509946,0.26971381588877075,0.9897758072216001,0.0,0.0,0,119.0,11.5,7,-1.6564659002951538,-1.574349442232868,-1.245132743362281,-14.365111561769,-14.273809387868482,-14.374458849568036,-2.751018921743832,-2.019077594696886,-3.8814814807626883,0.3610108300642521,1.3333333222222221,5,16
419,27,2026-02-02T06:23:34.525858,0.26909440102574694,0.07838432336713226,0.0750848116491936,0.0642761122176994,0.0805120601014796,0.0020995471905023546,0.2239552096203779,0.375424058245968,0.6427611221769939,0.5367470673431973,0.04199094381004709,0.38119734446209275,0.14270125320786947,-0.0038912545612749443,-0.09938551165530707,0.34999999998448894,0.04999999999742079,0.09999999999564294,0.13291322168329103,-0.18920726803599774,0.3268006186157492,0.24412268512050816,0.09754790064124902,0.0,0.4995749858380964,0.0,0.1,-0.2461455858091311,0.2824126615491862,0.09988612809105413,1832902.0,1461.0,302239.0,6.064412600624009,0.4108897243759761,8,5328.0,3.5,32256.0,20.8125,1.0952023988005997,1,419.98175999999955,0.8147732608887412,0.756345177645778,0.2670822258670478,0.9772961653721068,0.0,0.0,0,123.9375,12.0,7,1.8634148439066405,1.8457249068916606,2.046681415928298,-12.266396213574941,-12.19047607437642,-12.27489175363655,-2.215841915835959,-2.1945168125189394,-3.8814814807626883,0.7175090247527011,1.7499999854166666,15,12
419,28,2026-02-02T06:23:35.268484,0.2724584226388511,0.08067264065340307,0.11974241557563606,0.03288112493453937,0.0805120601014796,-0.000984753305847132,0.23049325900972306,0.5987120778781803,0.3288112493453937,0.5367470673431973,-0.01969506611694264,0.3870133097721986,0.14423789361193934,-0.004150927321824821,-0.09958442099650411,0.34999999999966314,0.04999999999994285,0.09999999999990553,0.19113722640803563,0.0,0.11834431594871474,0.048953533356695084,0.09750497952854077,-0.019221472424565973,0.4995749858380964,0.0,0.1,-0.3177283798197653,0.29222776348158247,0.09994055693477336,1859238.0,1474.0,306851.0,6.059090568386611,0.39128400741558783,8,2496.0,1.5,10496.0,9.75,1.150663544106167,0,554.7484799999992,0.7304977188825637,0.6806722688932632,0.2672139985300307,0.9934986959759425,0.0,0.0,0,129.0,12.5,7,2.0521600779747975,1.9665427507466031,2.2507522123883845,-14.181203515793232,-14.095237960997734,-14.190476165903938,-0.19837604787450697,-2.185731974176637,-3.8814814807626883,1.0830324901927564,2.1666666486111112,5,15
419,29,2026-02-02T06:23:35.641105,-0.14260513714858764,-0.22737451120649121,-0.05883641477813362,0.06689520163553106,0.0805120601014796,-0.001801658065584825,-0.649641460589975,-0.2941820738906681,0.6689520163553105,0.5367470673431973,-0.036033161311696496,-0.3467675564555879,-0.14452477691942603,0.003915821067239949,-0.09902648909788873,0.3085960575756957,0.043055448206682306,0.08826076915143027,-0.2739276558934017,-0.29946632215479024,0.3652141958746152,0.24932479022358886,0.09842982327715585,0.0,0.4995749858380964,0.0,0.1,-0.3367336971420274,0.2948535087517728,0.09996897375131168,1388638.0,1048.0,223098.0,6.224340872621001,0.43398579088691874,7,21424.0,14.9375,65024.0,83.6875,0.6908371786420567,5,347.3599799999996,0.8545473206559385,0.8119469026369038,0.26370564504641536,0.9930219202063383,0.0,0.0,0,131.0,12.75,7,-1.3205429578877015,-1.9925650555769003,-1.455132743362188,-1.3833671399500787,-1.2976190352607717,-1.3874458850433842,-3.3029943108827915,-2.4196220504909416,-3.8814814807626883,1.227436822218457,2.3749999802083335,19,10
419,30,2026-02-02T06:23:36.238074,0.12110417556734115,0.09092559092208141,0.00954089364426697,-0.01660485305320604,0.0805120601014796,-0.002904450726920951,0.2597874026345183,0.047704468221334846,-0.1660485305320604,0.5367470673431973,-0.05808901453841902,0.399933890304673,0.14986999019510247,0.003126671051815635,-0.09877503436858882,0.29399194349469837,0.042245573641388375,0.08411545559218768,0.09651078240945318,-0.29946632215479024,-0.0700866727937501,-0.24722813185502768,0.09806010770706286,-0.04414813475924567,0.4995749858380964,0.0,0.1,-0.3605980157005548,0.29659727819175546,0.09998380698061256,2228764.0,1679.0,359005.0,6.208169802648988,0.44553695414613703,7,21664.0,15.0,65024.0,84.625,1.0667090216010164,5,741.3302159999971,0.6822956443615842,0.6545064377541951,0.2653054642014461,0.9921301792544935,0.0,0.0,0,134.5,13.0,7,4.700484476678848,3.8717472115360825,4.558451327431611,-1.2210953346773423,-1.2380952263038556,-1.225108222986826,2.59476371218637,-2.312967511258587,-3.8814814807626883,1.4801444032634337,2.5833333118055557,5,12
419,31,2026-02-02T06:23:36.902187,0.16057333632894927,0.0897087345921186,0.044148859094082525,-0.009759504991906207,0.0805120601014796,-0.0036717471464653775,0.25631067026319604,0.2207442954704126,-0.09759504991906207,0.5367470673431973,-0.07343494292930755,0.39913523510689863,0.14918314185185003,0.0001806624235352774,-0.09806828902848537,0.34978529191781876,0.04996483002446118,0.09993928432381406,0.176534142480126,-0.29946632215479024,-0.03383467859721316,-0.2273312366739442,0.09773833487616518,-0.030161847672454396,0.4995749858380964,0.0,0.1,-0.37759521196171747,0.29817384119099166,0.09999154894357781,2049316.0,1580.0,333340.0,6.14782504349913,0.46848971293091124,7,17488.0,12.125,65024.0,68.3125,1.1350574712643677,4,669.7772399999955,0.6915210696299781,0.6694214875894747,0.2664686753009474,0.99069365867695,0.0,0.0,0,138.5625,13.375,7,3.414413897886978,2.951672862179212,3.422831858405565,-4.044624746422958,-3.9761904383219964,-4.049783542770938,1.5236113770173556,-2.2354201563234004,-3.8814814807626883,1.7734657026906384,2.895833309201389,5,16
419,32,2026-02-02T06:23:37.539675,-0.06765451868161582,-0.21954829802483852,0.03896614434646395,0.05827212757144412,0.0805120601014796,-0.004099764827952368,-0.6272808514995387,0.19483072173231974,0.5827212757144412,0.5367470673431973,-0.08199529655904736,-0.31038105491779294,-0.1339013054339433,-0.005065160774262907,-0.09929763547915915,0.349990878065051,0.04999820620031654,0.09999742378954145,0.14915227529253122,-0.29946632215479024,0.2384876533169863,0.23407624151240858,0.09799003303182331,0.0,0.4995749858380964,0.0,0.1,-0.3871556687854223,0.2991178340040816,0.09999558951724458,1428464.0,1108.0,236487.0,6.040348940956585,0.41759489438559777,7,15152.0,10.5625,65024.0,59.1875,1.1091091091091092,4,453.95803200000057,0.7687260374241061,0.7639751552636858,0.2655742619774145,0.9948384968725567,0.0,0.0,0,142.5,13.8125,7,-1.035117392426036,-1.4349442377848576,-0.862699115043866,-5.62407031774426,-5.464285662244899,-5.629870120121438,-1.7072150895647797,-2.295047671473917,-3.8814814807626883,2.057761731366237,3.260416639496528,11,16
419,33,2026-02-02T06:23:38.177955,0.2558436566036973,0.08565031092878474,0.06611158267704176,0.059126456392779296,0.0805120601014796,-0.004294299996127766,0.24471517408224214,0.3305579133852088,0.5912645639277929,0.5367470673431973,-0.08588599992255531,0.3963402143068252,0.14577704419968276,8.15680637773673e-05,-0.09960977260021536,0.3499999678185117,0.04999999474712299,0.09999999093213387,0.26995063816354137,-0.29946632215479024,0.27524905158107,0.2106076677124812,0.09830631366019815,0.0,0.4995749858380964,0.0,0.1,-0.3911632471050732,0.2992049865496721,0.09999769825578458,1948420.0,1491.0,317033.0,6.145795548097516,0.388130502149384,8,10976.0,7.5,65024.0,42.875,1.2942708333333333,3,485.87021999999934,0.7844381125483788,0.716346153828934,0.26427820909223904,0.9879534897896839,0.0,0.0,0,145.125,13.875,7,2.691310953759518,2.124535315787682,2.7012831858395128,-8.447599729489875,-8.380952301133789,-8.45454543990555,-1.2294877243668532,-2.3814511395499705,-3.8814814807626883,2.247292417149969,3.3124999723958335,15,15
419,34,2026-02-02T06:23:38.684300,0.1232549501986521,-0.01864306554773276,0.03166336881295695,0.06541447257617725,0.0805120601014796,-0.0044294322439686305,-0.05326590156495074,0.15831684406478475,0.6541447257617724,0.5367470673431973,-0.08858864487937261,0.20665434452431597,0.025674149270048807,0.00139397365556922,-0.09876372358568093,0.3489594090749164,0.04983490661853242,0.09970554718276925,0.11294508538477678,-0.29946632215479024,0.34283029711872864,0.24526835837500174,0.09876889308009712,0.0,0.4995749858380964,0.0,0.1,-0.39429902681920725,0.2996162932642877,0.0999987987710148,1652672.0,1281.0,267740.0,6.17267498319265,0.4459993584787398,7,18656.0,12.9375,65024.0,72.875,1.0791912384161753,4,412.6623599999982,0.8282221764106962,0.7783132529932937,0.2618682816827028,0.9902128991111241,0.0,0.0,0,148.1875,14.3125,7,0.5717398159561554,0.1728624535155324,0.5201769911502123,-3.2549019607623064,-3.2023809218820873,-3.2597402540956883,-2.325413772107001,-2.5421128597445715,-3.8814814807626883,2.4684115505643236,3.6770833026909724,18,5
419,35,2026-02-02T06:23:40.178913,-0.12953429968158786,-0.2223773661945124,0.00933615157778125,-0.010441916957165849,0.0805120601014796,-0.0044294322439686305,-0.6353639034128926,0.04668075788890625,-0.10441916957165848,0.5367470673431973,-0.08858864487937261,-0.39999999987064394,-0.14999999998065633,-0.1,0.09950547536867305,0.3489594090749164,0.04983490661853242,0.09970554718276925,0.0,-0.29946632215479024,-0.3999993347775779,0.2499999794238921,0.09876889308009712,-0.14997347424899432,0.4995749858380964,0.0,0.1,-0.39429902681920725,0.2996162932642877,0.0999987987710148,0.0,0.0,0.0,0.0,1.0,16,18656.0,12.9375,65024.0,72.875,0.0,4,0.0,0.0,0.0,0.2618682816827028,1.0,0.0,0.0,0,148.1875,14.3125,7,-11.272654301521422,-11.732342006344581,-11.326725663711802,-3.2549019607623064,-3.2023809218820873,-3.2597402540956883,-8.502994010703146,-2.5421128597445715,-3.8814814807626883,2.4684115505643236,3.6770833026909724,2,15
420,1,2026-02-02T06:24:01.019487,-0.16719063717796673,0.090654242178326,-0.14608675713550676,0.03163935320837935,-0.10721851272925385,-0.004916509199651184,0.2590121205095029,-0.7304337856775337,0.3163935320837935,-0.7147900848616924,-0.09833018399302368,0.39982005790034103,0.14984915704261623,0.002371149846249583,-0.09871606064418698,-0.34929853731312455,-0.04991312786556243,-0.09979873289572364,0.05709515501015798,-0.29946632215479024,0.23287756046715202,0.0973942257888583,-0.09828937250277586,0.0,-0.43592502450766335,-0.24675063843009498,-0.09999546322544378,0.39998103635344423,-0.29998447954135116,-0.09998407473594395,2158896.0,1671.0,348620.0,6.192691182376226,0.44790279992894827,7,28576.0,20.0,65024.0,111.625,1.038533250466128,7,540.5250839999995,0.7665775130709471,0.7435294117472111,0.33564650385314676,0.990330277608168,282.0,81.0,4,40.25,3.5625,10,4.1997534615712375,3.79739776916381,4.098938053095531,3.452332657177469,3.523809490249433,3.4502164442420487,-0.41130113766298587,2.3764320059217807,1.3407407404924554,-5.324909743447718,-5.281249955989584,14,12
420,2,2026-02-02T06:24:01.476588,0.053899698787667885,0.09059356064946204,-0.055993198511766734,0.0548192657420359,0.0061745398465024096,-0.00491569276617771,0.2588387447127487,-0.27996599255883364,0.5481926574203589,0.04116359897668273,-0.09831385532355419,0.39956193232385184,0.14930868282054277,0.0039050122508739148,-0.09963715784077276,0.11612314962414003,0.016607284932104817,0.03350311457954624,0.015244328612775093,-0.29946632215479024,0.3505245733720803,0.23926232906016817,-0.06981306625979104,0.0,0.45673971212588793,-0.24623567155805703,-0.09999959456090894,0.39997491426023335,-0.2999764573807806,-0.09996948674010687,2096800.0,1589.0,336883.0,6.224119353009798,0.38448555647879684,7,22960.0,15.9375,65024.0,89.6875,1.0101716465352828,5,440.44070399999987,0.8359648139326372,0.8130841121305354,0.31295466786487725,0.9923440724734748,126.0,79.0,2,42.1875,3.8125,10,3.754722930940303,3.0353159848480185,3.5796017699099205,-0.3448275862045651,-0.34523809195011407,-0.348484847881412,-1.909570299115336,0.863643948562518,-1.5481481478614538,-5.185018046797821,-5.072916624392362,17,16
420,3,2026-02-02T06:24:02.013877,-0.1918836198040322,0.08898541664057535,-0.12626000831109443,-0.01906580864095865,-0.10891471333763636,-0.004871718306705523,0.25424404754450103,-0.6313000415554721,-0.19065808640958648,-0.7260980889175758,-0.09743436613411044,0.3972822165701392,0.14696572172853065,0.0032731152878706315,-0.09930098972519807,-0.29855076520898394,-0.043356937720678564,-0.08521820866420915,0.16404720703558975,-0.29946632215479024,0.0623413333836591,-0.21009775343974935,-0.054042073526374246,-0.08527055127006346,-0.456432088797987,-0.24975539324925905,-0.09999771789921803,0.39995570518650747,-0.29995601809519035,-0.09994153963058766,1969264.0,1509.0,317052.0,6.21117040737797,0.41735469846088347,7,25344.0,17.6875,65024.0,99.0,1.1227678571428572,6,649.663212,0.7157133955995875,0.6032110091604768,0.30907124575309086,0.9742280381578441,293.0,116.0,4,46.125,4.1875,9,2.840696041051311,2.291821561125295,2.702123893804114,1.2670723461712843,1.3214285588435368,1.264069261880399,1.222503173469686,0.6047493137065157,1.5444444441584364,-4.900722018122222,-4.760416626996529,11,10
420,4,2026-02-02T06:24:02.426690,0.02579077886208861,-0.01356050667433307,0.0289943654660247,0.06157991866843431,-0.00964449049190711,-0.004799731933742214,-0.038744304783808775,0.14497182733012348,0.6157991866843431,-0.06429660327938073,-0.09599463867484428,0.19647546634046942,0.05038213871353064,0.002133855644296805,-0.09948006189422752,0.3494900529035341,0.04992818367588098,0.09985574466705598,0.09851161802386597,-0.29946632215479024,0.3441981645987411,0.24584025535377108,0.03206341375732308,0.0,0.37114392394937745,-0.24025831684819593,-0.09999868980377082,0.3999329122438938,-0.2999332865172808,-0.09988801008500812,1647912.0,1300.0,266315.0,6.187830201077671,0.4025120103596343,7,18128.0,12.5,65024.0,70.8125,1.0682004930156122,4,408.3212760000001,0.8295250294146641,0.8160919540042277,0.29501469375255734,0.995986666395771,158.0,66.0,3,49.0,4.4375,8,0.5376257775993651,0.3494423791496793,0.45712389380510743,-3.6118999323623266,-3.6190475845805,-3.6168831106201162,-2.3904000595223938,-0.3323535282604908,-0.9555555553786007,-4.693140790835277,-4.5520832953993065,17,15
420,5,2026-02-02T06:24:03.384888,0.036642685488971226,0.0883389790455533,0.06492070521886047,-0.06596283224052649,-0.005619229131495896,-0.004669872083060299,0.25239708298729513,0.3246035260943023,-0.6596283224052648,-0.03746152754330597,-0.09339744166120598,0.3997056256598297,0.14999394364191324,-0.0038616419977646954,-0.09959147815383305,0.34768708718853597,0.04970101084994497,0.09934529873283404,0.29183604700762905,-0.29946632215479024,-0.3983080814107549,-0.24999999654841681,-0.09276363673298091,-0.14695388589200126,0.37923282140660586,-0.24739474096880978,-0.09999957324111965,0.3994409019113402,-0.29918827267858783,-0.09978551850770054,2124546.0,1844.0,350295.0,6.065019483578127,0.3904258722265499,7,19248.0,13.25,65024.0,75.1875,1.4283501161890009,4,1195.6289399999996,0.39216842775236005,0.3565217391226843,0.32461759491914577,0.992961389376984,156.0,84.0,2,63.6875,5.9375,7,3.9535733738494425,5.4052044604642004,4.173053097343286,-2.854631507756223,-2.9047618770975068,-2.859307354356178,9.39564281296472,1.6411719004951184,-0.9925925924087791,-3.6326714775215367,-3.302083305815973,0,16
420,6,2026-02-02T06:24:03.858294,0.20249203549289688,0.08588106208157419,0.04117073217070129,0.0500945887012413,0.04192666093670679,-0.004620849042331971,0.24537446309021196,0.20585366085350643,0.5009458870124129,0.2795110729113786,-0.09241698084663942,0.38904297216185735,0.14679357749569646,0.002534904303689841,-0.09961140194507488,0.3286508318980474,0.04720127275645147,0.09394994335802259,0.2081586405607661,-0.29946632215479024,0.30072844098684226,0.22903967576461667,-0.07527790613531829,0.0,0.49826594228781296,-0.11111553573491117,-0.09999877520063388,0.39897705838505615,-0.29793152921906185,-0.09958942076378553,1871274.0,1506.0,302011.0,6.196045839389956,0.3879208883195068,7,20912.0,14.4375,65024.0,81.6875,1.1710730948678072,5,463.48632000000003,0.7977130654344907,0.7850467289536204,0.3146900656284146,0.9955944075015766,38.0,26.0,0,67.875,6.5,7,2.1384198606769673,2.2639405202356926,2.036592920353081,-1.7295469911985832,-1.7738095069161006,-1.7337662307640416,-1.5645760476699733,0.9793370556696048,-3.1777777771893003,-3.3303249073427255,-2.833333309722223,16,16
420,7,2026-02-02T06:24:04.854435,0.049290577055722755,0.09004308451566646,0.06555209855834482,-0.06637544799615928,0.004897323819553995,-0.0044614165213233544,0.25726595575904704,0.3277604927917241,-0.6637544799615929,0.032648825463693305,-0.08922833042646708,0.39976079005949705,0.14998285058849106,-0.005661797111630847,-0.0998738258754914,0.3493531529275308,0.04990889488055994,0.0998169999857117,0.2930232432506865,-0.29946632215479024,-0.398634394270154,-0.24999998967835335,-0.09872361088316663,-0.14741698384100355,0.4501758917394893,-0.24819821866686473,-0.09999966596872156,0.39552504224258955,-0.29526174989554865,-0.09921473800972092,2139028.0,1788.0,354842.0,6.028113921125459,0.33161106588349387,6,18304.0,12.625,65024.0,71.5,1.444264943457189,4,1159.0422359999998,0.38143474132127964,0.34403669723981567,0.33785909910268025,0.9861285824873767,130.0,89.0,2,78.125,7.0,6,4.057363185505543,4.884758363858293,4.374247787608684,-3.4929006084956535,-3.499999966666668,-3.4978354917786403,8.847937663346116,2.523938257553179,-1.4740740738010973,-2.5902527057110087,-2.4166666465277786,0,6
420,8,2026-02-02T06:24:05.329223,0.23764352360452284,0.08398679308880065,0.04180666502983588,0.04772854267889845,0.0805120601014796,-0.004430377939497038,0.23996226596800188,0.20903332514917936,0.4772854267889845,0.5367470673431973,-0.08860755878994077,0.3938395268385187,0.14025543870198912,0.0029902921917805913,-0.09954566902955655,0.3495710532202585,0.04994339095726621,0.09987866693236198,0.13926329051447675,-0.29946632215479024,0.2935412261476418,0.22559007459908362,-0.09579260093657678,0.0,0.4995749858380964,0.0,0.1,0.3943498863968929,-0.29417491411111557,-0.09850069910720374,1911870.0,1445.0,308099.0,6.205375544873563,0.3957513767837143,8,18000.0,12.375,65024.0,70.3125,1.1005331302361006,3,468.8164799999988,0.7937026437129385,0.7863436123174814,0.3288015846253741,0.996200761823832,0.0,0.0,0,79.75,7.125,6,2.4293638735198786,1.6970260221471158,2.3059734513264134,-3.698444895174453,-3.7380952024943324,-3.7034631970502803,-1.4847832333106792,1.9201043616220346,-3.8814814807626883,-2.4729241859401268,-2.3124999807291675,16,16
420,9,2026-02-02T06:24:05.914027,0.14510798611077658,0.030918787402378058,0.04097958671569409,0.01862780256810504,0.0805120601014796,-0.0041734628286676225,0.08833939257822303,0.20489793357847044,0.1862780256810504,0.5367470673431973,-0.08346925657335244,0.27925513386003786,0.10303063033386385,-0.0013473742432105094,-0.0995626036093692,0.34995852160990193,0.049994763097291395,0.09998827849379481,0.13439437346290117,-0.29946632215479024,0.15854747026969976,0.025663753076324715,-0.09208987562213398,0.0,0.4995749858380964,0.0,0.1,0.38934373761486757,-0.28534614596753566,-0.09714668392869001,1693404.0,1353.0,276857.0,6.116529471893433,0.3938478293848098,8,16272.0,11.125,65024.0,63.5625,1.0964343598055106,3,561.1184040000009,0.7419333360698175,0.7099391480586219,0.32392364894186315,0.9993600285005,0.0,0.0,0,84.1875,7.6875,6,0.8636585156092607,0.8420074348659837,0.9235840707960514,-4.866801893138156,-4.928571381632654,-4.872294363857499,-0.1030179041761822,1.5949088661849669,-3.8814814807626883,-2.1525270742581033,-1.8437499846354173,6,16
420,10,2026-02-02T06:24:06.409978,0.22322120835855178,0.03901452849715318,0.06635418756371884,0.053109550971561253,0.0805120601014796,-0.003808959420366416,0.11147008142043766,0.3317709378185942,0.5310955097156125,0.5367470673431973,-0.07617918840732832,0.30615136342072735,0.09264684332054397,0.00119960177587371,-0.09978745302786712,0.3499996289688196,0.04999994956525919,0.09999989534973952,0.2367072024694062,-0.29946632215479024,0.3295898894127695,0.24244576179550126,-0.07620605667456204,0.0,0.4995749858380964,0.0,0.1,0.3845271268653116,-0.2757362611091981,-0.09460310681473014,1713694.0,1340.0,277805.0,6.168693868000936,0.35770768318511564,7,12784.0,8.6875,65024.0,49.9375,1.213768115942029,2,428.4789960000005,0.8169072855901645,0.7999999999811764,0.31501667265455136,0.9925921306640619,0.0,0.0,0,86.8125,8.0,6,1.0090731875124694,0.7211895910110411,0.9655309734509002,-7.225152129768593,-7.249999930952383,-7.231601719079477,-2.0886377841184602,1.001110842896196,-3.8814814807626883,-1.9629963884743709,-1.5833333201388895,16,5
420,11,2026-02-02T06:24:06.926948,0.14187828595157728,-0.09021404013332103,0.12889712649155316,0.05715030563487446,0.0805120601014796,-0.003204712642748596,-0.25775440038091724,0.6444856324577658,0.5715030563487445,0.5367470673431973,-0.06409425285497192,0.08549435577355115,-0.052595699832290725,-0.0010404212325176643,-0.09995451315467746,0.3499999999971925,0.04999999999961607,0.09999999999921193,0.26580863271056326,0.0,0.34499824848842847,0.2474399526629575,-0.03831476633416061,0.0,0.4995749858380964,0.0,0.1,0.38018873607235243,-0.2639480098955954,-0.08990813860026203,1603186.0,1223.0,261838.0,6.122816397925435,0.280578899246424,9,4064.0,2.5,23552.0,15.875,1.280628272251309,0,392.00040000000064,0.8303008418482103,0.7878787878604224,0.30605615569288047,0.9900574693824088,0.0,0.0,0,88.5625,8.25,6,0.2170828197115918,-0.36617100368344224,0.25902654867245173,-13.121027721344687,-13.142857017687076,-13.129870107134424,-2.6347245505037744,0.4037434436964031,-3.8814814807626883,-1.8366425979518826,-1.3749999885416673,14,16
420,12,2026-02-02T06:24:07.410400,0.03625956599998344,-0.07930402582115849,-0.01148997209484863,0.06106010772224543,0.0805120601014796,-0.0025584445527397724,-0.22658293091759568,-0.05744986047424314,0.6106010772224543,0.5367470673431973,-0.05116889105479544,0.11737551360097434,-0.05622722906266418,0.0003985398036071193,-0.09932582243153859,0.34997924385239115,0.049997112140317164,0.09999413610599778,-0.13098756956159144,-0.29946632215479024,0.35276176180749846,0.247587780127163,0.013627111961661331,0.0,0.4995749858380964,0.0,0.1,0.3726034859277382,-0.25178551870667576,-0.08151676094003975,1615080.0,1220.0,262517.0,6.15228728044279,0.415539873372967,8,15760.0,10.8125,65024.0,61.5625,0.9063893016344725,3,390.003899999999,0.8384272548274123,0.8039647576915426,0.2979431376845024,0.9933625872160894,0.0,0.0,0,90.875,8.4375,6,0.30232491471488243,-0.3940520445730444,0.2890707964600491,-5.212981744386661,-5.226190426417235,-5.218614709578157,-2.6646122750502226,-0.1371240629504624,-3.8814814807626883,-1.6696750890471659,-1.2187499898437504,16,5
420,13,2026-02-02T06:24:07.880236,0.11998261377492422,0.03714963107973699,-0.028228178847721237,0.06308069332734827,0.0805120601014796,-0.0012691383856590919,0.10614180308496284,-0.14114089423860618,0.6308069332734826,0.5367470673431973,-0.025382767713181834,0.3221860480959783,0.06909811552336789,0.0013017029822551946,-0.0977676387763921,0.34940673477833645,0.04989738886594898,0.09983216488562469,-0.18944060421325684,-0.29946632215479024,0.3472628806793121,0.24419582438135462,0.05496734547618379,0.0,0.4995749858380964,0.0,0.1,0.36225453367437466,-0.22978029004709896,-0.06734763932885926,1728332.0,1316.0,280083.0,6.1707850887058475,0.4757983534968272,7,18240.0,12.6875,65024.0,71.25,0.851228978007762,4,419.5585679999999,0.8325548739707029,0.8136645962564458,0.2907313009673772,0.9989691474519592,0.0,0.0,0,93.1875,8.6875,6,1.1139810222743805,0.498141263894224,1.0663274336278468,-3.5361730899017165,-3.440476157709752,-3.5411255349937223,-2.2221771254158433,-0.6179128568996144,-3.8814814807626883,-1.5027075801424494,-1.0104166582465282,18,10
420,14,2026-02-02T06:24:08.260737,-0.2957548192992201,-0.23696402239199876,-0.17091946887672946,0.062400435197489314,0.0805120601014796,0.00047863017079949875,-0.6770400639771393,-0.8545973443836472,0.6240043519748931,0.5367470673431973,0.009572603415989974,-0.3898728232402013,-0.14846123206195252,0.0020880288975984817,-0.09910755257397551,-0.34905070404295274,-0.0498758851489443,-0.09972759033042561,-0.2865624192799725,-0.29946632215479024,0.31757865240746597,0.24377248799179957,0.07455501232846072,0.0,0.4995749858380964,0.0,0.1,0.33620585596958796,-0.19054468571618624,-0.04557344906251849,1268950.0,979.0,205103.0,6.186891464288674,0.4296183591299923,7,28352.0,19.8125,65024.0,110.75,0.6223776223776224,7,421.93852799999854,0.8082019042809607,0.7477678571261659,0.2855570912000288,0.9900750129833265,0.0,0.0,0,97.0625,9.0,6,-2.178324685376675,-2.6338289960377494,-2.251371681414933,3.3008789722562484,3.3452380633786847,3.298701292989261,-2.1865489817086226,-0.9628599447581153,-3.8814814807626883,-1.222924186842654,-0.7499999937500004,18,18
420,15,2026-02-02T06:24:08.791474,-0.004416165110895941,0.08873557697486577,-0.1515436981202949,-0.00416239499145566,0.0805120601014796,0.0037990787727218236,0.2535302199281879,-0.7577184906014743,-0.04162394991455659,0.5367470673431973,0.07598157545443647,0.39775575664161344,0.14690938154686758,0.0024964132513915142,-0.09970449786984047,-0.31356029629112536,-0.045257412682243314,-0.08953070044035098,-0.0619914291352264,-0.29946632215479024,0.06208179995347085,-0.21169965112973702,0.07533197423233429,-0.06153571086666362,0.4995749858380964,0.0,0.1,0.3136445704895114,-0.13616570010148432,-0.01652220341014792,1982662.0,1508.0,320029.0,6.195257304806752,0.374204100159886,7,25616.0,17.875,65024.0,100.0625,0.9580686149936467,6,651.1478160000005,0.7156469038544342,0.6346153846018244,0.2852912004689579,0.975317437414328,0.0,0.0,0,99.375,9.3125,5,2.936717025484983,2.2825278808287606,2.8338495575208698,1.4509803921470523,1.4999999857142852,1.4480519455444982,1.2447277842448088,-0.9805859816788185,-3.8814814807626883,-1.0559566779379375,-0.4895833292534726,11,11
420,16,2026-02-02T06:24:09.230320,-0.0460377736423469,0.06374977321633436,-0.16402025059246236,0.06332325096440379,0.014203900294624181,0.007968005975013437,0.18214220918952675,-0.8201012529623117,0.6332325096440379,0.09469266863082788,0.15936011950026874,0.36445818423357157,0.10303063033386385,0.004073365739373622,-0.09908955688334214,-0.3405052090479944,-0.0486738288665394,-0.09727299685028953,-0.19017861028038666,-0.29946632215479024,0.32772407298113515,0.23745131733623073,0.08606131913127368,0.0,0.4810746850708726,-0.2493597729726996,-0.09999988463039951,0.28875059897555433,-0.06757123325061976,0.015710123089542293,1786970.0,1353.0,286945.0,6.227569743330603,0.43062106926572913,7,26640.0,18.5625,65024.0,104.0625,0.8504085480829667,6,445.77020399999935,0.8154715420813486,0.7494252873390936,0.2805644360963002,0.9892315122894723,103.0,103.0,1,101.375,9.625,4,1.534228707393176,0.8420074348659837,1.3699557522117831,2.1433400946440613,2.1547618842403624,2.140692636985813,-1.8297873649955507,-1.2957033964443871,-1.9740740737085047,-0.9115523459122366,-0.22916666475694478,18,10
420,17,2026-02-02T06:24:09.829573,-0.0620711472720347,0.08949565831438414,-0.14585150981937364,0.0005044717742721706,0.0062555082503072176,0.009281512056588,0.2557018808982404,-0.7292575490968681,0.005044717742721706,0.04170338833538145,0.18563024113176,0.39792117082573086,0.14822257882346188,0.0016004405209934498,-0.09796492717602899,-0.33350437609922573,-0.04762070576018354,-0.09526147993464346,0.02974281983845405,-0.29946632215479024,0.04519036452424003,-0.21438046036067424,0.08545765103786447,-0.00716942096780166,0.4597039100958453,-0.24865901555043682,-0.09999973089799608,0.20968472319881665,0.009371949433809288,0.04491036754170555,1988018.0,1538.0,321847.0,6.176903932613944,0.4711220862229906,7,26224.0,18.25,65024.0,102.4375,1.0198938992042441,6,653.7648480000005,0.7113460284293982,0.6928251120920891,0.28090678838320443,0.9939146380876243,124.0,93.0,2,105.9375,9.9375,4,2.9751024854511527,2.561338289724782,2.9142920353969406,1.8620689655046514,1.8571428394557818,1.8593073560877789,1.2839049099874469,-1.27287992586642,-1.5851851848916323,-0.5821299634786065,0.03124999973958304,6,12
420,18,2026-02-02T06:24:10.387871,0.07389726903126742,0.09016750124233702,-0.0699281264246208,0.055379536216985985,0.016432211717672014,0.013108599779153518,0.25762143212096295,-0.349640632123104,0.5537953621698598,0.10954807811781343,0.26217199558307036,0.39960563512451275,0.14977718678926302,0.0016568768878485404,-0.099205515475776,-0.10676730602000514,-0.017657919690954618,-0.030197223755762323,0.25871122271304503,-0.29946632215479024,0.28466362819929464,0.15365400146940586,0.09012091176189536,0.0,0.4894470492763266,-0.2427200331125751,-0.09999973514004751,0.08531251259186595,0.19239669623077676,0.06688949718416891,2104136.0,1650.0,340582.0,6.178059909214228,0.42378005976353594,7,23936.0,16.6875,65024.0,93.5,1.2605042016806722,5,520.1507520000009,0.7890537416398397,0.7488479262500265,0.2778206998234236,0.9874556232960844,87.0,70.0,1,111.0,10.8125,4,3.807298684172533,3.602230482936595,3.7432743362815293,0.3150777552378967,0.3690476155328792,0.31168831114859114,-0.7163061076771859,-1.4786190260257412,-2.2703703699499314,-0.21660649803855125,0.7604166603298609,14,5
420,19,2026-02-02T06:24:11.018701,0.1528807440873837,0.0875080384362865,0.06633646419935356,-0.006062029585786831,0.03584615824577521,0.009617178112115094,0.2500229669608186,0.33168232099676775,-0.06062029585786831,0.23897438830516807,0.19234356224230187,0.39875386353037756,0.14881678876716523,0.0005391039587917653,-0.09986693011659104,0.34865151325465743,0.04979061748843411,0.09961838109927285,0.29844199002588745,-0.29946632215479024,-0.0019349993692800824,-0.21584194279705485,0.08890840606917727,-0.027552552649094637,0.498845534825978,-0.11842204275576719,-0.09999959393865587,-0.04136780727383976,0.23106172184296725,0.08123513210239004,2023794.0,1560.0,328796.0,6.155166121242351,0.33427336773610383,8,18848.0,13.0625,65024.0,73.625,1.5950920245398772,4,655.2691199999985,0.6995162463841539,0.6721311475272104,0.2787369393320306,0.9912127313444984,27.0,27.0,1,115.4375,11.125,4,3.231502451050423,2.765799256248531,3.221769911502999,-3.1250845165441175,-3.083333303968255,-3.129870124450442,1.306423951900213,-1.4175364328403384,-3.381481480855281,0.10379061364347247,1.0208333248263888,5,15
420,20,2026-02-02T06:24:11.534914,-0.0013736323074198878,-0.10971047774530832,0.062194427928827505,0.06341590887281236,0.005285085988308277,0.008703876148200595,-0.3134585078437381,0.3109721396441375,0.6341590887281235,0.03523390658872185,0.1740775229640119,0.030653880252722754,-0.06095190371785078,-0.0013881712874158029,-0.09988446728289813,0.34999281003675825,0.04999888578244078,0.09999796961182152,0.24812771029457348,-0.29946632215479024,0.31326552752963566,0.24651710804537394,0.09256759222318389,0.0,0.4535680159492535,-0.24900220187879085,-0.09999974290156197,-0.10740897423240928,0.2570452803332685,0.08974714701182696,1583610.0,1216.0,258942.0,6.1156938619459185,0.3272029469884197,8,14976.0,10.3125,65024.0,58.5,1.2357723577235773,3,402.3441840000005,0.8053501174427418,0.7885835094970701,0.27559051985390204,0.9944929335719241,128.0,97.0,2,117.8125,11.4375,3,0.07678525356190144,-0.43122676575918056,0.13088495575215447,-5.743069641610933,-5.702380898072564,-5.748917738962914,-2.4798774846586937,-1.6272975915414691,-1.5111111108312756,0.27527075792399225,1.2812499893229166,15,15
420,21,2026-02-02T06:24:12.399601,0.15984138647069204,0.08204158835976716,0.0708530751404569,-0.05502729709432025,0.0805120601014796,0.0032187478115211967,0.23440453817076332,0.35426537570228445,-0.5502729709432025,0.5367470673431973,0.06437495623042393,0.39164918111431607,0.14492900206106052,-0.0021663673004476336,-0.09996156045736948,0.34998817385247133,0.04999820620031654,0.09999665971563038,0.2968259763930884,-0.29946632215479024,-0.3947903835677569,-0.24999956950915447,0.07445008668235686,-0.1440551064822056,0.4995749858380964,0.0,0.1,-0.24502094117670797,0.27848509159871915,0.09451484898652948,1890454.0,1481.0,309923.0,6.099753809817277,0.2721603128208563,9,15344.0,10.5625,65024.0,59.9375,1.5236625514403292,3,1034.4374040000016,0.44862139100925824,0.40740740739797665,0.28559246444599534,0.9899821665882858,0.0,0.0,0,123.875,11.875,3,2.2758793681734457,2.0315985128223417,2.3866814159281473,-5.4942528735260705,-5.464285662244899,-5.499999990476191,6.982595867218199,-0.9605017299324898,-3.8814814807626883,0.7129963893768979,1.6458333196180555,1,12
