episode,step,timestamp,total_reward,w_throughput,w_queue,w_energy,w_drops,w_channel,w_airtime,raw_throughput,raw_queue,raw_energy,raw_drops,raw_channel,raw_airtime,throughput_bytes_reward,throughput_packets_reward,throughput_eff_reward,throughput_fairness_bonus,queue_reward,queue_packets_reward,queue_bsr_reward,queue_drain_reward,queue_max_penalty,energy_sleep_reward,energy_consumption_reward,energy_duty_reward,energy_worst_penalty,drops_reward,drops_worst_penalty,drops_fairness_penalty,channel_fcs_reward,channel_rx_reward,channel_recency_reward,airtime_duration_reward,total_bytes,total_packets,total_airtime,throughput_efficiency,throughput_fairness,starving_stas,avg_queue_bytes,avg_queue_packets,max_queue_bytes,avg_bsr_index,drain_ratio,high_queue_stas,total_energy_mj,avg_sleep_ratio,min_sleep_ratio,avg_duty_cycle,sleep_fairness,total_drops,max_drops,high_drop_stas,avg_fcs_errors,avg_rx_fragments,inactive_stas,schedule_duration_ms,beacon_utilization,total_bytes_z,total_packets_z,total_airtime_z,avg_queue_bytes_z,avg_queue_packets_z,avg_bsr_index_z,total_energy_z,avg_duty_cycle_z,total_drops_z,avg_fcs_errors_z,avg_rx_fragments_z,schedule_idx,assignment_idx
417,25,2026-01-31T21:33:21.286611,0.23499175790277355,-0.016254135357238114,0.22309488196822458,-0.047749340495026875,0.10734941346863947,-0.0045390181349189455,-0.08127067678619057,0.6374139484806417,-0.4774934049502687,0.5367470673431973,-0.09078036269837891,0.12281112233666805,0.10928393893753395,-0.020941125138781064,-0.09979873820736437,0.34999999999971043,0.049999999999949266,0.0999999999999188,0.25380579297892325,0.0,-0.37823535201928304,-0.0128111932684322,-0.09999999126690992,-0.12508856132875343,0.4995749858380964,0.0,0.1,-0.39999957941861447,0.29990089435413103,0.09958253144687874,1617164.0,1362.0,283096.0,5.712422641082884,0.35497703408154957,8,2384.0,1.4375,19200.0,9.3125,1.2483959670027498,0,571.4261519999993,0.5211629006889551,0.51986754965166,0.42710031459551234,1.0,0.0,0.0,0,214.125,15.125,6,0.3172605567181494,0.9256505575347901,1.1996460176985841,-14.256930358253841,-14.15476176995465,-14.26623374153033,0.05128970059111412,8.473348657468385,-3.8814814807626883,7.229241872036648,4.354166630381945,0,5
417,26,2026-01-31T21:33:22.263190,0.19052605887478502,-0.13124546081347094,0.20245525003951728,0.04340268969835923,0.10734941346863947,-0.004525789971353451,-0.6562273040673546,0.578443571541478,0.4340268969835923,0.5367470673431973,-0.09051579942706903,-0.36622297937240944,-0.11353057532656385,-0.013735282754263894,-0.09986410408331792,0.3499999999996774,0.04999999999995496,0.09999999999990952,0.16012045768988423,0.0,0.22138743959716367,0.24736662515943772,-0.09999998101631857,0.0,0.4995749858380964,0.0,0.1,-0.39999979934920116,0.29996848493324874,0.0997819160188117,1355108.0,1156.0,231167.0,5.862030480129084,0.3353248169610149,8,2464.0,1.375,19200.0,9.625,1.1190706679574056,0,392.9485559999998,0.7623367895354847,0.7511520737154113,0.42127686069078407,0.9957978415583746,0.0,0.0,0,219.25,15.8125,6,-1.5608462574892095,-0.9888475835512233,-1.0980973451322575,-14.202839756496264,-14.214285578911566,-14.212121187511478,-2.6205305984101033,8.085118655973169,-3.8814814807626883,7.599277972852507,4.927083292274306,5,8
417,27,2026-01-31T21:33:23.767545,0.2830134699856047,0.04778523648078965,0.2255029615582843,-0.06619453312474394,0.10734941346863947,-0.004519564850458189,0.23892618240394825,0.6442941758808124,-0.6619453312474394,0.5367470673431973,-0.09039129700916378,0.3963694440293657,0.14995736567970455,-0.01521696379189131,-0.09919976444414506,0.34999999999906867,0.04999999999985187,0.09999999999973869,0.265481223103799,0.0,-0.3961289120458049,-0.24995403719302545,-0.09999998899412303,-0.14487140809785232,0.4995749858380964,0.0,0.1,-0.39999997615433597,0.29998997914689113,0.09988612809105413,1948982.0,1739.0,334222.0,5.831399488962426,0.4241421343761806,7,3248.0,2.0,19200.0,12.6875,1.279617365710081,0,878.4342599999998,0.43368872350551113,0.3961218836455368,0.4253654885153022,0.9800532956169371,0.0,0.0,0,234.0,16.5,6,2.695338703666349,4.429368029328125,3.461858407078114,-13.67275185927199,-13.619047489342405,-13.681818158126722,4.64721946038215,8.357693662557706,-3.8814814807626883,8.664259921542051,5.499999954166667,0,17
417,28,2026-01-31T21:33:24.936028,0.22651469265677104,0.04214324508724342,0.16182402636379078,-0.06578093936779171,0.10734941346863947,-0.004516527662969203,0.21071622543621707,0.4623543610394023,-0.657809393677917,0.5367470673431973,-0.09033055325938406,0.36403421463068625,0.14846691259117617,-0.010899458198581168,-0.09940582854337854,0.3499999999958556,0.04999999999930375,0.09999999999883648,0.2176039077862345,-0.16831851907622986,-0.3949446584078178,-0.2499493824767386,-0.09999999319125158,-0.1404506998653268,0.4995749858380964,0.0,0.1,-0.3999999957845749,0.2999968137448583,0.09994055693477336,1786104.0,1546.0,301681.0,5.920505434548414,0.4092035279366037,7,4352.0,2.8125,30976.0,17.0,1.1837672281776417,1,875.212008000002,0.4471086462566957,0.44387755100908477,0.42896714678256026,0.9999964234767076,0.0,0.0,0,246.0,17.1875,6,1.5280222457929702,2.6356877320970544,2.021991150441583,-12.926301555017403,-12.845237972902497,-12.935064912666554,4.598982155000183,8.597804053634649,-3.8814814807626883,9.530685913696255,6.072916616059028,1,4
417,29,2026-01-31T21:33:26.118738,0.15489415265191658,0.050497620638521284,0.09486623256735885,-0.06639407315508634,0.10734941346863947,-0.004514997320610122,0.2524881031926064,0.27104637876388243,-0.6639407315508634,0.5367470673431973,-0.09029994641220244,0.39963175917220783,0.14995815071021923,-0.005518562139985109,-0.09772768311033221,0.34999991840649464,0.04999998791325746,0.09999997700049185,0.16988269539748108,-0.29946632215479024,-0.39918390205239446,-0.24999996707283528,-0.09999999713338022,-0.14704712379247378,0.4995749858380964,0.0,0.1,-0.39999999909928907,0.2999992587986534,0.09996897375131168,2108920.0,1740.0,349677.0,6.03105151325366,0.47669546104982025,7,11664.0,7.9375,65024.0,45.5625,1.1284046692607004,2,1120.296407999997,0.3556594009027201,0.35416666665846835,0.43545520763428425,1.0,0.0,0.0,0,256.6875,18.0625,6,3.8415847260840637,4.438661709624659,4.145707964599936,-7.982420554374697,-7.964285638435376,-7.989177475343416,8.267910298163443,9.030341155391515,-3.8814814807626883,10.302346562958594,6.802083276649307,0,5
417,30,2026-01-31T21:33:26.817961,0.121650464281416,0.04793977702578718,-0.013339047878296404,-0.001280913739046994,0.10734941346863947,-0.004514239363525519,0.2396988851289359,-0.038111565366561156,-0.01280913739046994,0.5367470673431973,-0.09028478727051038,0.3881277139860227,0.14423789361193934,-0.0009386157429183996,-0.09869726618235952,0.3499992423045725,0.04999986927963948,0.09999978622819662,-0.11163281888495585,-0.29946632215479024,0.053497409539273615,-0.036958723934176284,-0.09999999479881466,-0.02543985933216996,0.4995749858380964,0.0,0.1,-0.399999999525439,0.299999709741164,0.09998380698061256,1865596.0,1474.0,304592.0,6.124901507590482,0.44863413010466424,7,13312.0,9.1875,65024.0,52.0,0.9218261413383365,3,577.9482719999971,0.7134549631354092,0.6743119265900387,0.43098706011687116,0.9957691746241084,0.0,0.0,0,261.125,18.625,6,2.0977266863513675,1.9665427507466031,2.150796460176039,-6.868154158168573,-6.773809459297054,-6.874458862555049,0.14892622752257292,8.732464852814843,-3.8814814807626883,10.622743674640619,7.270833272743056,6,17
417,31,2026-01-31T21:33:27.781653,0.1643573069254907,0.05231004267949094,0.10259608348086827,-0.06647434439572568,0.10734941346863947,-0.004513844760875713,0.26155021339745466,0.29313166708819505,-0.6647434439572568,0.5367470673431973,-0.09027689521751425,0.39985516277371685,0.14997558739743166,-0.0018858944486960577,-0.09914347203682722,0.3499730907909697,0.04999587260649583,0.09999239698064294,0.25381268758502973,-0.29946632215479024,-0.3990778677041125,-0.24999999794522998,-0.09999999777829266,-0.14766870566968018,0.4995749858380964,0.0,0.1,-0.3999999999065112,0.29999992506607276,0.09999154894357781,2174040.0,1769.0,356079.0,6.10549906060172,0.4275553078236788,6,15952.0,11.0,65024.0,62.3125,1.2484121383203952,4,1212.9524879999976,0.36177375123799943,0.33628318583326805,0.4373666395328165,0.9883637909052274,0.0,0.0,0,272.375,19.4375,6,4.308287704612253,4.708178438224147,4.428982300882996,-5.083164300168471,-5.047618999546486,-5.08874457993291,9.65497736382407,9.157769863674526,-3.8814814807626883,11.435018042285185,7.947916600434029,0,11
417,32,2026-01-31T21:33:29.203107,0.2914587048159283,0.049576519029456007,0.2321286198275113,-0.06617216150451445,0.10734941346863947,-0.0045136424582574676,0.24788259514728,0.6632246280786037,-0.6617216150451445,0.5367470673431973,-0.09027284916514934,0.39620873071016455,0.14942572057664585,-0.01161827134011355,-0.0998310117853832,0.3499999999996843,0.049999999999949266,0.09999999999991147,0.29854869406823625,0.0,-0.3976797893434705,-0.2499428381469198,-0.09999999862835303,-0.14464346535961004,0.4995749858380964,0.0,0.1,-0.39999999997585567,0.2999999638585591,0.09999558951724458,1945946.0,1599.0,329503.0,5.905700403334719,0.3462300814601481,6,2448.0,1.4375,10496.0,9.5625,1.6022044088176353,0,871.1504999999972,0.4079975365675196,0.3994413407709653,0.44098361796394725,0.999903743338259,0.0,0.0,0,281.75,19.875,6,2.673580253991724,3.128252787813359,3.253053097343693,-14.21365787684778,-14.15476176995465,-14.222943698315248,4.538181137045142,9.398901598328752,-3.8814814807626883,12.111913348655658,8.312499930729167,0,17
417,33,2026-01-31T21:33:31.118873,0.22226920610882278,0.03416389372346485,0.16820664354477796,-0.05630931244502432,0.10734941346863947,-0.004231388636128589,0.17081946861732425,0.4805904101279371,-0.5630931244502432,0.5367470673431973,-0.08462777272257178,0.33558287288519767,0.14528664441798567,-0.02040485453278882,-0.0996789142394013,0.3499999999980981,0.04999999999965916,0.09999999999946622,0.2619427257929207,-0.18920726803599774,-0.38715015679283793,-0.11377121859445904,-0.09999999883088691,-0.13283193373820765,0.4995749858380964,0.0,0.1,-0.39999999999455405,0.29999998964530333,0.09999769825578458,1742796.0,1485.0,304492.0,5.723618354505208,0.3783621163888004,7,3776.0,2.4375,32256.0,14.75,1.2692307692307692,1,600.8051279999972,0.4942456291419177,0.4898648648483154,0.44218186875062093,0.9999947889060276,0.0,0.0,0,292.0625,20.625,5,1.2176418312644255,2.0687732340084777,2.1463716814149794,-13.31575388767197,-13.202380826643992,-13.324675301602294,0.4910947304653637,9.478784930851443,-3.8814814807626883,12.856498185663177,8.937499925520834,0,4
417,34,2026-01-31T21:33:32.951597,0.22987890566766356,0.03816391905041176,0.1706224925657046,-0.055115542282436585,0.10734941346863947,-0.004231333587749146,0.1908195952520588,0.4874928359020132,-0.5511554228243658,0.5367470673431973,-0.08462667175498291,0.3550389580140165,0.14906998687953887,-0.02337001823334293,-0.09927622139700387,0.3499999999984004,0.04999999999969741,0.09999999999955109,0.2709573163017002,-0.18920726803599774,-0.38478325559706394,-0.10156250858031288,-0.09999999897801322,-0.13009615410788974,0.4995749858380964,0.0,0.1,-0.3999999999993924,0.29999999804425037,0.0999987987710148,1769704.0,1573.0,312582.0,5.661567204765469,0.4191019180086458,7,3648.0,2.375,32256.0,14.25,1.2978547854785478,1,596.7982679999982,0.5028494427424229,0.50168350166661,0.4431905951833677,0.999997358552233,0.0,0.0,0,307.25,21.625,5,1.4104864833872222,2.8866171001034737,2.5043362831847324,-13.402298850484096,-13.261904635600908,-13.411255388032458,0.43111179634262087,9.54603331486897,-3.8814814807626883,13.953068581983343,9.770833251909723,0,13
417,35,2026-01-31T21:33:33.974371,0.015341402631788847,-0.12707278068257852,0.08959536988621378,-0.029457630785896527,0.10734941346863947,-0.004231333587749146,-0.6353639034128926,0.25598677110346796,-0.29457630785896527,0.5367470673431973,-0.08462667175498291,-0.39999999987064394,-0.14999999998065633,-0.1,0.09950547536867305,0.3499999999984004,0.04999999999969741,0.09999999999955109,0.0,-0.18920726803599774,-0.3999993347775779,0.2499999794238921,-0.09999999897801322,-0.14997347424899432,0.4995749858380964,0.0,0.1,-0.3999999999993924,0.29999999804425037,0.0999987987710148,0.0,0.0,0.0,0.0,1.0,16,3648.0,2.375,32256.0,14.25,0.0,1,0.0,0.0,0.0,0.4431905951833677,1.0,0.0,0.0,0,307.25,21.625,5,-11.272654301521422,-11.732342006344581,-11.326725663711802,-13.402298850484096,-13.261904635600908,-13.411255388032458,-8.502994010703146,9.54603331486897,-3.8814814807626883,13.953068581983343,9.770833251909723,18,13
418,1,2026-01-31T21:33:56.854055,-0.12929718017929628,0.051457261377656695,0.04408200710226544,-0.04480873054225055,-0.14820105138714995,-0.004916623182911358,0.25728630688828347,0.1259485917207584,-0.44808730542250547,-0.7410052569357497,-0.09833246365822716,0.39988251432591987,0.14993817283727018,0.0014192858827633006,-0.0997647047400872,0.33570002631735546,0.048025208602088566,0.09594859205833434,0.09873230563055613,-0.29946632215479024,-0.18217483256634015,-0.24278469850648945,-0.09981410482737009,-0.05351105984848769,-0.48856142380397743,-0.2499065906585196,-0.09999795954984288,0.39997513964020376,-0.2999808847507172,-0.09998407473594395,2188644.0,1719.0,354540.0,6.173193433745134,0.3627972837012197,7,20608.0,14.25,65024.0,80.5,1.0683654443753885,4,709.0772039999999,0.6508460977279688,0.6440281030294138,0.35234969857957454,0.9943390636435642,330.0,129.0,4,42.125,3.6875,10,4.412951867671615,4.243494423397444,4.360884955750283,-1.935091277877383,-1.952380933786849,-1.939393936035682,2.111934191300608,3.489977578653251,2.2296296292167352,-5.189530682173624,-5.177083290190973,5,13
418,2,2026-01-31T21:33:57.591853,-0.10488504452697761,0.051329514485041194,0.05533121530260538,-0.03328433005298958,-0.14643469917398758,-0.004916701540740435,0.25664757242520597,0.15808918657887253,-0.33284330052989575,-0.7321734958699379,-0.0983340308148087,0.3998577994880054,0.14990520258334544,0.0003275247986858305,-0.09929915190786948,0.34968988007222884,0.049949741250263274,0.09991229032002034,0.11165953500783427,-0.29946632215479024,-0.04980579462508971,-0.23959097669390342,-0.09961649089626291,-0.05278376515828888,-0.4881349505708175,-0.24998987572787776,-0.09999925919597977,0.3999519572929777,-0.29997387285737315,-0.09996948674010687,2175322.0,1696.0,353663.0,6.150832855006037,0.4174864455522838,7,17760.0,12.3125,65024.0,69.375,1.0781945327399873,4,696.6199680000004,0.6874835975492934,0.6448598130690453,0.34691092425062714,0.9917927785405847,329.0,159.0,3,46.6875,3.875,10,4.317475561161287,4.029739776577161,4.322079646015786,-3.8607167004471896,-3.797619011451248,-3.8658008591068387,1.9254486224662568,3.1273928651132334,2.2111111107016463,-4.860108299739994,-5.020833291493057,5,4
418,3,2026-01-31T21:33:58.331954,0.11489922857724616,0.05138683332292511,0.10644970548120963,-0.03361823925528484,0.022464495180104564,-0.0048735226048017225,0.25693416661462554,0.30414201566059895,-0.33618239255284843,0.11232247590052281,-0.09747045209603444,0.39989997125753296,0.14994671406643495,0.00019380045125301124,-0.09894228398404964,0.34908592961140766,0.049853408625329804,0.09974136236972084,0.2671819778628982,-0.29946632215479024,-0.08367137257959034,-0.24113438716603694,-0.0994324315771314,-0.021946617851282924,0.4936898096909544,-0.24415369663232694,-0.0999998634070727,0.39989654165340993,-0.2999332865172808,-0.09994153963058766,2199868.0,1727.0,357813.0,6.148094116200362,0.4381548564526743,7,18560.0,12.875,65024.0,72.5,1.2849702380952381,4,702.0855600000006,0.678768796978195,0.6778947368278337,0.34396402093566325,0.9999975963040771,73.0,73.0,1,52.0,4.4375,9,4.493392196771744,4.317843865769717,4.505707964599776,-3.319810682871401,-3.2619047308390035,-3.3246753189183114,2.007268861974968,2.930932775089034,-2.5296296291611795,-4.476534292796726,-4.5520832953993065,5,4
418,4,2026-01-31T21:33:59.137719,0.1781350809459687,0.05136648963192256,0.1130953479242629,-0.030635174305955706,0.07609167513432039,-0.004873213891674858,0.25683244815961276,0.323129565497894,-0.30635174305955704,0.3804583756716019,-0.09746427783349715,0.39983415299051467,0.1498900098975967,0.0008985605149012497,-0.09963342660203299,0.34943183892315466,0.04990889488055994,0.09983926974170415,0.28774275962895923,-0.29946632215479024,-0.060518993588832885,-0.23334923224567156,-0.09916377258087562,-0.019882318272696032,0.49948856463488595,0.0,-0.09889306949883236,0.3998036601309201,-0.29988770106047713,-0.09988801008500812,2164588.0,1688.0,351250.0,6.162528113879003,0.3849980335897891,7,18208.0,12.625,65024.0,71.125,1.3870172555464257,4,680.5006560000002,0.6847531949620413,0.6799999999856842,0.3410473660087756,0.9999611820078607,5.0,5.0,0,56.4375,4.75,9,4.240546971303769,3.955390334204889,4.2153097345114094,-3.557809330604748,-3.499999966666668,-3.5627705566012633,1.6841415566341131,2.736489242925546,-3.7888888881872425,-4.156137181114702,-4.291666630902779,5,4
418,5,2026-01-31T21:33:59.868418,0.1310078598311381,0.05026988279339459,0.12016214993858551,-0.03189136503225962,0.024167161570488746,-0.004789925892164523,0.2513494139669729,0.3433204283959586,-0.3189136503225962,0.12083580785244372,-0.09579851784329045,0.3997801636535408,0.1499694877729289,-0.00026161863641277087,-0.09982981086221385,0.3499971641720815,0.04999961835668146,0.09999919948722319,0.2843519178730736,-0.29946632215479024,-0.06755915511613246,-0.23772915373062858,-0.0988743153607579,-0.022676003910431033,0.491532051170758,-0.20078600997873167,-0.09999933335523382,0.3994358366348151,-0.2993407613562452,-0.09978551850770054,2144922.0,1757.0,349406.0,6.138766935885474,0.3465844528114174,8,14288.0,9.75,65024.0,55.8125,1.362015503875969,3,690.9966360000003,0.6829468029206343,0.6771488469459717,0.3388071121899177,0.9999798493518245,81.0,43.0,2,63.75,5.8125,8,4.099604391823804,4.596654274665738,4.133716814157463,-6.208248816726111,-6.238095178684809,-6.2142857035250465,1.84126700571239,2.58713908790179,-2.381481481040466,-3.6281588421457336,-3.406249971614584,5,10
418,6,2026-01-31T21:34:00.645811,0.1402218547304127,0.05132240943174309,0.11823182789351735,-0.030841594237505255,0.03319300730336069,-0.004773752113796616,0.25661204715871544,0.33780522255290674,-0.30841594237505254,0.16596503651680342,-0.09547504227593231,0.39979926718813436,0.14992272738493148,7.784216944730985e-05,-0.09904649165072292,0.349999595427474,0.0499999552257733,0.09999988588531206,0.2781096351444473,-0.29946632215479024,-0.05882336677303947,-0.23583279988501496,-0.09852473902336217,-0.02201557364575275,0.4980625522628237,-0.1938104453293216,-0.09999977932071165,0.39886021527088505,-0.29863477622036827,-0.09958942076378553,2151266.0,1707.0,350043.0,6.145719240207631,0.4329427239324236,7,12848.0,8.625,65024.0,50.1875,1.3273716951788492,3,686.0668320000002,0.6851867507512752,0.6778242677682463,0.33676559111060617,0.9999976258422325,41.0,41.0,1,68.625,6.25,8,4.145070664793441,4.1319702598390355,4.161902654865415,-7.18187964836253,-7.309523739909299,-7.188311675864395,1.767467544645592,2.451037773348563,-3.1222222216440327,-3.2761732828330876,-3.0416666413194453,5,4
418,7,2026-01-31T21:34:01.427233,0.18865219833862526,0.03453955651688993,0.07376400491144369,0.004535907783738777,0.10734941346863947,-0.0046266407951800256,0.17269778258444965,0.21075429974698198,0.04535907783738777,0.5367470673431973,-0.0925328159036005,0.34458910838240814,0.12525153608173575,-0.0029156253902224423,-0.09967345100616355,0.3499972842677579,0.04999957010818334,0.09999923340194203,0.16574964209415768,-0.29946632215479024,0.06711046020548861,0.0028578844827708656,-0.0975234635134415,-0.023457375969071017,0.4995749858380964,0.0,0.1,0.39825932204810477,-0.29770530981321763,-0.09921473800972092,1754152.0,1392.0,288303.0,6.0844042552453494,0.37920707144853694,8,14256.0,9.8125,65024.0,55.6875,1.124394184168013,4,567.2363399999996,0.7169377519283029,0.6763485477038101,0.3328424728037408,0.9999994484531686,0.0,0.0,0,71.5625,6.5625,7,1.2990281799156251,1.2044609664308115,1.4300442477869777,-6.229885057429143,-6.178571369727893,-6.2359307251325875,-0.011432035926438525,2.1894967272515693,-3.8814814807626883,-3.06407942017034,-2.7812499768229175,5,4
418,8,2026-01-31T21:34:02.211282,0.19887008156788785,0.04866190542110982,0.08966553591293529,-0.015277720259673248,0.10734941346863947,-0.004619009428216905,0.24330952710554907,0.2561872454655294,-0.15277720259673247,0.5367470673431973,-0.09238018856433809,0.3959216205233133,0.14685200633564557,-0.002112671052537335,-0.09956654309181696,0.3499999397295262,0.049999991543237865,0.09999998301309831,0.18851974212453573,-0.29946632215479024,0.0260173723377722,-0.11456257680611505,-0.09640195439432181,-0.0644388629974695,0.4995749858380964,0.0,0.1,0.39651997592358135,-0.296526059312969,-0.09850069910720374,1940828.0,1507.0,318124.0,6.1008537551395055,0.39339446889141616,8,11440.0,7.75,65024.0,44.6875,1.1477532368621477,3,601.0722960000006,0.70651353896694,0.6310904872243366,0.32999829402171243,0.9874856692631052,0.0,0.0,0,76.375,6.8125,7,2.6369004959433937,2.273234200532227,2.749557522122677,-8.133874239295917,-8.142857065306124,-8.140692626596204,0.4950942514228994,1.9998849348575398,-3.8814814807626883,-2.716606496233497,-2.5729166452256953,5,17
418,9,2026-01-31T21:34:02.999985,0.19267432640536047,0.036320019490840176,0.08175552869165896,-0.0012855568982647562,0.10734941346863947,-0.004555034800606798,0.18160009745420086,0.23358722483331132,-0.01285556898264756,0.5367470673431973,-0.09110069601213597,0.3556577495208854,0.12259838818620099,-0.0021427784464725904,-0.09967098417786752,0.3499999397295262,0.049999991543237865,0.09999998301309831,0.1644765739337657,-0.29946632215479024,0.05711463731356545,-0.03482020555740236,-0.09483873626418554,-0.036057238278068324,0.4995749858380964,0.0,0.1,0.3951920040689312,-0.29526174989554865,-0.09714668392869001,1770728.0,1386.0,290272.0,6.100237019071767,0.37958398147030453,8,11440.0,7.75,65024.0,44.6875,1.1231766612641816,3,577.3648319999993,0.7143769017610723,0.6632231404821648,0.3272324307251212,0.9914390897236123,0.0,0.0,0,78.625,7.0,7,1.4178253017228006,1.1486988846516073,1.5171681415922489,-8.133874239295917,-8.142857065306124,-8.140692626596204,0.14019209578738587,1.8154941713453001,-3.8814814807626883,-2.5541516227045835,-2.4166666465277786,5,10
418,10,2026-01-31T21:34:03.872334,0.28280783215245636,0.0005609170005855258,0.17438888960512383,0.031669773076679265,0.10734941346863947,-0.004251117451665192,0.002804585002927629,0.49825397030035384,0.31669773076679264,0.5367470673431973,-0.08502234903330383,0.20639363137725675,0.09090253777395856,-0.00649748955642045,-0.09971897953903641,0.34999999999496473,0.04999999999930375,0.09999999999858623,0.2356741926423164,-0.1397096528775781,0.14019698921178259,0.18869565645572045,-0.09162836407119823,-0.005674147146799261,0.4995749858380964,0.0,0.1,0.3888586945592022,-0.28534614596753566,-0.09460310681473014,1652548.0,1338.0,274922.0,6.010970384327191,0.3716880463178257,7,4496.0,2.8125,29440.0,17.5625,1.2119565217391304,1,502.27029599999986,0.7366005087417474,0.6943231440896436,0.32348031431742846,0.9997110309746137,0.0,0.0,0,84.5,7.6875,7,0.5708511309233315,0.702602230417973,0.8379646017695407,-12.82893847185376,-12.845237972902497,-12.837662315432619,-0.9839776046431193,1.5653532442597355,-3.8814814807626883,-2.1299638973790875,-1.8437499846354173,5,4
418,11,2026-01-31T21:34:05.772908,0.17818541307843122,-0.12006735029735699,0.22136151782829272,0.0011863064218831057,0.10734941346863947,-0.004734430796120528,-0.6003367514867849,0.6324614795094078,0.011863064218831057,0.5367470673431973,-0.09468861592241057,-0.2708275802601853,-0.10062589678740684,-0.026717203311259655,-0.09989761766806898,0.34999999999952375,0.04999999999992749,0.09999999999986642,0.24550806701978356,0.0,-0.1674489741708392,0.24906520981123945,-0.09227706952247956,-0.07221203957890962,0.4995749858380964,0.0,0.1,0.36712128703541586,-0.2780487333175888,-0.08990813860026203,1457966.0,1175.0,260768.0,5.591046447416861,0.3211576777591835,9,2752.0,1.625,25088.0,10.75,1.2303664921465969,0,358.242324000001,0.65539794174612,0.6212765957182436,0.32411057636017193,0.9805425016287198,0.0,0.0,0,92.1875,7.9375,7,-0.8236820227617446,-0.8122676579170764,0.21168141592910986,-14.008113590168978,-13.976190343083902,-14.017315993043608,-3.1400849695897928,1.607370685764339,-3.8814814807626883,-1.5749097461552997,-1.635416653038195,0,4
418,12,2026-01-31T21:34:06.579271,0.2601578987070104,0.045051199639449334,0.13327529145421235,0.006015730183167076,0.10734941346863947,-0.0046236924915512585,0.22525599819724665,0.38078654701203535,0.060157301831670756,0.5367470673431973,-0.09247384983102516,0.3883548873704392,0.13702635780872674,-0.0039021134391725486,-0.09948740335729998,0.34999999980500107,0.04999999997210532,0.09999999994516838,0.0896726501092942,-0.1397096528775781,0.05401389988121591,0.0150374839327382,-0.09014154643770127,-0.01465291543454702,0.4995749858380964,0.0,0.1,0.34324079156772597,-0.2639480098955954,-0.08151676094003975,1866964.0,1429.0,307867.0,6.064190056095652,0.40179914460524246,8,7200.0,4.75,29440.0,28.125,1.061664190193165,1,563.9771279999986,0.7135864606433727,0.685300207025149,0.322195795944452,0.9942490992584915,0.0,0.0,0,96.1875,8.25,6,2.1075308889715543,1.548327137402571,2.295707964600754,-11.000676132447596,-10.999999895238098,-11.008657989595397,-0.060222634721544085,1.4797187431509735,-3.8814814807626883,-1.286101082103898,-1.3749999885416673,5,4
418,13,2026-01-31T21:34:07.620150,0.129352144034569,0.05075793121501102,0.0724873024235395,-0.06649970115498575,0.10734941346863947,-0.007832758370728691,0.2537896560750551,0.20710657835297003,-0.6649970115498576,0.5367470673431973,-0.15665516741457383,0.3997438536018245,0.14990866089871183,-0.003996426718041068,-0.09792175712286746,0.34999925852215935,0.04999988395095346,0.09999979080556971,0.13664353122268894,-0.29946632215479024,-0.3991019633254484,-0.24999998106035126,-0.0988411403473547,-0.1480455028827043,0.4995749858380964,0.0,0.1,0.24160957712911377,-0.24170296947056052,-0.06734763932885926,2134254.0,1698.0,352056.0,6.0622571409094,0.4721825489767182,7,13296.0,9.125,65024.0,51.9375,1.0983182406209573,3,1138.7679600000004,0.3604483538722898,0.322966507169307,0.33858802314505804,0.9761677788369876,0.0,0.0,0,104.3125,8.5625,6,4.02314881174182,4.048327137170229,4.250973451325552,-6.878972278520089,-6.83333326825397,-6.88528137335882,8.544430537643056,2.572533161315096,-3.8814814807626883,-0.6994584832494884,-1.1145833240451393,0,11
418,14,2026-01-31T21:34:08.624837,0.07360208964892312,0.05248800861834549,0.019343841975086547,-0.06646328714915577,0.10734941346863947,-0.01220584371708603,0.2624400430917274,0.05526811992881871,-0.6646328714915576,0.5367470673431973,-0.2441168743417206,0.3997913604109949,0.1499069478008358,-0.0018203632253494194,-0.09812115076294244,0.28815835572221316,0.0413500307794393,0.08245910961093414,0.11248005067885956,-0.29946632215479024,-0.39956558692773564,-0.24999999659476857,-0.09987157409108247,-0.14803262176644147,0.4995749858380964,0.0,0.1,0.04671723488695864,-0.15977618585157588,-0.04557344906251849,2148570.0,1697.0,351830.0,6.106841372253645,0.4670890382681116,6,21744.0,15.0625,65024.0,84.9375,1.0788302606484426,5,1196.0805119999998,0.3241086009016838,0.32346241457121955,0.3551255861698861,1.0,0.0,0.0,0,112.375,9.1875,6,4.125748932144302,4.039033456873695,4.240973451325557,-1.1670047329197635,-1.1785714173469395,-1.1709956689679732,9.40240287284395,3.6750366279679887,-3.8814814807626883,-0.11732851977088193,-0.5937499950520837,0,9
418,15,2026-01-31T21:34:09.652232,0.09489773240931834,0.05110238856763447,0.046482626203572554,-0.06646794983027249,0.10734941346863947,-0.01665870245334906,0.25551194283817236,0.13280750343877873,-0.6646794983027249,0.5367470673431973,-0.33317404906698117,0.399766499966973,0.1498434469459457,-0.00125234183038451,-0.09878155718596399,0.34821462471510084,0.04979061748843411,0.09949468202727153,0.08788191339378316,-0.29946632215479024,-0.39955899686020446,-0.24999999705100473,-0.09998266383545978,-0.1480116474760386,0.4995749858380964,0.0,0.1,-0.1571389007184969,-0.08221847668823001,-0.01652220341014792,2140714.0,1669.0,349877.0,6.11847592153814,0.44526835711567936,7,19056.0,13.0625,65024.0,74.4375,1.0603557814485387,4,1200.8850480000006,0.3248618197205111,0.32426303854139993,0.37014893404137916,1.0,0.0,0.0,0,119.75,9.5625,6,4.069446435226036,3.778810408570742,4.154557522122055,-2.984448951974412,-3.083333303968255,-2.9891774840014245,9.47432706444996,4.676592485030288,-3.8814814807626883,0.4151624545738899,-0.28124999765625036,0,6
418,16,2026-01-31T21:34:10.692731,0.1076334128399262,0.05089780620532145,0.05891824288678125,-0.06647558499035726,0.10734941346863947,-0.016146421183552143,0.25448903102660725,0.168337836819375,-0.6647558499035726,0.5367470673431973,-0.32292842367104285,0.39980951303056317,0.14995233644943926,-0.0027953306345579565,-0.09848452395049752,0.3472517250863661,0.049620938267796344,0.09922200465744674,0.12564601579826756,-0.29946632215479024,-0.3995810274679313,-0.24999999585736152,-0.09999717645187972,-0.1481116879947381,0.4995749858380964,0.0,0.1,-0.31570829172235326,0.05559995997244178,0.015710123089542293,2154922.0,1733.0,354028.0,6.086868835233371,0.45625092407972073,7,19376.0,13.375,65024.0,75.6875,1.0892520427404149,4,1189.5334440000006,0.3222981104026652,0.32036613271578107,0.3837604817619428,0.9999970078609477,0.0,0.0,0,128.8125,10.125,6,4.171272539632186,4.373605947548921,4.338230088493655,-2.768086544944097,-2.7857142591836745,-2.7727272679260135,9.304392872858633,5.584028394777256,-3.8814814807626883,1.069494584065347,0.18749999843749973,0,6
418,17,2026-01-31T21:34:11.659631,-0.09140721163969212,0.05062163655984262,-0.1444410403157144,-0.0664780686217919,0.10734941346863947,-0.011549109183761348,0.2531081827992131,-0.41268868661632685,-0.664780686217919,0.5367470673431973,-0.23098218367522697,0.3998238745029121,0.1499789602846936,-0.003387875671814823,-0.09940888212922884,-0.12031601778978958,-0.017657919690954618,-0.0340783188442439,0.21370072329857573,-0.29946632215479024,-0.39959184035632445,-0.24999999799321418,-0.099999483063402,-0.14814307516717046,0.4995749858380964,0.0,0.1,-0.38201899621780266,0.19239669623077676,0.04491036754170555,2160392.0,1777.0,355636.0,6.074728092769011,0.4089451380326208,7,24000.0,16.6875,65024.0,93.75,1.1783819628647214,6,1213.7417160000007,0.32099008522459144,0.3191011235883348,0.3964942883043476,0.9999970915893417,0.0,0.0,0,140.125,10.8125,6,4.210475016483372,4.782527880596419,4.4093805309715,0.3583502366439598,0.3690476155328792,0.3549783543636733,9.66679215424151,6.432948264990996,-3.8814814807626883,1.8862815870857172,0.7604166603298609,0,9
418,18,2026-01-31T21:34:12.766548,0.17791386819007923,0.050953176945051686,0.11990865014659922,-0.06648222921020093,0.10734941346863947,-0.0069050996131036135,0.2547658847252584,0.3425961432759978,-0.6648222921020093,0.5367470673431973,-0.13810199226207226,0.3998159424551337,0.14997856558299208,-0.0031748694541764867,-0.0978415956726679,0.34999734239467967,0.04999961835668146,0.09999924981662243,0.2835308576026859,-0.29946632215479024,-0.39961831348830795,-0.24999999594898287,-0.09999988903398073,-0.14819096090426015,0.4995749858380964,0.0,0.1,-0.3959092552023135,0.280544437568372,0.06688949718416891,2157318.0,1776.0,354875.0,6.079092638252906,0.47409512613489396,7,14240.0,9.75,65024.0,55.625,1.3567608861726508,3,1190.2804319999996,0.31763549185050277,0.31712962962228863,0.4080345251095172,1.0,0.0,0.0,0,150.5,11.9375,6,4.188444227847075,4.773234200299885,4.375707964599834,-6.2407031777806585,-6.238095178684809,-6.2467532359363585,9.315575327946766,7.202296872436567,-3.8814814807626883,2.6353790594690403,1.697916652517361,0,9
418,19,2026-01-31T21:34:14.537875,0.2848072565512422,0.04345906354720277,0.23206793157931785,-0.06552277789080296,0.10734941346863947,-0.005636330606208308,0.21729531773601382,0.6630512330837653,-0.6552277789080296,0.5367470673431973,-0.11272661212416615,0.38301569687848586,0.14852258284373654,-0.018072700833926307,-0.0998444323799298,0.3499999999986834,0.04999999999978829,0.09999999999963055,0.2982391972544585,0.0,-0.39509137232987834,-0.24529290087395914,-0.09999993741263388,-0.14042331699245555,0.4995749858380964,0.0,0.1,-0.3992867625372241,0.2953586865754069,0.08123513210239004,1840160.0,1548.0,318798.0,5.772181757727464,0.34208929940484806,8,3504.0,2.1875,22016.0,13.6875,1.5828220858895705,0,723.5129880000017,0.44562686820107145,0.44409937886819567,0.41232948129673863,0.9999971718518563,0.0,0.0,0,162.625,12.8125,6,1.9154315855859647,2.6542750926901224,2.7793805309722215,-13.499661933647738,-13.440476062471657,-13.508657985266392,2.3280387421664863,7.48862709403118,-3.8814814807626883,3.5108303223748516,2.427083313107639,0,3
418,20,2026-01-31T21:34:16.056390,0.16311280617532442,-0.12331888808187007,0.2192132634459949,-0.020505265646085246,0.10734941346863947,-0.005121191779212916,-0.6165944404093503,0.6263236098456998,-0.20505265646085244,0.5367470673431973,-0.10242383558425831,-0.3167502623215431,-0.08618113451534191,-0.021086689236078177,-0.09986853446200813,0.3499999999973689,0.04999999999961607,0.09999999999926147,0.23534356823522462,0.0,-0.31748556305631837,0.2075643927425501,-0.09999993648350057,-0.0944829838898121,0.4995749858380964,0.0,0.1,-0.3997690367132036,0.2977524440939645,0.08974714701182696,1422698.0,1192.0,249186.0,5.709381746968128,0.33366648235316565,9,4016.0,2.5,22016.0,15.6875,1.2113821138211383,0,488.57714400000225,0.5918610222516184,0.5888157894543152,0.4122189592575878,1.0,0.0,0.0,0,170.4375,13.25,6,-1.0764412464523494,-0.6542750928759976,-0.30079646017685807,-13.153482082399234,-13.142857017687076,-13.162337639545736,-1.1889649100016184,7.481258962999878,-3.8814814807626883,4.074909744350245,2.791666643402778,1,14
418,21,2026-01-31T21:34:18.027901,0.20014839967806095,-0.09640338016430283,0.22341400563880517,-0.002465548804920009,0.10734941346863947,-0.004836046913254289,-0.48201690082151416,0.6383257303965862,-0.024655488049200085,0.5367470673431973,-0.09672093826508578,-0.1423813077838729,-0.059783655295590515,-0.027953981954310817,-0.09988412961619209,0.34999999999846815,0.04999999999976152,0.09999999999957011,0.2553430521116116,0.0,-0.2121399747166474,0.24901732401736057,-0.09999992592966195,-0.05794036862861644,0.4995749858380964,0.0,0.1,-0.39993814575931036,0.2989138733842784,0.09451484898652948,1520956.0,1217.0,273315.0,5.564846422625908,0.32734895298413363,9,3616.0,2.25,22016.0,14.125,1.2520576131687242,0,359.9141040000005,0.640936808296731,0.6388888888635361,0.41106609298618685,0.9999957739064077,0.0,0.0,0,179.5625,13.6875,6,-0.37224435971674075,-0.4219330854626465,0.7668584070793066,-13.423935091187127,-13.38095225351474,-13.432900409639998,-3.11505832288696,7.404401262811616,-3.8814814807626883,4.733754509217506,3.156249973697917,0,5
418,22,2026-01-31T21:34:19.233965,0.28007359462195236,0.04118116482140629,0.21640149137898557,-0.06568027764083274,0.10734941346863947,-0.004673672174104496,0.20590582410703143,0.6182899753685303,-0.6568027764083274,0.5367470673431973,-0.09347344348208991,0.36123659338135866,0.14600302841095086,-0.010778868056123233,-0.0992935354747691,0.34999999999817866,0.04999999999973137,0.09999999999948883,0.22223203872086683,0.0,-0.3940997346577743,-0.24987585449104005,-0.0999999582083719,-0.13959692783400127,0.4995749858380964,0.0,0.1,-0.39998592083594414,0.2996542295378746,0.09709940236365754,1780622.0,1494.0,300629.0,5.922988134877207,0.41788694596771986,7,3744.0,2.3125,17664.0,14.625,1.190438247011952,0,845.2420680000002,0.45488941296999874,0.45052083332160103,0.41535848760539246,0.9999980632926297,0.0,0.0,0,189.8125,14.375,6,1.4887337671644145,2.1524163566772843,1.975442477875232,-13.337390128375002,-13.321428444557824,-13.346320323209834,4.150330358660135,7.690560713319023,-3.8814814807626883,5.473826710849222,3.729166635590278,1,8
418,23,2026-01-31T21:34:20.524993,0.26107660113915343,0.014528059575274522,0.22242190190781624,-0.06412449046287831,0.10734941346863947,-0.004593758117556735,0.0726402978763726,0.6354911483080464,-0.641244904628783,0.5367470673431973,-0.0918751623511347,0.24496037197226272,0.13505002964143842,-0.01462858208450566,-0.09980783469687707,0.34999999999943376,0.04999999999990799,0.09999999999984116,0.2505737995552908,0.0,-0.38227381653027126,-0.24632649261819564,-0.09999996893461909,-0.12808753942969078,0.4995749858380964,0.0,0.1,-0.3999967371023979,0.29990089435413103,0.09847568109765498,1672348.0,1421.0,286186.0,5.843570265491674,0.3526622299130044,8,2880.0,1.75,17664.0,11.25,1.241048034934498,0,731.8633080000027,0.510641900515352,0.5094339622504196,0.4175830029279897,0.9999983586006699,0.0,0.0,0,199.9375,15.125,6,0.7127540635839296,1.4739776950302987,1.336371681415338,-13.921568627356853,-13.85714272517007,-13.930735906613444,2.45304353256695,7.838861635958225,-3.8814814807626883,6.204873641729333,4.354166630381945,1,12
418,24,2026-01-31T21:34:22.505657,0.286636840363714,0.002458849979382583,0.22677553432303899,-0.018481558706246088,0.10734941346863947,-0.004555355154194379,0.012294249896912916,0.6479300980658257,-0.18481558706246087,0.5367470673431973,-0.09110710308388759,0.2062210928944606,0.11969212922518993,-0.025871366071719703,-0.09947187897590627,0.34999999999974013,0.04999999999995496,0.09999999999992715,0.27172277621271,0.0,-0.32129772352146874,0.2349369636222618,-0.09999996832024843,-0.09700520406026485,0.4995749858380964,0.0,0.1,-0.39999940198051137,0.29995219619408336,0.09920158685087178,1652466.0,1380.0,294614.0,5.608918788652271,0.403294846093876,7,2304.0,1.375,17664.0,9.0,1.3006597549481622,0,452.0427119999988,0.5892310048803624,0.5845588235079207,0.41743612530562957,0.9999879067562534,0.0,0.0,0,211.6875,15.5625,6,0.5702634521113027,1.092936802872403,1.7092920353974737,-14.31102096001142,-14.214285578911566,-14.320346295549184,-1.7358875446503343,7.8290698009954385,-3.8814814807626883,7.053249092380326,4.7187499606770835,0,12
418,25,2026-01-31T21:34:24.358182,0.23080692047744444,-0.03380336220115821,0.2213300217218518,-0.03262384916912455,0.10734941346863947,-0.0045352597958575125,-0.16901681100579105,0.6323714906338623,-0.3262384916912455,0.5367470673431973,-0.09070519591715025,0.05433060310703172,0.09435155729624975,-0.023937097704530213,-0.09979422837127208,0.3499999999997668,0.049999999999960014,0.09999999999993461,0.2453580979043892,0.0,-0.3747769750787881,0.1625647908239024,-0.0999999728426611,-0.12280331128575278,0.4995749858380964,0.0,0.1,-0.3999998369617399,0.2999769427595814,0.09958253144687874,1591966.0,1342.0,281781.0,5.6496570031336395,0.35608618488415067,9,2224.0,1.3125,17664.0,8.6875,1.23006416131989,0,516.1800600000001,0.5287591025431151,0.5270758122553402,0.41859135352151144,0.9999972488371752,0.0,0.0,0,220.6875,16.0,6,0.13667115787058617,0.7397769516041092,1.1414601769906454,-14.365111561769,-14.273809387868482,-14.374458849568036,-0.7757476046742873,7.906084964044122,-3.8814814807626883,7.703068586495979,5.083333290972223,0,4
418,26,2026-01-31T21:34:26.280310,0.22307262815076173,-0.09144814545846063,0.22715547275705614,-0.000955247205479258,0.10734941346863947,-0.00452434017885225,-0.4572407272923031,0.6490156364487318,-0.00955247205479258,0.5367470673431973,-0.09048680357704499,-0.27853331513976637,0.10153905901296995,-0.028718068804336173,-0.09982962760054825,0.34999999999976167,0.049999999999960014,0.09999999999993318,0.2735960653556245,0.0,-0.19949959802144904,0.2473969180208931,-0.09999996756882196,-0.05385262605182195,0.4995749858380964,0.0,0.1,-0.39999997860196373,0.29999789948735134,0.0997819160188117,1452878.0,1351.0,261845.0,5.548618457484389,0.346638310286758,7,2240.0,1.3125,17664.0,8.75,1.30784123910939,0,392.56007999999997,0.6452360473840422,0.6436363636129586,0.41726030637551564,0.9999965039016457,0.0,0.0,0,234.75,17.4375,6,-0.8601467763666498,0.8234200742729156,0.25933628318572594,-14.354293441417484,-14.273809387868482,-14.363636338764266,-2.6263461073912664,7.8173485468020125,-3.8814814807626883,8.718411546051689,6.281249947656251,1,8
418,27,2026-01-31T21:34:27.104352,0.18420632778164192,0.006571699825002064,0.04923819255223793,0.039788529126248744,0.10734941346863947,-0.004236981958344567,0.03285849912501032,0.14068055014925124,0.3978852912624874,0.5367470673431973,-0.08473963916689134,0.2250828344347478,0.10077904429740868,-0.005333736079239142,-0.0993827025964888,0.34999999979192414,0.049999999968578776,0.09999999994148973,-0.00993014581961345,-0.29946632215479024,0.21046565366210845,0.21453177358475245,-0.09999993190426343,0.0,0.4995749858380964,0.0,0.1,-0.3999999903295452,0.2999988756747698,0.09988612809105413,1661748.0,1350.0,275359.0,6.0348417883562915,0.4111184768850367,7,7248.0,4.8125,65024.0,28.3125,0.9933774834437086,1,482.082083999999,0.7584825888672782,0.7231404958528277,0.41169684733602646,0.9963612299861393,0.0,0.0,0,240.25,17.8125,5,0.6367858269070438,0.8141263939763815,0.8573008849553728,-10.968221771393049,-10.940476086281182,-10.976190457184085,-1.2861963471128601,7.446451524767415,-3.8814814807626883,9.115523459122365,6.5937499450520844,6,8
418,28,2026-01-31T21:34:28.226938,0.19053131908317827,0.04829617799527514,0.11967227036433806,-0.06604778119909942,0.10734941346863947,-0.004234236313833235,0.2414808899763757,0.34192077246953734,-0.6604778119909942,0.5367470673431973,-0.08468472627666469,0.39029857085677144,0.14956524982741573,-0.00600119950429204,-0.09924140389271051,0.3499989518052375,0.04999986927963948,0.09999970422943917,0.2481572024038051,-0.29946632215479024,-0.3954569452493284,-0.24999912467166024,-0.09999996332983263,-0.14359251606861057,0.4995749858380964,0.0,0.1,-0.3999999980248829,0.29999976432827985,0.09994055693477336,1879876.0,1614.0,312212.0,6.021152293954108,0.4214598522199915,7,13552.0,9.1875,65024.0,52.9375,1.2358346094946402,2,1010.7342960000012,0.44173414574633496,0.413145539896405,0.4163389814618855,0.9873147324504805,0.0,0.0,0,251.25,18.75,5,2.200068801421738,3.2676579922613698,2.4879646017688106,-6.705882352895836,-6.773809459297054,-6.712121200498491,6.627758921163529,7.755926926841085,-3.8814814807626883,9.90974728526372,7.374999938541667,1,8
418,29,2026-01-31T21:34:29.407278,0.1450175553591843,0.05165605657970728,0.08354203981106036,-0.06638709389259977,0.10734941346863947,-0.0042328170607164265,0.2582802828985364,0.23869154231731532,-0.6638709389259976,0.5367470673431973,-0.08465634121432852,0.3995059016993004,0.14995815071021923,-0.006575805857456975,-0.097593705428065,0.34999968793975506,0.04999996025098312,0.09999991198882034,0.16988269539748108,-0.29946632215479024,-0.3991301671584032,-0.24999994783906923,-0.09999998485528995,-0.14697591170460395,0.4995749858380964,0.0,0.1,-0.39999999964448,0.2999999391584195,0.09996897375131168,2088398.0,1740.0,347524.0,6.0093633820973515,0.4795937556299351,6,12656.0,8.5625,65024.0,49.4375,1.1284046692607004,3,1104.931211999999,0.3588510966512068,0.3559718969471669,0.42297132412035254,0.9999974949163503,0.0,0.0,0,263.125,19.5625,5,3.6945073531517,4.438661709624659,4.050442477874314,-7.31169709258072,-7.369047548866215,-7.318181805509642,8.03789239400629,8.198082809301631,-3.8814814807626883,10.767148006666318,8.05208326623264,0,11
418,30,2026-01-31T21:34:30.415578,0.12570455809984968,0.05082002993220502,0.06513478243684317,-0.06645754552374232,0.10734941346863947,-0.004232078667189094,0.25410014966102507,0.1860993783909805,-0.6645754552374231,0.5367470673431973,-0.08464157334378188,0.3997365200617967,0.14994769519209783,-0.0028895702964480525,-0.09872841733239641,0.34995668744996733,0.049994763097291395,0.09998775995758757,0.1148504505689171,-0.29946632215479024,-0.3994981171292924,-0.2499999947307862,-0.09999999421270893,-0.14786831904261716,0.4995749858380964,0.0,0.1,-0.39999999991760804,0.2999999806548802,0.09998380698061256,2132284.0,1728.0,350420.0,6.084938074310827,0.4474161581988939,7,16304.0,11.125,65024.0,63.6875,1.0806754221388368,3,1181.4991319999983,0.33133136554952436,0.32951945079337486,0.430186226822732,0.9999927354388392,0.0,0.0,0,273.25,20.25,5,4.009030186623569,4.3271375460662505,4.178584070794611,-4.845165652435124,-4.928571381632654,-4.850649342249958,9.184118741140079,8.679076002131467,-3.8814814807626883,11.49819493754643,8.624999928125002,0,11
418,31,2026-01-31T21:34:31.328394,0.1351491926127153,0.04970176593250522,0.06262297929789357,-0.06621939490771493,0.10734941346863947,-0.00380104594646632,0.24850882966252608,0.17892279799398164,-0.6621939490771493,0.5367470673431973,-0.0760209189293264,0.393585444894954,0.14865311333512132,-0.0022633430685058526,-0.09787724637606444,0.3491616204826702,0.04988443139357006,0.09976278778922393,0.13384595284482284,-0.29946632215479024,-0.3981658617653258,-0.24999985379517586,-0.09999999701835732,-0.14494778252190807,0.4995749858380964,0.0,0.1,-0.39999999997333563,0.2999999915926454,0.09999154894357781,1909028.0,1553.0,313070.0,6.097767272494969,0.4732533627223776,7,18496.0,12.75,65024.0,72.25,1.0959774170783345,4,1070.5066680000034,0.3962129160820189,0.39497716894075396,0.4351601514578728,0.9999980632926297,0.0,0.0,0,281.0625,20.75,4,2.408995785912736,2.700743494172793,2.525929203538705,-3.363083164277464,-3.3809523487528357,-3.367965362133394,7.522554909053562,9.01067075674435,-3.8814814807626883,12.062274359521822,9.041666591319446,1,11
418,32,2026-01-31T21:34:32.514399,0.2315758956209391,0.04886386731231731,0.17242642931308771,-0.06635292612501117,0.10734941346863947,-0.003800844801187662,0.24431933656158653,0.49264694089453637,-0.6635292612501117,0.5367470673431973,-0.07601689602375324,0.3992304870549208,0.14985465897088215,-0.00695872005201766,-0.09995838111364862,0.3499999999875067,0.0499999999981954,0.09999999999649094,0.29930771106884424,-0.2107743970712047,-0.3989705480131345,-0.24999973753439428,-0.0999999985019239,-0.1465252228701828,0.4995749858380964,0.0,0.1,-0.39999999999259805,0.2999999973268072,0.09999558951724458,2057466.0,1673.0,342825.0,6.001505141106978,0.2761344766814327,8,5168.0,3.3125,33792.0,20.1875,1.6763527054108216,1,1050.9639359999992,0.367285126251903,0.36650485436003627,0.44032234674619364,1.0,0.0,0.0,0,289.9375,21.4375,4,3.47282343835081,3.815985129756878,3.842522123892105,-12.374577417090098,-12.369047501247168,-12.383116861674257,7.229999040833821,9.354816879868324,-3.8814814807626883,12.703068582885871,9.614583253211807,0,11
418,33,2026-01-31T21:34:34.251321,0.21702043691620657,0.03838611495119749,0.16403365461290023,-0.062037962686438575,0.10734941346863947,-0.0038007398831854675,0.19193057475598743,0.4686675846082864,-0.6203796268643857,0.5367470673431973,-0.07601479766370935,0.34884290973611926,0.14685200633564557,-0.020567867959890435,-0.0997565843263657,0.34999999999401316,0.04999999999900489,0.09999999999831895,0.26811963988537163,-0.2107743970712047,-0.3892806221282728,-0.1986424868765667,-0.09999999876191942,-0.13410165176040684,0.4995749858380964,0.0,0.1,-0.39999999999866764,0.29999999915003467,0.09999769825578458,1760122.0,1507.0,307702.0,5.7202163131861345,0.3644957873556488,6,4624.0,3.0,33792.0,18.0625,1.2880341880341881,1,640.391663999998,0.48504655969485766,0.4837662337505271,0.4417519924129244,1.0,0.0,0.0,0,301.8125,22.125,4,1.3418140641572296,2.273234200532227,2.288407079645005,-12.742393509041635,-12.666666546031749,-12.751082229002455,1.0837075447479174,9.450126527443944,-3.8814814807626883,13.56046930428847,10.187499915104167,0,6
418,34,2026-01-31T21:34:35.729047,0.28052965217523007,0.030537179982787956,0.22499714544977684,-0.06404887635718627,0.10734941346863947,-0.003800685136646137,0.15268589991393977,0.6428489869993624,-0.6404887635718627,0.5367470673431973,-0.07601370273292274,0.30331996486220264,0.14834923517939078,-0.01745024976779567,-0.09930000002276385,0.3499999999993826,0.04999999999990799,0.0999999999998268,0.2630142514541413,0.0,-0.38537716123205,-0.23916700796110804,-0.09999999894552794,-0.13086048513529702,0.4995749858380964,0.0,0.1,-0.3999999999998459,0.2999999999302306,0.0999987987710148,1711340.0,1542.0,295818.0,5.785111115618387,0.41742568981042644,6,2944.0,1.75,23552.0,11.5,1.2722772277227723,0,695.2575960000015,0.5008210271540434,0.4985422740379434,0.44295590772286453,0.999998017974592,0.0,0.0,0,316.75,23.625,4,0.9922025055183762,2.5985130109109185,1.762566371680636,-13.87829614595079,-13.85714272517007,-13.887445863398362,1.9050538320501647,9.530387494599307,-3.8814814807626883,14.638989159105423,11.4374999046875,1,13
418,35,2026-01-31T21:34:39.758213,0.08184927836033881,-0.12707278068257852,0.16174100504076047,-0.029457630782929897,0.10734941346863947,-0.003800685136646137,-0.6353639034128926,0.4621171572593156,-0.29457630782929894,0.5367470673431973,-0.07601370273292274,-0.39999999987064394,-0.14999999998065633,-0.1,0.09950547536867305,0.3499999999993826,0.04999999999990799,0.0999999999998268,0.0,0.0,-0.3999993347775779,0.2499999794238921,-0.09999999894552794,-0.14997347424899432,0.4995749858380964,0.0,0.1,-0.3999999999998459,0.2999999999302306,0.0999987987710148,0.0,0.0,0.0,0.0,1.0,16,2944.0,1.75,23552.0,11.5,0.0,0,0.0,0.0,0.0,0.44295590772286453,1.0,0.0,0.0,0,316.75,23.625,4,-11.272654301521422,-11.732342006344581,-11.326725663711802,-13.87829614595079,-13.85714272517007,-13.887445863398362,-8.502994010703146,9.530387494599307,-3.8814814807626883,14.638989159105423,11.4374999046875,0,9
419,1,2026-01-31T21:35:02.742748,-0.12929718017929628,0.051457261377656695,0.04408200710226544,-0.04480873054225055,-0.14820105138714995,-0.004916623182911358,0.25728630688828347,0.1259485917207584,-0.44808730542250547,-0.7410052569357497,-0.09833246365822716,0.39988251432591987,0.14993817283727018,0.0014192858827633006,-0.0997647047400872,0.33570002631735546,0.048025208602088566,0.09594859205833434,0.09873230563055613,-0.29946632215479024,-0.18217483256634015,-0.24278469850648945,-0.09981410482737009,-0.05351105984848769,-0.48856142380397743,-0.2499065906585196,-0.09999795954984288,0.39997513964020376,-0.2999808847507172,-0.09998407473594395,2188644.0,1719.0,354540.0,6.173193433745134,0.3627972837012197,7,20608.0,14.25,65024.0,80.5,1.0683654443753885,4,709.0772039999999,0.6508460977279688,0.6440281030294138,0.35234969857957454,0.9943390636435642,330.0,129.0,4,42.125,3.6875,10,4.412951867671615,4.243494423397444,4.360884955750283,-1.935091277877383,-1.952380933786849,-1.939393936035682,2.111934191300608,3.489977578653251,2.2296296292167352,-5.189530682173624,-5.177083290190973,5,13
419,2,2026-01-31T21:35:03.484022,-0.10488504452697761,0.051329514485041194,0.05533121530260538,-0.03328433005298958,-0.14643469917398758,-0.004916701540740435,0.25664757242520597,0.15808918657887253,-0.33284330052989575,-0.7321734958699379,-0.0983340308148087,0.3998577994880054,0.14990520258334544,0.0003275247986858305,-0.09929915190786948,0.34968988007222884,0.049949741250263274,0.09991229032002034,0.11165953500783427,-0.29946632215479024,-0.04980579462508971,-0.23959097669390342,-0.09961649089626291,-0.05278376515828888,-0.4881349505708175,-0.24998987572787776,-0.09999925919597977,0.3999519572929777,-0.29997387285737315,-0.09996948674010687,2175322.0,1696.0,353663.0,6.150832855006037,0.4174864455522838,7,17760.0,12.3125,65024.0,69.375,1.0781945327399873,4,696.6199680000004,0.6874835975492934,0.6448598130690453,0.34691092425062714,0.9917927785405847,329.0,159.0,3,46.6875,3.875,10,4.317475561161287,4.029739776577161,4.322079646015786,-3.8607167004471896,-3.797619011451248,-3.8658008591068387,1.9254486224662568,3.1273928651132334,2.2111111107016463,-4.860108299739994,-5.020833291493057,5,4
419,3,2026-01-31T21:35:04.251144,0.08642053642721123,0.05135476394019246,0.07837827603846358,-0.03358595740961753,0.02205763189421564,-0.00487413448913634,0.2567738197009623,0.22393793153846736,-0.33585957409617523,0.1102881594710782,-0.0974826897827268,0.39982053174585025,0.14989788831023831,0.0006747582677389823,-0.0994666493871992,0.30774513543091014,0.043055448206682306,0.08801929051439443,0.258101301066148,-0.29946632215479024,-0.06906587121713041,-0.23780475630449924,-0.09938866356042197,-0.03876791659661357,0.48905322985996563,-0.24157711705600957,-0.09999969937881178,0.39989078553567353,-0.2999398854802837,-0.09994153963058766,2159080.0,1692.0,350617.0,6.157944423687385,0.4037888343845255,7,21440.0,14.9375,65024.0,83.75,1.2589285714285714,5,691.2082320000003,0.6825588069966958,0.660332541552011,0.3434052287767795,0.989826804220619,88.0,68.0,1,52.375,4.375,9,4.201072155490912,3.992565055391025,4.187300884953899,-1.372549019598563,-1.2976190352607717,-1.3766233742396137,1.8444346105023348,2.8936799893319733,-2.251851851434842,-4.4494584805419075,-4.6041666282986125,5,11
419,4,2026-01-31T21:35:04.973611,0.10080851973892366,0.05146910805244196,0.11152635821879424,-0.03534435158726533,0.004870303911382484,-0.004802855309523139,0.2573455402622098,0.3186467377679836,-0.35344351587265327,0.024351519556912418,-0.09605710619046277,0.3998129216189914,0.14988370484018146,0.0015552148548695457,-0.09971313961510214,0.34612118180510915,0.04945910987163026,0.09890179501904374,0.2874432561327548,-0.29946632215479024,-0.07098315574608198,-0.2373814769311576,-0.09911440111817887,-0.05738984629394695,0.4426758241011312,-0.24900220187879085,-0.09999971390775605,0.3997982728059929,-0.2998616959668041,-0.09988801008500812,2156182.0,1685.0,349124.0,6.175977589624317,0.37271791598085613,7,19632.0,13.5625,65024.0,76.6875,1.3845521774856204,4,690.0396360000004,0.6820643308582607,0.6395348837060573,0.3406152802480994,0.988522724538052,134.0,97.0,2,56.625,4.875,8,4.180302726256043,3.927509293315287,4.121238938051274,-2.594996619319845,-2.607142832312926,-2.599567095065685,1.8269406584091472,2.707683544750931,-1.3999999997407406,-4.142599274987293,-4.187499965104168,5,10
419,5,2026-01-31T21:35:05.721825,0.17424841026715154,0.050203458095105374,0.1293736665848092,-0.033911664097864884,0.06017828014875838,-0.004685286916749978,0.25101729047552684,0.3696390473851692,-0.33911664097864885,0.3008914007437919,-0.09370573833499957,0.3998083823144922,0.14993583167493152,-0.0007419071902103151,-0.09969857418853531,0.3499999459093613,0.049999992492378055,0.09999998475552019,0.2798947899845197,-0.29946632215479024,-0.06447108940657105,-0.23397984008514347,-0.09878248213393889,-0.051455901287674743,0.49826594228781296,-0.08776816149472712,-0.09999832707277868,0.399588565260885,-0.2996469547088658,-0.09978551850770054,2154509.0,1717.0,351531.0,6.128930307711126,0.37519797707415875,8,11360.0,7.6875,65024.0,44.375,1.3361867704280155,2,681.8337239999998,0.6837404404145473,0.6463700234040662,0.33821547691538645,0.9896684091497698,38.0,23.0,0,61.5625,5.4375,7,4.1683126451277,4.224907062804376,4.227743362829988,-8.187964841053496,-8.20238087426304,-8.194805180615056,1.704097664415552,2.5476967625612557,-3.1777777771893003,-3.786101080298844,-3.7187499690104175,5,17
419,6,2026-01-31T21:35:06.462567,0.22669847714623287,0.050243617492414586,0.13062635329259245,-0.029938142538449355,0.10734941346863947,-0.004672721022057749,0.2512180874620729,0.3732181522645499,-0.2993814253844935,0.5367470673431973,-0.09345442044115498,0.3998482399212644,0.14996459652179636,-0.00042802362678164544,-0.09986676871549088,0.3499999888524959,0.049999998402723844,0.09999999686028843,0.2840466347929161,-0.29946632215479024,-0.05061758282114767,-0.23026073360391328,-0.09838169721224714,-0.025962005704069823,0.4995749858380964,0.0,0.1,0.3990983416418313,-0.2990992906459578,-0.09958942076378553,2170782.0,1749.0,353815.0,6.135358873987818,0.3343340166044573,8,10192.0,6.875,65024.0,39.8125,1.360031104199067,2,674.6034240000001,0.6872774012694591,0.6737739871924568,0.3360661125034415,0.9997074255869624,0.0,0.0,0,67.0,6.0,7,4.284938222056281,4.522304832293465,4.328805309732598,-8.977687626714147,-8.97619039070295,-8.984848469290306,1.5958596404796639,2.4044058972921682,-3.8814814807626883,-3.3935018026039696,-3.2499999729166675,5,17
419,7,2026-01-31T21:35:07.208578,0.22486236592522146,0.046166288018108195,0.11266115989894622,-0.009754917719019814,0.10734941346863947,-0.004649534194546014,0.23083144009054096,0.3218890282827035,-0.09754917719019814,0.5367470673431973,-0.09299068389092029,0.3850462890448217,0.14434200543336118,-0.0018667669962744511,-0.09964848725176001,0.34999999775179114,0.0499999996983135,0.09999999936719987,0.22290611892376053,-0.2967296218168464,0.03651443828706962,-0.09779301999120195,-0.09749831842886657,-0.03476063266774299,0.4995749858380964,0.0,0.1,0.39822768681890675,-0.2981355166112901,-0.09921473800972092,1849224.0,1475.0,302859.0,6.105890860103217,0.3828966221619714,8,9008.0,6.0,54272.0,35.1875,1.191437802907916,2,595.6006320000001,0.7091540938068464,0.6645962732781657,0.3327657520185473,0.9906276312014036,0.0,0.0,0,71.6875,6.4375,7,1.980391594759483,1.9758364310431373,2.0741150442468697,-9.778228532726315,-9.809523716099775,-9.785714268769325,0.41318311371060334,2.18438201164848,-3.8814814807626883,-3.0550541494187335,-2.8854166426215286,5,4
419,8,2026-01-31T21:35:08.027051,0.32704055742081223,0.04580841507653468,0.19921820936211615,0.006226257496610495,0.10734941346863947,-0.004651694436182034,0.22904207538267338,0.5691948838917604,0.06226257496610494,0.5367470673431973,-0.09303388872364067,0.3883611362249906,0.14156399718176407,-0.004558670755806634,-0.09938267421154186,0.3499999999990275,0.04999999999985187,0.09999999999972714,0.14633106648030114,0.0,0.07163104753414731,0.02702820148011467,-0.0959642871216953,-0.035854482483440545,0.4995749858380964,0.0,0.1,0.3970398592463771,-0.29770530981321763,-0.09850069910720374,1867002.0,1453.0,308558.0,6.050732763370258,0.41112078308098193,8,3280.0,2.0,27904.0,12.8125,1.1066260472201066,0,560.7497279999997,0.7181029584837334,0.6634382566425318,0.3291206210570049,0.9886052979442157,0.0,0.0,0,75.25,6.5625,7,2.107803227933226,1.7713754645193882,2.3262831858396784,-13.651115618568959,-13.619047489342405,-13.66017313651918,-0.10853700597178095,1.9413734428846992,-3.8814814807626883,-2.797833932997954,-2.7812499768229175,5,17
419,9,2026-01-31T21:35:08.723432,0.19723068027996765,0.011217355046801374,0.09225455487218724,0.017943620007438307,0.10734941346863947,-0.00462421956819215,0.05608677523400686,0.26358444249196356,0.17943620007438307,0.5367470673431973,-0.092484391363843,0.2615773241030815,0.0900154899841868,-0.0029878556098585822,-0.09965374476012132,0.34999999708529467,0.04999999966017322,0.09999999917951562,0.11840664932469552,-0.29946632215479024,0.11053472752419002,0.08746861997069526,-0.0935321418568566,-0.0187421225881056,0.4995749858380964,0.0,0.1,0.39506085999320384,-0.296526059312969,-0.09714668392869001,1682032.0,1337.0,276517.0,6.082924377163068,0.3821418160835259,8,9200.0,6.0625,65024.0,35.9375,1.0834683954619124,1,543.5979119999997,0.7283711664435545,0.6811594202757524,0.32548948947820283,0.9905547623066361,0.0,0.0,0,78.8125,6.8125,7,0.7821574979215676,0.693308550121439,0.9085398230084475,-9.648411088508125,-9.74999990714286,-9.65584413912408,-0.3653007185081927,1.6992981656814123,-3.8814814807626883,-2.540613716577174,-2.5729166452256953,5,4
419,10,2026-01-31T21:35:09.504311,0.30524848989510334,-0.017816140245070434,0.21141409361688263,0.035745905361951005,0.10734941346863947,-0.00453473876039273,-0.08908070122535217,0.6040402674768075,0.35745905361951,0.5367470673431973,-0.09069477520785459,0.18290698815131937,0.025674149270048807,-0.005464357812929492,-0.09962872258244314,0.349999999995765,0.04999999999945126,0.09999999999881103,0.19948418599930431,0.0,0.1640018005093389,0.2026656071905847,-0.08909846807461712,0.0,0.4995749858380964,0.0,0.1,0.39305772958644253,-0.29526174989554865,-0.09460310681473014,1641804.0,1281.0,272175.0,6.032163130338937,0.38563675030872935,8,4368.0,2.6875,27904.0,17.0625,1.1603260869565217,0,492.5855880000002,0.743561663408288,0.7047413792951565,0.32140023413639796,0.9999713351790918,0.0,0.0,0,81.1875,7.0,7,0.4938508729180049,0.1728624535155324,0.7164159292032228,-12.915483434665887,-12.964285590816328,-12.924242401862784,-1.1289582633040454,1.4266813246389813,-3.8814814807626883,-2.3691335722966542,-2.4166666465277786,5,4
419,11,2026-01-31T21:35:10.342239,0.1817805763777992,-0.13537901154244897,0.19450559880885712,0.046535579564369656,0.10734941346863947,-0.0043209603747115,-0.6768950577122448,0.5557302823110204,0.46535579564369656,0.5367470673431973,-0.08641920749423,-0.373093325625675,-0.14518203993779777,-0.009559634175740113,-0.0999207839600988,0.34999999999934117,0.04999999999990799,0.09999999999981518,0.12663424951491495,0.0,0.24113551238022565,0.2463492013874926,-0.07976129724577534,0.0,0.4995749858380964,0.0,0.1,0.3902521647837806,-0.2928417832732979,-0.08990813860026203,1338620.0,1041.0,225051.0,5.948073992117342,0.30832511577249766,9,2992.0,1.75,27904.0,11.6875,1.0900523560209423,0,403.9280520000001,0.7697594641321842,0.7494305239009241,0.3163802482139968,0.9999966013729594,0.0,0.0,0,83.5625,7.25,7,-1.6790126995956711,-2.0576208176526385,-1.3687168141586863,-13.845841784896242,-13.85714272517007,-13.85497833098705,-2.456166885859854,1.0920158195892407,-3.8814814807626883,-2.197653428016135,-2.2083333149305564,5,4
419,12,2026-01-31T21:35:11.654970,0.2789248140461122,0.04830012133061611,0.22127826532377756,-0.06611627937046363,0.10734941346863947,-0.004976663159550702,0.24150060665308054,0.6322236152107931,-0.6611627937046363,0.5367470673431973,-0.09953326319101402,0.3985580364426134,0.14979694783541847,-0.00985003206242208,-0.0993323888947516,0.3499999999970042,0.04999999999961607,0.09999999999915905,0.24511172091249592,0.0,-0.39746254236123363,-0.24999476741464838,-0.09620716716955234,-0.1459410726751761,0.4995749858380964,0.0,0.1,0.359571251250419,-0.2837808550601808,-0.08151676094003975,2013594.0,1655.0,338869.0,5.942101520056423,0.41504884099831474,8,4112.0,2.5,27904.0,16.0625,1.2295690936106984,0,951.0127439999999,0.41248638927082304,0.3783068782968702,0.329595434158647,0.980468266459177,0.0,0.0,0,93.6875,7.75,7,3.1584009402858726,3.6486988844192654,3.667477876104572,-13.08857336029014,-13.142857017687076,-13.097402574723112,5.733723711716507,1.9730276285580488,-3.8814814807626883,-1.4666064971360242,-1.7916666517361117,0,4
419,13,2026-01-31T21:35:12.825404,0.2522748339128086,0.0513919848054421,0.1954194515322799,-0.06637232224005306,0.10734941346863947,-0.008603650106593258,0.25695992402721046,0.5583412900922283,-0.6637232224005306,0.5367470673431973,-0.17207300213186516,0.3992784907701638,0.14989402226320991,-0.006777764073388361,-0.09851442596654404,0.34999999999982395,0.049999999999972025,0.09999999999995064,0.13041991234845474,0.0,-0.3992223183680491,-0.24999986275669933,-0.09948695320816539,-0.14713261105084638,0.4995749858380964,0.0,0.1,0.24389006180983294,-0.25620700514780204,-0.06734763932885926,2061964.0,1690.0,343362.0,6.00521898171609,0.4552469739848265,6,2016.0,1.125,5888.0,7.875,1.093143596377749,0,1072.6193280000002,0.3532461397592246,0.35194174756427327,0.34472352796917227,0.9999947889060276,0.0,0.0,0,104.1875,8.375,7,3.505059771235021,3.973977694797957,3.866283185838997,-14.505747126338704,-14.45238081473923,-14.515151490017054,7.554181555755366,2.9815665435671233,-3.8814814807626883,-0.7084837540010948,-1.2708333227430562,0,6
419,14,2026-01-31T21:35:13.784511,0.1105896786611999,0.051080069812423995,0.059589570008374296,-0.06646378618743769,0.10734941346863947,-0.014055544893893605,0.25540034906211995,0.17025591430964085,-0.6646378618743768,0.5367470673431973,-0.2811108978778721,0.3998174711593553,0.14992958363585085,-0.00190741371030009,-0.09838297774301313,0.34940673477833645,0.04992818367588098,0.09983216488562469,0.1245482756558727,-0.29946632215479024,-0.39954618294331246,-0.2499999961584667,-0.09993867138695818,-0.14799366544504902,0.4995749858380964,0.0,0.1,0.04136780727383976,-0.19054468571618624,-0.04557344906251849,2157900.0,1712.0,353461.0,6.105058266682887,0.45951934756834595,7,18240.0,12.5,65024.0,71.25,1.0883661792752701,4,1192.0538519999996,0.3262947291811857,0.32494279175457796,0.36067139588051944,0.9999971321417318,0.0,0.0,0,112.5625,9.0,7,4.192615314049523,4.178438661321706,4.313141592918446,-3.5361730899017165,-3.6190475845805,-3.5411255349937223,9.342123531535604,4.044757028863278,-3.8814814807626883,-0.10379061364347247,-0.7499999937500004,0,12
419,15,2026-01-31T21:35:14.865607,0.04720007395587696,0.05056676524670825,0.0015120413942443973,-0.06643221794521857,0.10734941346863947,-0.01888588466158999,0.2528338262335412,0.004320118269269707,-0.6643221794521856,0.5367470673431973,-0.37771769323179977,0.39951511506218473,0.14985465897088215,-0.00424456405680179,-0.0984122472053009,0.265659332380306,0.04036186963521138,0.07606836210147425,0.09135363117493518,-0.29946632215479024,-0.39938286940505585,-0.24999997965791954,-0.09998977047337466,-0.14754063787436192,0.4995749858380964,0.0,0.1,-0.17651441519313427,-0.11022067973748643,-0.01652220341014792,2089712.0,1673.0,344998.0,6.057171345920846,0.4585986378525803,7,22000.0,15.125,65024.0,85.9375,1.0628970775095299,5,1136.3820600000017,0.34167426834839326,0.3403263403184073,0.3741055739315941,0.9999972488371752,0.0,0.0,0,120.5625,9.4375,7,3.7039245477737217,3.815985129756878,3.9386725663699385,-0.9939148072955112,-1.1190476083900234,-0.9978354961076445,8.50871347178016,4.94036830186074,-3.8814814807626883,0.4738267144593309,-0.3854166634548615,0,9
419,16,2026-01-31T21:35:15.911554,0.09422297148778899,0.050964504390580846,0.04705809093836164,-0.06647144628476706,0.10734941346863947,-0.01776754747811935,0.2548225219529042,0.13445168839531899,-0.6647144628476706,0.5367470673431973,-0.355350949562387,0.39977741222014174,0.14994365890027023,-0.0029095589148584863,-0.09797289989606141,0.3400382929708933,0.0486100491142782,0.09717825657827249,0.11856721493493413,-0.29946632215479024,-0.3995659857219439,-0.249999996671936,-0.09999827636388467,-0.14805168696623805,0.4995749858380964,0.0,0.1,-0.3335058757597027,0.040378485380600786,0.015710123089542293,2144054.0,1724.0,352378.0,6.08452854604998,0.4709238049701674,7,20336.0,14.0625,65024.0,79.4375,1.083595223130107,5,1196.8461120000006,0.3240626545359787,0.322727272719938,0.38746220960506905,1.0,0.0,0.0,0,130.625,10.0625,7,4.093383596594036,4.2899628248801145,4.2652212389361654,-2.118999323853151,-2.1309523606575973,-2.123376619699781,9.413863950686558,5.830810086464547,-3.8814814807626883,1.2003610099636381,0.13541666553819418,0,3
419,17,2026-01-31T21:35:16.907893,0.1291409257956453,0.05445702042879791,0.07290650444507145,-0.06649328964682436,0.10734941346863947,-0.012168679353132636,0.27228510214398954,0.20830429841448989,-0.6649328964682435,0.5367470673431973,-0.2433735870626527,0.3998503349431446,0.14997647819775767,-0.0021184473588366486,-0.09872138377910894,0.3286508318980474,0.04720127275645147,0.09394994335802259,0.2107190754430505,-0.29946632215479024,-0.3996646026996018,-0.24999999809269619,-0.09999968467883637,-0.14834311171894635,0.4995749858380964,0.0,0.1,-0.38201899621780266,0.18288919379169583,0.04491036754170555,2171752.0,1771.0,355982.0,6.1007354304431125,0.44769373267671997,5,20912.0,14.4375,65024.0,81.6875,1.1744031830238726,5,1215.4398960000003,0.31116840641692145,0.3105022830979337,0.40020175996042595,1.0,0.0,0.0,0,140.125,10.75,7,4.291890032393695,4.7267657988172145,4.4246902654847675,-1.7295469911985832,-1.7738095069161006,-1.7337662307640416,9.692214010525124,6.680112877286479,-3.8814814807626883,1.8862815870857172,0.7083333274305553,0,7
419,18,2026-01-31T21:35:18.019541,0.16607172588907598,0.04950186031534262,0.11012798525291606,-0.06645760942783056,0.10734941346863947,-0.00753988017308504,0.24750930157671308,0.31465138643690305,-0.6645760942783057,0.5367470673431973,-0.1507976034617008,0.3996254164401569,0.14995321406929016,-0.004578494840611509,-0.0994367955915489,0.34996586043794525,0.049994763097291395,0.09999035315932293,0.2775337618416599,-0.29946632215479024,-0.39949682137072173,-0.2499999831506003,-0.099999922572929,-0.14787135584347436,0.4995749858380964,0.0,0.1,-0.3956828555120768,0.2709744135578749,0.06688949718416891,2107728.0,1734.0,348366.0,6.050326380875286,0.4065194990640138,8,16128.0,11.125,65024.0,63.0,1.3246753246753247,4,1142.6738400000022,0.33146036996849304,0.3294117646981315,0.4107336829744031,1.0,0.0,0.0,0,150.125,11.6875,7,3.833041882865304,4.382899627845455,4.087699115042439,-4.964164976301798,-4.928571381632654,-4.969696961091434,8.60290179511936,7.382240610133135,-3.8814814807626883,2.6083032472142214,1.4895833209201388,0,5
419,19,2026-01-31T21:35:19.452146,0.2877083168515673,0.04697734614529868,0.23214834633391374,-0.06603201279154701,0.10734941346863947,-0.005824732757831007,0.23488673072649338,0.6632809895254679,-0.6603201279154701,0.5367470673431973,-0.11649465515662014,0.39158831729945737,0.14908706158531773,-0.013181173082646458,-0.09986377731813373,0.3499999999994807,0.04999999999991832,0.09999999999985434,0.2986493223108185,0.0,-0.3969854237453079,-0.24961281968559623,-0.099999961361812,-0.14318559797543895,0.4995749858380964,0.0,0.1,-0.39897705838505615,0.2948535087517728,0.08123513210239004,1889942.0,1574.0,321776.0,5.873470986027547,0.3354449806659396,7,2816.0,1.6875,19200.0,11.0,1.6094069529652353,0,807.2341200000008,0.4211311442436517,0.41786743514645913,0.41594689962993003,1.0,0.0,0.0,0,160.125,12.75,7,2.2722099590056564,2.895910780400008,2.911150442476588,-13.964841108762917,-13.916666534126986,-13.974025949828526,3.581349101260289,7.729788155469899,-3.8814814807626883,3.3303249073427255,2.3749999802083335,0,3
419,20,2026-01-31T21:35:21.298507,0.15548910666108942,-0.11878941282731888,0.2167852555541457,-0.017627463823904795,0.10734941346863947,-0.005318642163565517,-0.5939470641365944,0.6193864444404164,-0.17627463823904793,0.5367470673431973,-0.10637284327131033,-0.2618789698869823,-0.10138781784413661,-0.024990488067906495,-0.09988005842628375,0.3499999999994214,0.04999999999990799,0.09999999999983769,0.2240090239861119,0.0,-0.32304120607163855,0.2456510082237175,-0.09999996090770691,-0.09714764590365992,0.4995749858380964,0.0,0.1,-0.39962064854321977,0.29723425669237546,0.08974714701182696,1463576.0,1174.0,260076.0,5.627493501899445,0.3290765990375936,9,2896.0,1.75,19200.0,11.3125,1.193089430894309,0,409.8200040000004,0.5879901960553728,0.5843137254672818,0.4158592679160703,0.9999973936686304,0.0,0.0,0,167.0,13.125,7,-0.7834761918412418,-0.8215613382136104,0.18106194690257474,-13.910750507005337,-13.85714272517007,-13.919913395809674,-2.367964011621557,7.723946045107325,-3.8814814807626883,3.8267147986810723,2.687499977604167,0,2
419,21,2026-01-31T21:35:23.000542,0.17848875280694382,-0.12417817723523678,0.21769100355129856,-0.002809822774862895,0.10734941346863947,-0.005059138970752794,-0.6208908861761838,0.6219742958608531,-0.02809822774862895,0.5367470673431973,-0.10118277941505587,-0.29853557572747647,-0.10714513802693783,-0.025279481257342102,-0.09988815398558298,0.3499999999994214,0.04999999999990799,0.09999999999983769,0.22821859684377255,0.0,-0.21256600955199026,0.2470224035341895,-0.09999995324069139,-0.05896469238517713,0.4995749858380964,0.0,0.1,-0.3998815454435909,0.2979740325709563,0.09451484898652948,1438298.0,1166.0,255861.0,5.621403809099472,0.32558048974925646,9,2896.0,1.75,19200.0,11.3125,1.199588477366255,0,397.07487600000275,0.6407885012586435,0.6376811593971854,0.41451610754838886,0.9999981284100369,0.0,0.0,0,175.0625,13.3125,7,-0.9646389358712721,-0.8959107805858828,-0.005442477876103786,-13.910750507005337,-13.85714272517007,-13.919913395809674,-2.5587593409342766,7.6344020802912045,-3.8814814807626883,4.408844762159679,2.8437499763020835,1,8
419,22,2026-01-31T21:35:23.898829,0.2799250773486553,0.040218097402809426,0.14395335438329174,0.020187715409983445,0.10734941346863947,-0.004873459769162219,0.2010904870140471,0.4112952982379764,0.20187715409983442,0.5367470673431973,-0.09746919538324438,0.3659352441638672,0.13556934480157298,-0.00541718905071041,-0.099413147260319,0.34999999999414133,0.04999999999911658,0.09999999999835496,0.17536025563249774,-0.18920726803599774,0.09144887594582006,0.11711776538127297,-0.0999999099059477,0.0,0.4995749858380964,0.0,0.1,-0.39994646226540354,0.2992049865496721,0.09709940236365754,1790066.0,1423.0,296706.0,6.033130438885631,0.40858199252734717,8,4608.0,2.9375,32256.0,18.0,1.1338645418326694,1,534.0582719999975,0.72327351850043,0.7031578947220388,0.40959729992750005,0.9961703284805696,0.0,0.0,0,180.5625,13.875,7,1.5564171659546513,1.492565055623367,1.8018584070788486,-12.75321162939315,-12.726190354988665,-12.761904739806225,-0.5081097005227757,7.306481790845477,-3.8814814807626883,4.805956675230356,3.3124999723958335,5,18
419,23,2026-01-31T21:35:25.423550,0.26303802200759907,0.0159428402324077,0.2210139864172617,-0.0621599626656473,0.10734941346863947,-0.0046037302129207005,0.07971420116203849,0.6314685326207478,-0.621599626656473,0.5367470673431973,-0.092074604258414,0.2606395716540778,0.13021360525508408,-0.01555830873880598,-0.09980595330640668,0.34999999999969766,0.049999999999949266,0.09999999999991521,0.2438548636568479,0.0,-0.36726440894033474,-0.22776798491092243,-0.09999992473439662,-0.1278451371393874,0.4995749858380964,0.0,0.1,-0.3999854032863046,0.29968841708130306,0.09847568109765498,1681462.0,1405.0,288696.0,5.824334247790063,0.3531498438823386,9,2416.0,1.4375,19200.0,9.4375,1.2270742358078603,0,670.4575680000016,0.542281571215945,0.5103244837607573,0.41094603233942506,0.9860194922707973,0.0,0.0,0,189.5625,14.4375,6,0.7780724134964898,1.325278810285754,1.4474336283179436,-14.23529411755081,-14.15476176995465,-14.24458871992279,1.533795927914127,7.396397225030189,-3.8814814807626883,5.455776169346009,3.7812499684895835,1,4
419,24,2026-01-31T21:35:27.011207,0.24342190749135623,-0.032765326861236566,0.22667147622847889,-0.03877078442363974,0.10734941346863947,-0.004558345688744105,-0.16382663430618283,0.6476327892242254,-0.3877078442363973,0.5367470673431973,-0.0911669137748821,0.025616357459888817,0.11866413899196508,-0.021912530101715774,-0.09940921404168616,0.3499999999996774,0.049999999999949266,0.09999999999990952,0.2712105096539043,0.0,-0.33931250317618755,0.03780131145516994,-0.09999992824974274,-0.10399095912947405,0.4995749858380964,0.0,0.1,-0.39999753341836786,0.29989001599522813,0.09920158685087178,1581844.0,1378.0,277901.0,5.692113378505295,0.40891697194281335,7,2464.0,1.4375,19200.0,9.625,1.298774740810556,0,557.8214400000011,0.5750008494556341,0.5718654434075882,0.41130477094158235,0.9999968680537907,0.0,0.0,0,201.875,15.0625,6,0.06412865865894102,1.074349442279335,0.9697787610615177,-14.202839756496264,-14.15476176995465,-14.212121187511478,-0.15237365267178427,7.4203131158967475,-3.8814814807626883,6.34476533837923,4.302083297482639,1,8
419,25,2026-01-31T21:35:28.782603,0.2325476206059967,-0.01602350614406748,0.22142525208083336,-0.048755811892694206,0.10734941346863947,-0.004537683359807867,-0.0801175307203374,0.6326435773738096,-0.48755811892694206,0.5367470673431973,-0.09075366719615735,0.1412634770126426,0.09518912659397995,-0.02133476404126865,-0.09980223053711704,0.34999999999973447,0.04999999999995496,0.09999999999992554,0.24581162554362856,0.0,-0.3801431686711573,-0.02207885463653278,-0.09999994249893335,-0.12703274540412424,0.4995749858380964,0.0,0.1,-0.39999925734644265,0.29992748954612786,0.09958253144687874,1624390.0,1343.0,284771.0,5.704197407741659,0.3541009357239713,9,2320.0,1.375,19200.0,9.0625,1.230980751604033,0,573.9148799999996,0.5164535321528942,0.5132450330955879,0.4129651810413574,1.0,0.0,0.0,0,210.1875,15.3125,6,0.3690479603244869,0.7490706319006433,1.273761061946339,-14.300202839659905,-14.214285578911566,-14.309523784745414,0.08854610777116953,7.5310070487524605,-3.8814814807626883,6.94494584336105,4.510416629079861,0,10
419,26,2026-01-31T21:35:30.968118,0.2008782582070621,-0.09820991486038981,0.22232965232302268,0.000845304699643636,0.10734941346863947,-0.0045261538769473,-0.491049574301949,0.6352275780657791,0.00845304699643636,0.5367470673431973,-0.09052307753894599,-0.2381681132728174,0.025674149270048807,-0.03230187995864547,-0.09984111348277148,0.3499999999997511,0.04999999999995496,0.09999999999993023,0.25013180377445055,0.0,-0.1874788011498869,0.24969649891878604,-0.09999993360602505,-0.05016692980160194,0.4995749858380964,0.0,0.1,-0.3999998384265838,0.2999611857709152,0.0997819160188117,1477174.0,1281.0,269949.0,5.472048423961563,0.3431456161028624,8,2272.0,1.375,19200.0,8.875,1.240077444336883,0,320.62720799999965,0.649160079023266,0.6478260869283554,0.4118866595900761,0.9999951308006076,0.0,0.0,0,220.75,15.6875,6,-0.6860218444514028,0.1728624535155324,0.6179203539820275,-14.332657200714452,-14.214285578911566,-14.341991317156724,-3.7031855084276724,7.459105666601296,-3.8814814807626883,7.7075812218717825,4.822916626475695,0,4
419,27,2026-01-31T21:35:32.251591,0.1670936687917472,0.0399748635373137,0.10446232108596197,-0.06566878551064213,0.10734941346863947,-0.004519618557384082,0.1998743176865685,0.29846377453131995,-0.6566878551064214,0.5367470673431973,-0.09039237114768163,0.35861066471032776,0.14733261978658826,-0.011098749553521654,-0.09943738052351676,0.3499999993590271,0.049999999908264245,0.09999999981967814,0.1562823528270603,-0.29946632215479024,-0.3942118598619112,-0.2498821400740263,-0.09999995978689238,-0.1392764331494501,0.4995749858380964,0.0,0.1,-0.3999999590185869,0.2999888790238779,0.09988612809105413,1775808.0,1516.0,300150.0,5.916401799100449,0.40646739651040414,8,8080.0,5.375,65024.0,31.5625,1.1155261221486388,1,846.9778680000006,0.45392303843155346,0.45287958113997695,0.4156472604048306,0.9999980632926297,0.0,0.0,0,230.25,16.4375,6,1.454232720809459,2.356877323201033,1.9542477876097546,-10.40567951311423,-10.404761805668937,-10.413419895388017,4.17631538859637,7.709812220447226,-3.8814814807626883,8.393501798993862,5.447916621267361,1,11
419,28,2026-01-31T21:35:33.729248,0.28530834789262544,0.048317859085869566,0.22723164488931932,-0.06616401410702909,0.10734941346863947,-0.004516511897267242,0.24158929542934782,0.649233271112341,-0.6616401410702908,0.5367470673431973,-0.09033023794534484,0.397363217046788,0.14992691731197605,-0.01319072249385947,-0.09936307302521538,0.3499999999987662,0.04999999999981205,0.09999999999965378,0.2739721811301642,0.0,-0.3977758808943078,-0.2499775209059579,-0.09999997867589569,-0.14437459245181208,0.4995749858380964,0.0,0.1,-0.39999999307498424,0.29999712894330305,0.09994055693477336,1971382.0,1710.0,335653.0,5.873273887020226,0.41268860404076146,7,3456.0,2.125,19200.0,13.5,1.3093415007656968,0,902.3250719999992,0.4058766611338953,0.4031830238619845,0.42040492295462206,1.0,0.0,0.0,0,242.5625,17.25,6,2.855875354757127,4.159851300728638,3.5251769911488826,-13.532116294702286,-13.499999871428573,-13.541125517677704,5.004866346556146,8.026989512315131,-3.8814814807626883,9.282490968027082,6.124999948958334,0,12
419,29,2026-01-31T21:35:35.113116,0.1470768216673303,0.049164532370197064,0.0882873609639144,-0.0662994402479283,0.10734941346863947,-0.004515001340585734,0.2458226618509853,0.2522496027540412,-0.662994402479283,0.5367470673431973,-0.09030002681171469,0.3984565932739903,0.14992826285761227,-0.010691270437418108,-0.09845656478567547,0.3499999991508309,0.04999999986888759,0.09999999976108004,0.14970358794947133,-0.29946632215479024,-0.3986655243497175,-0.24999745532952486,-0.0999999895824268,-0.14587757534673002,0.4995749858380964,0.0,0.1,-0.3999999987867981,0.2999991774256759,0.09996897375131168,2008842.0,1711.0,339057.0,5.924791406754617,0.45717201659349027,7,8288.0,5.5625,65024.0,32.375,1.109597924773022,2,975.0911279999993,0.38027981015435774,0.37948717947744903,0.4257775032078483,1.0,0.0,0.0,0,254.625,18.0,6,3.124344236447329,4.169144981025172,3.6757964601753645,-10.265043948544523,-10.226190378798188,-10.272727254939001,6.09417856196194,8.385161290415693,-3.8814814807626883,10.15342959555709,6.749999943750001,0,9
419,30,2026-01-31T21:35:36.197257,0.11879946167381267,0.0505584920281852,0.058460188867781565,-0.06642649704083617,0.10734941346863947,-0.0042320921030507995,0.252792460140926,0.16702911105080448,-0.6642649704083616,0.5367470673431973,-0.08464184206101598,0.3994817616461819,0.14991829730927106,-0.004377303988176374,-0.0983539827023897,0.3499994280734178,0.04999990853851776,0.09999983865836272,0.09510587879253832,-0.29946632215479024,-0.3993516791764659,-0.24999997010104927,-0.09999999565852503,-0.14745921833527542,0.4995749858380964,0.0,0.1,-0.3999999996601667,0.299999709741164,0.09998380698061256,2085068.0,1704.0,344386.0,6.054450529347883,0.4604152692576048,7,13104.0,9.0,65024.0,51.1875,1.0656660412757974,3,1123.518659999995,0.344141469740496,0.34278959810064324,0.4323421031906304,0.9999972488371752,0.0,0.0,0,263.4375,18.625,5,3.6706418599315085,4.104089218949434,3.9115929203522515,-7.008789722738277,-6.952380886167802,-7.015151503004067,8.316147603545412,8.822800997508027,-3.8814814807626883,10.789711183545334,7.270833272743056,0,11
419,31,2026-01-31T21:35:37.202991,0.18107166117745205,0.05242897365502697,0.11891483754276269,-0.06647982197889583,0.10734941346863947,-0.004231697963174684,0.26214486827513483,0.3397566786936077,-0.6647982197889584,0.5367470673431973,-0.08463395926349367,0.39977860194170134,0.14996114893928536,-0.0021682625475767793,-0.09813167647022658,0.3499999397295262,0.049999992492378055,0.09999998301309831,0.24570726720546543,-0.29946632215479024,-0.3996027559848119,-0.24999999834978495,-0.0999999983366403,-0.14816306298328638,0.4995749858380964,0.0,0.1,-0.39999999991760804,0.2999999077096063,0.09999154894357781,2144428.0,1744.0,351562.0,6.099714986261314,0.46680548391419835,6,11440.0,7.6875,65024.0,44.6875,1.2307692307692308,2,1220.2757159999996,0.3196340205695459,0.31828442437204774,0.439537413309011,0.9999970915893417,0.0,0.0,0,273.25,19.3125,5,4.096063985322069,4.475836430810795,4.229115044245916,-8.133874239295917,-8.20238087426304,-8.140692626596204,9.764606525484336,9.302488018942057,-3.8814814807626883,11.49819493754643,7.843749934635418,0,12
419,32,2026-01-31T21:35:38.768376,0.2856562587594994,0.04321728158003533,0.2316250216607908,-0.06539391980586935,0.10734941346863947,-0.004231494597190321,0.21608640790017664,0.6617857761736881,-0.6539391980586935,0.5367470673431973,-0.08462989194380642,0.3775260561907753,0.14621707413501817,-0.015986588148849776,-0.09993427497149908,0.3499999999979262,0.04999999999969741,0.09999999999941794,0.2959842894454291,0.0,-0.3946096822968233,-0.24413356471856892,-0.09999999877320086,-0.13980963113672049,0.4995749858380964,0.0,0.1,-0.39999999997793934,0.2999999638585591,0.09999558951724458,1820130.0,1497.0,312981.0,5.815464836523623,0.29898679189381666,7,3840.0,2.375,20736.0,15.0,1.5,0,716.080859999998,0.4503376648916217,0.4489164086548323,0.4418206459333116,0.9999972488371752,0.0,0.0,0,282.375,19.875,5,1.7718802855257738,2.1802973975668865,2.521991150441362,-13.272481406265907,-13.261904635600908,-13.281385258387212,2.2167793409854823,9.454703425751825,-3.8814814807626883,12.15703970241369,8.312499930729167,0,4
419,33,2026-01-31T21:35:40.782280,0.285863230973022,0.028612304691681113,0.22289421410750232,-0.04185126892317343,0.10734941346863947,-0.004231388824720894,0.14306152345840556,0.6368406117357209,-0.4185126892317343,0.5367470673431973,-0.08462777649441788,0.3181319762295878,0.14229345064253537,-0.0238142793525293,-0.09975595052629478,0.349999999998014,0.04999999999969741,0.0999999999994426,0.25284069126975467,0.0,-0.38243225113493695,0.06882860806798276,-0.0999999989022797,-0.12868643240812813,0.4995749858380964,0.0,0.1,-0.399999999995113,0.29999998584680787,0.09999769825578458,1724396.0,1458.0,305082.0,5.65223775902872,0.36462596563866445,8,3808.0,2.375,23552.0,14.875,1.2461538461538462,0,549.1219800000015,0.5101828715778349,0.5071942445860721,0.44265444257121317,0.9999970501706968,0.0,0.0,0,292.8125,20.4375,5,1.085772439297001,1.8178438660020584,2.1724778761052335,-13.294117646968939,-13.261904635600908,-13.303030279994752,-0.28260508977803095,9.510289831220991,-3.8814814807626883,12.910649810172815,8.781249926822918,0,13
419,34,2026-01-31T21:35:42.730544,0.29486013120706683,0.041711627069541464,0.2275180699493008,-0.05057760212326719,0.10734941346863947,-0.004231333610241116,0.2085581353477073,0.6500516284265737,-0.5057760212326718,0.5367470673431973,-0.08462667220482231,0.3670849769645726,0.1493699076073149,-0.024455537630151594,-0.09930625754968299,0.3499999999995726,0.04999999999992749,0.09999999999988013,0.27538811127461743,0.0,-0.38327463189195693,-0.04050442214586197,-0.09999999902479605,-0.12966036741169978,0.4995749858380964,0.0,0.1,-0.39999999999947883,0.29999999759125257,0.0999987987710148,1792566.0,1594.0,317901.0,5.638755461605972,0.4169751439613682,6,2672.0,1.625,23552.0,10.4375,1.3151815181518152,0,578.9189999999971,0.5076721618784883,0.503424657517006,0.4435420241731802,0.9999891354734036,0.0,0.0,0,308.3125,21.5,5,1.574334202906747,3.0817843863306886,2.7396902654855135,-14.062204191926558,-13.976190343083902,-14.071428547062462,0.16345808380782278,9.56946189857075,-3.8814814807626883,14.029783383371997,9.666666586111113,0,11
419,35,2026-01-31T21:35:46.781307,0.08141862987957721,-0.12707278068257852,0.1617410050408328,-0.02945763079016885,0.10734941346863947,-0.004231333610241116,-0.6353639034128926,0.46211715725952235,-0.2945763079016885,0.5367470673431973,-0.08462667220482231,-0.39999999987064394,-0.14999999998065633,-0.1,0.09950547536867305,0.3499999999995726,0.04999999999992749,0.09999999999988013,0.0,0.0,-0.3999993347775779,0.2499999794238921,-0.09999999902479605,-0.14997347424899432,0.4995749858380964,0.0,0.1,-0.39999999999947883,0.29999999759125257,0.0999987987710148,0.0,0.0,0.0,0.0,1.0,16,2672.0,1.625,23552.0,10.4375,0.0,0,0.0,0.0,0.0,0.4435420241731802,1.0,0.0,0.0,0,308.3125,21.5,5,-11.272654301521422,-11.732342006344581,-11.326725663711802,-14.062204191926558,-13.976190343083902,-14.071428547062462,-8.502994010703146,9.56946189857075,-3.8814814807626883,14.029783383371997,9.666666586111113,0,4
420,1,2026-01-31T21:36:09.506963,-0.12929718017929628,0.051457261377656695,0.04408200710226544,-0.04480873054225055,-0.14820105138714995,-0.004916623182911358,0.25728630688828347,0.1259485917207584,-0.44808730542250547,-0.7410052569357497,-0.09833246365822716,0.39988251432591987,0.14993817283727018,0.0014192858827633006,-0.0997647047400872,0.33570002631735546,0.048025208602088566,0.09594859205833434,0.09873230563055613,-0.29946632215479024,-0.18217483256634015,-0.24278469850648945,-0.09981410482737009,-0.05351105984848769,-0.48856142380397743,-0.2499065906585196,-0.09999795954984288,0.39997513964020376,-0.2999808847507172,-0.09998407473594395,2188644.0,1719.0,354540.0,6.173193433745134,0.3627972837012197,7,20608.0,14.25,65024.0,80.5,1.0683654443753885,4,709.0772039999999,0.6508460977279688,0.6440281030294138,0.35234969857957454,0.9943390636435642,330.0,129.0,4,42.125,3.6875,10,4.412951867671615,4.243494423397444,4.360884955750283,-1.935091277877383,-1.952380933786849,-1.939393936035682,2.111934191300608,3.489977578653251,2.2296296292167352,-5.189530682173624,-5.177083290190973,5,13
420,2,2026-01-31T21:36:10.273932,-0.10488504452697761,0.051329514485041194,0.05533121530260538,-0.03328433005298958,-0.14643469917398758,-0.004916701540740435,0.25664757242520597,0.15808918657887253,-0.33284330052989575,-0.7321734958699379,-0.0983340308148087,0.3998577994880054,0.14990520258334544,0.0003275247986858305,-0.09929915190786948,0.34968988007222884,0.049949741250263274,0.09991229032002034,0.11165953500783427,-0.29946632215479024,-0.04980579462508971,-0.23959097669390342,-0.09961649089626291,-0.05278376515828888,-0.4881349505708175,-0.24998987572787776,-0.09999925919597977,0.3999519572929777,-0.29997387285737315,-0.09996948674010687,2175322.0,1696.0,353663.0,6.150832855006037,0.4174864455522838,7,17760.0,12.3125,65024.0,69.375,1.0781945327399873,4,696.6199680000004,0.6874835975492934,0.6448598130690453,0.34691092425062714,0.9917927785405847,329.0,159.0,3,46.6875,3.875,10,4.317475561161287,4.029739776577161,4.322079646015786,-3.8607167004471896,-3.797619011451248,-3.8658008591068387,1.9254486224662568,3.1273928651132334,2.2111111107016463,-4.860108299739994,-5.020833291493057,5,4
420,3,2026-01-31T21:36:11.032718,0.11489922857724616,0.05138683332292511,0.10644970548120963,-0.03361823925528484,0.022464495180104564,-0.0048735226048017225,0.25693416661462554,0.30414201566059895,-0.33618239255284843,0.11232247590052281,-0.09747045209603444,0.39989997125753296,0.14994671406643495,0.00019380045125301124,-0.09894228398404964,0.34908592961140766,0.049853408625329804,0.09974136236972084,0.2671819778628982,-0.29946632215479024,-0.08367137257959034,-0.24113438716603694,-0.0994324315771314,-0.021946617851282924,0.4936898096909544,-0.24415369663232694,-0.0999998634070727,0.39989654165340993,-0.2999332865172808,-0.09994153963058766,2199868.0,1727.0,357813.0,6.148094116200362,0.4381548564526743,7,18560.0,12.875,65024.0,72.5,1.2849702380952381,4,702.0855600000006,0.678768796978195,0.6778947368278337,0.34396402093566325,0.9999975963040771,73.0,73.0,1,52.0,4.4375,9,4.493392196771744,4.317843865769717,4.505707964599776,-3.319810682871401,-3.2619047308390035,-3.3246753189183114,2.007268861974968,2.930932775089034,-2.5296296291611795,-4.476534292796726,-4.5520832953993065,5,4
420,4,2026-01-31T21:36:11.817816,0.155655096059823,0.05134735052559306,0.11417360819563142,-0.039867768030497845,0.061782288829654114,-0.004870339913651183,0.2567367526279653,0.3262103091303755,-0.3986776803049784,0.30891144414827054,-0.09740679827302365,0.3999141753586011,0.14993817283727018,0.0009614436048614555,-0.09992694597801687,0.34993743343586003,0.04999156922439847,0.09998231616599622,0.29045520025495164,-0.29946632215479024,-0.11189733163598009,-0.24274001780526402,-0.09928606392888482,-0.06374080359752227,0.4988874639671397,-0.07954698584717604,-0.0999989078923659,0.3998036601309201,-0.2998296705769093,-0.09988801008500812,2210554.0,1719.0,358634.0,6.163816035289459,0.304274594296838,7,16576.0,11.375,65024.0,64.75,1.4124897288414133,4,708.8679840000001,0.6712596411600555,0.6319444444298161,0.34223777367438657,0.989589765781886,26.0,22.0,0,56.4375,5.0,9,4.5699767795197825,4.243494423397444,4.542035398228078,-4.6612576064593565,-4.69047614580499,-4.666666658585859,2.1088021553729357,2.815849701059305,-3.3999999993703702,-4.156137181114702,-4.083333299305557,5,17
420,5,2026-01-31T21:36:12.558932,0.20092521728891555,0.05130746465384633,0.11295397484472518,-0.03900160253238824,0.10734941346863947,-0.0047739895990005915,0.2565373232692316,0.32272564241350055,-0.39001602532388235,0.5367470673431973,-0.09547979198001183,0.3999265860640252,0.14997466286422292,0.0005312241742933795,-0.09975911766472552,0.34884071883444956,0.04983490661853242,0.09967194685528069,0.2881242417946067,-0.29946632215479024,-0.11832862285889122,-0.2436277283811115,-0.09916593530709462,-0.04635067478785153,0.4995749858380964,0.0,0.1,0.399516034039973,-0.2990992906459578,-0.09978551850770054,2221452.0,1767.0,360918.0,6.155004737918309,0.36397205354611006,7,18736.0,12.9375,65024.0,73.1875,1.3902439024390243,4,713.2841759999992,0.6695065806977619,0.6520833333197482,0.34106686974925027,0.9903549095741779,0.0,0.0,0,62.6875,6.0,8,4.648080727001358,4.6895910776310785,4.6430973451306885,-3.2008113590047276,-3.2023809218820873,-3.2056277000768354,2.17491281404566,2.737789491423691,-3.8814814807626883,-3.704873643534387,-3.2499999729166675,5,10
420,6,2026-01-31T21:36:13.498696,0.22267066272710823,0.04949988992551782,0.10259291491326024,-0.005126648256946381,0.10734941346863947,-0.004734863776456326,0.2474994496275891,0.2931226140378864,-0.051266482569463805,0.5367470673431973,-0.09469727552912652,0.3951443757629857,0.14712871340878655,-0.0021220438901825393,-0.0991286083668245,0.3499978126298724,0.049999661190073756,0.09999938260244667,0.2284782467867294,-0.29946632215479024,0.06725188144669376,-0.07654150158838847,-0.09848363422375767,-0.03992411078910261,0.4995749858380964,0.0,0.1,0.3991458186926595,-0.2981355166112901,-0.09958942076378553,1928590.0,1512.0,316128.0,6.1006617572628805,0.42841926719431417,7,14096.0,9.6875,65024.0,55.0625,1.2,3,589.1294640000001,0.7169741334970755,0.6590909090772915,0.33655792585627936,0.9997619070294569,0.0,0.0,0,66.625,6.4375,8,2.5491930166554946,2.319702602014897,2.6612389380519197,-6.3380662609443,-6.297618987641725,-6.344155833170293,0.3163093412700151,2.43719343228967,-3.8814814807626883,-3.4205776148587885,-2.8854166426215286,5,10
420,7,2026-01-31T21:36:14.281066,0.2196787945893293,0.05043547560397197,0.1297744467125183,-0.036538772661667385,0.10734941346863947,-0.004431724987226477,0.25217737801985984,0.37078413346433803,-0.36538772661667385,0.5367470673431973,-0.08863449974452954,0.39972294160692384,0.14982498747303058,0.0007548308009576539,-0.09976054191740547,0.34999996004500145,0.04999999533667685,0.09999998874078195,0.28103314109243116,-0.29927774005564434,-0.07626017850168083,-0.23403801937544208,-0.09815496845119608,-0.07000000097321225,0.4995749858380964,0.0,0.1,0.3986594995693587,-0.29417491411111557,-0.09921473800972092,2128777.0,1663.0,345604.0,6.159584379810419,0.3636751871629275,8,11136.0,7.4375,63232.0,43.5,1.3422114608555287,2,681.959256,0.6806987937368776,0.6241299303799506,0.33507414762408994,0.9870442125228104,0.0,0.0,0,69.75,7.125,7,3.9838961671871695,3.7230483267915377,3.965486725661962,-8.339418525974716,-8.440476110090705,-8.346320331867844,1.7059768859721591,2.338274949422697,-3.8814814807626883,-3.194945846068631,-2.3124999807291675,5,17
420,8,2026-01-31T21:36:15.113187,0.2182267591580748,0.046192151474808194,0.08896737644122837,0.00685033935212802,0.10734941346863947,-0.004222478031822719,0.23096075737404095,0.25419250411779537,0.0685033935212802,0.5367470673431973,-0.08444956063645438,0.38463877973532606,0.1421526486801262,-0.003938692957288487,-0.09937350371201129,0.34999999826588196,0.04999999976223254,0.09999999951195171,0.14978758629554523,-0.2974743008943645,0.07892164916642469,0.004993452556350661,-0.09695871821832516,-0.0147275602025806,0.4995749858380964,0.0,0.1,0.3971953457887217,-0.28920827402274507,-0.09850069910720374,1847312.0,1457.0,304664.0,6.063440380222146,0.4118603800860086,7,8816.0,5.875,55808.0,34.4375,1.1096725057121097,2,566.6655719999997,0.7199925917706922,0.6852248393857553,0.3312803631699396,0.9997074199624908,0.0,0.0,0,74.875,7.5,7,1.9666886448985201,1.8085501857055244,2.1539823008840027,-9.908045976944504,-9.928571334013608,-9.915584398414573,-0.019976467062882922,2.0853561544252037,-3.8814814807626883,-2.8249097452527727,-1.999999983333334,5,17
420,9,2026-01-31T21:36:15.812577,0.16274514609837934,0.015551356661877498,0.0624732235687457,0.008303107688104085,0.10734941346863947,-0.004021911742080834,0.07775678330938748,0.17849492448213058,0.08303107688104085,0.5367470673431973,-0.08043823484161668,0.2924582207505003,0.07960057826229286,-0.0016555324288770636,-0.09968368742559669,0.3499997975543198,0.049999968672698986,0.09999994291373358,0.10692405338828403,-0.29946632215479024,0.08356925553777508,0.02347735360081738,-0.09527347633292627,-0.02422144077239967,0.4995749858380964,0.0,0.1,0.39601798550634465,-0.28534614596753566,-0.09714668392869001,1702826.0,1326.0,278685.0,6.110217629222958,0.37761205267638953,8,12336.0,8.4375,65024.0,48.1875,1.0745542949756888,3,561.7083119999994,0.7212045070893801,0.6755646817109741,0.3279090828045506,0.9905547623066361,0.0,0.0,0,77.3125,7.6875,7,0.931184244474319,0.5910780668595644,1.0044690265482281,-7.528059499611035,-7.488095166780047,-7.534632021585053,-0.09418694609369344,1.8606042799005216,-3.8814814807626883,-2.6489169655964497,-1.8437499846354173,5,4
420,10,2026-01-31T21:36:16.657122,0.34114282842463833,0.012656085318084154,0.218370815639788,0.03343991585614543,0.10734941346863947,-0.0037633583111121314,0.06328042659042077,0.62391661611368,0.3343991585614543,0.5367470673431973,-0.07526716622224262,0.27766246071519074,0.08352719270893716,-0.005308641606857196,-0.09971039871028216,0.3499999999986834,0.04999999999981205,0.09999999999963055,0.23139264509548252,0.0,0.16325011510198886,0.184890440375199,-0.09195884613324397,-0.004067525077604869,0.4995749858380964,0.0,0.1,0.3934792891525538,-0.28014841296677756,-0.09460310681473014,1692326.0,1330.0,280402.0,6.0353563811955695,0.37319407621200557,8,3504.0,2.125,25088.0,13.6875,1.2047101449275361,0,504.57263999999964,0.7433359768887396,0.6959314775011578,0.3237953131300339,0.9904127171740024,0.0,0.0,0,80.75,7.875,7,0.8559326892755169,0.6282527880457006,1.080442477875628,-13.499661933647738,-13.499999871428573,-13.508657985266392,-0.9495113771033721,1.5863531511001603,-3.8814814807626883,-2.4007220199272763,-1.6874999859375006,5,18
420,11,2026-01-31T21:36:17.521702,0.18012433892891308,-0.13547434994881818,0.19259923315236424,0.045870919203678695,0.10734941346863947,-0.003310833400044554,-0.6773717497440909,0.5502835232924693,0.4587091920367869,0.5367470673431973,-0.06621666800089107,-0.37309258021786607,-0.14568316415576585,-0.009937794456699449,-0.09992257838156969,0.3499999999997995,0.049999999999968486,0.0999999999999438,0.11878788950113409,0.0,0.23845666481024758,0.24626549068092196,-0.0846667791997955,0.0,0.4995749858380964,0.0,0.1,0.39092346797299704,-0.2731914778364099,-0.08990813860026203,1338622.0,1035.0,225346.0,5.940296255535931,0.30717902934946506,9,2112.0,1.1875,14848.0,8.25,1.0837696335078535,0,404.6908799999994,0.7687140183423571,0.747727272710279,0.31866398429090403,0.9899550020453616,0.0,0.0,0,83.0625,8.0625,7,-1.6789983659661094,-2.113382899431843,-1.3556637168135595,-14.44083840422961,-14.392857005782314,-14.45021642519443,-2.44474730502325,1.2442647898837431,-3.8814814807626883,-2.23375451102256,-1.531249987239584,5,4
420,12,2026-01-31T21:36:18.921061,0.2768522279550161,0.04799398751899665,0.21802540912492915,-0.06616325862418507,0.10734941346863947,-0.0034432799864575823,0.23996993759498325,0.6229297403569405,-0.6616325862418506,0.5367470673431973,-0.06886559972915164,0.3982408233169785,0.14959635896729942,-0.01092983825619104,-0.09935961494490342,0.34999999999976167,0.0499999999999645,0.09999999999993318,0.22977837070484353,0.0,-0.3973546001271511,-0.24998715715722825,-0.09696083430886382,-0.146026296561862,0.4995749858380964,0.0,0.1,0.370627549765456,-0.2639480098955954,-0.08151676094003975,1999694.0,1618.0,337793.0,5.919879926463841,0.4129602030450491,8,2240.0,1.25,14848.0,8.75,1.2020802377414561,0,921.0230040000008,0.41457613680489214,0.37669376692746087,0.3312856639823345,0.979390437271928,0.0,0.0,0,91.375,8.25,7,3.0587822148322203,3.3048327134475057,3.6198672566355663,-14.354293441417484,-14.333333196825398,-14.363636338764266,5.284775508190915,2.0857095416826064,-3.8814814807626883,-1.6335740060407407,-1.3749999885416673,0,10
420,13,2026-01-31T21:36:20.097126,0.13185846652354094,0.050303335483890134,0.07118865717000254,-0.0663816002116351,0.10734941346863947,-0.0036912958404495136,0.25151667741945066,0.20339616334286442,-0.663816002116351,0.5367470673431973,-0.07382591680899027,0.3993185237449104,0.1498997681382655,-0.0058998851947834165,-0.09801204187017393,0.3499988065042004,0.049999834138139576,0.09999966321190101,0.1327705525647412,-0.29946632215479024,-0.3992289327172651,-0.249999933528908,-0.09960454102197702,-0.14717420573553458,0.4995749858380964,0.0,0.1,0.2834619412832924,-0.19955995734730989,-0.06734763932885926,2065950.0,1693.0,342997.0,6.023230523882133,0.46993901000927685,7,13648.0,9.3125,65024.0,53.3125,1.095084087968952,3,1096.8339360000016,0.35281864644187755,0.3508353221873309,0.3466803474989738,0.9999949981993518,0.0,0.0,0,101.75,8.9375,6,3.533626694951442,4.001858735687559,3.850132743361128,-6.640973630786742,-6.6547618413832215,-6.647186135675868,7.916675687437648,3.112021091917527,-3.8814814807626883,-0.8844765336574176,-0.8020833266493059,0,11
420,14,2026-01-31T21:36:21.173134,0.11947254546823402,0.05093108005537555,0.06007810368736222,-0.06645169027932545,0.10734941346863947,-0.005524317916911198,0.2546554002768777,0.17165172482103494,-0.6645169027932545,0.5367470673431973,-0.11048635833822396,0.3997458934837905,0.14993088010237196,-0.0030753078913913945,-0.09794157249102159,0.34987224251518734,0.049980603116095326,0.09996388008372453,0.12533646498488865,-0.29946632215479024,-0.39948702221718135,-0.24999999363152242,-0.09994972823352626,-0.14782513565779862,0.4995749858380964,0.0,0.1,0.08703378846237483,-0.06757123325061976,-0.04557344906251849,2134812.0,1713.0,351055.0,6.081132586062013,0.4716985223715462,7,17104.0,11.8125,65024.0,66.8125,1.0890019071837254,4,1175.1705240000013,0.3324253478568306,0.3310344827510107,0.36216283228720625,0.9999972107428796,0.0,0.0,0,110.9375,9.625,5,4.027147894389528,4.18773234161824,4.206681415927342,-4.304259634859336,-4.273809483106577,-4.309523802061431,9.089379100435742,4.1441860563563795,-3.8814814807626883,-0.2211191334143544,-0.22916666475694478,0,4
420,15,2026-01-31T21:36:22.198250,0.11380618166694034,0.05095319988844334,0.0600735617398865,-0.06649282752560666,0.10734941346863947,-0.011167122357515716,0.2547659994422167,0.17163874782824715,-0.6649282752560666,0.5367470673431973,-0.22334244715031432,0.39984803534668023,0.14993215270447977,-0.0020752544749477863,-0.09892676798537166,0.3499096214127719,0.049989303021198445,0.09997445154283956,0.12526644379484472,-0.29946632215479024,-0.3996541389843107,-0.24999999863364097,-0.09999331957188137,-0.14835165628825248,0.4995749858380964,0.0,0.1,-0.1661992074971533,0.040378485380600786,-0.01652220341014792,2170688.0,1714.0,355756.0,6.101620211605708,0.43888689566006334,7,16848.0,11.5,65024.0,65.8125,1.0889453621346887,4,1226.5801680000009,0.31270512093498154,0.31011235954359295,0.3773014287579127,1.0,0.0,0.0,0,120.125,10.0625,5,4.284264541466883,4.197026021914774,4.414690265484772,-4.477349560483588,-4.5714285278911575,-4.48268397492176,9.858984549422322,5.153425148244084,-3.8814814807626883,0.4422382668287088,0.13541666553819418,0,6
420,16,2026-01-31T21:36:23.309021,0.11324930820490786,0.050896238357814774,0.058488292287778174,-0.06648397140735345,0.10734941346863947,-0.010090620955064508,0.25448119178907386,0.16710940653650908,-0.6648397140735345,0.5367470673431973,-0.20181241910129016,0.3998027743015849,0.14996393239059355,-0.003080329666753215,-0.09821276421414638,0.3384362209611648,0.04824295396633459,0.09672419182051478,0.13707332908633335,-0.29946632215479024,-0.39962149890084947,-0.24999999768189446,-0.09999889556624064,-0.14821998941244235,0.4995749858380964,0.0,0.1,-0.3183921588791835,0.18288919379169583,0.015710123089542293,2152496.0,1748.0,353969.0,6.081029694690778,0.4645664576025902,7,20448.0,14.1875,65024.0,79.875,1.0986800754242614,4,1208.9249040000022,0.31721626042606366,0.31590909090191116,0.3908005076600976,1.0,0.0,0.0,0,129.0625,10.75,5,4.153885846973873,4.513011151996932,4.33561946902463,-2.0432724813925405,-2.011904742743765,-2.0476190440733872,9.594684190180471,6.053363141764414,-3.8814814807626883,1.0875451255685595,0.7083333274305553,0,9
420,17,2026-01-31T21:36:24.318755,0.08439653034315558,0.0507967662907489,0.028275150848924745,-0.06648567052648012,0.10734941346863947,-0.008629086191770828,0.2539838314537445,0.08078614528264214,-0.6648567052648011,0.5367470673431973,-0.17258172383541656,0.3998075098785321,0.14996256652401244,-0.0034143092039862185,-0.09841388254470164,0.25554555742327273,0.03534480577106126,0.07319433091070805,0.19737386308592453,-0.29946632215479024,-0.39962818270326084,-0.2499999973232309,-0.0999997867937999,-0.14824264858940836,0.4995749858380964,0.0,0.1,-0.37719875257577573,0.24279032106053425,0.04491036754170555,2154192.0,1746.0,354647.0,6.0741864445490865,0.4585467006564678,7,22096.0,15.375,65024.0,86.3125,1.1578249336870026,6,1204.1199720000022,0.3163250234419097,0.3149425287283921,0.40313675314022207,0.9999969204642133,0.0,0.0,0,138.4375,11.25,5,4.166040764842174,4.494423791403864,4.365619469024617,-0.9290060851864165,-0.880952372562359,-0.9329004312850213,9.52275407043076,6.875778958828834,-3.8814814807626883,1.764440431939032,1.124999990625,0,2
420,18,2026-01-31T21:36:25.434684,0.16901981900145355,0.050304069706546564,0.11101847345396776,-0.06646401487816334,0.10734941346863947,-0.0062780792026303316,0.2515203485327328,0.3171956384399079,-0.6646401487816334,0.5367470673431973,-0.12556158405260662,0.3996470390668966,0.1499671330010422,-0.004495678414819239,-0.09980820979716909,0.3498877937615665,0.04998471215162339,0.09996827844950394,0.28047029928544226,-0.29946632215479024,-0.3995266910619987,-0.24999998936350415,-0.09999994824536418,-0.1479561864131597,0.4995749858380964,0.0,0.1,-0.39531968650478555,0.2870308003424114,0.06688949718416891,2111878.0,1753.0,348954.0,6.052024049015056,0.3525644423292797,7,17008.0,11.6875,65024.0,66.4375,1.3391902215431628,4,1158.0386400000025,0.32839865628866716,0.3263403263327193,0.41375485242319665,1.0,0.0,0.0,0,149.5625,12.1875,5,3.862784164205783,4.559479553479602,4.113716814157471,-4.369168356968431,-4.392857101020409,-4.374458866884054,8.832913771132835,7.583651772445263,-3.8814814807626883,2.567689528831993,1.9062499841145832,0,6
420,19,2026-01-31T21:36:26.978465,0.22709692524888686,0.04559429370014536,0.17217078861285798,-0.06573563159951158,0.10734941346863947,-0.005371895386337793,0.22797146850072678,0.49191653889387993,-0.6573563159951158,0.5367470673431973,-0.10743790772675586,0.38743529508587593,0.1486778078520894,-0.015872923276191615,-0.09991638842492656,0.3499999999967334,0.04999999999945126,0.09999999999908299,0.2983436858167408,-0.2107743970712047,-0.39576968861143835,-0.24739889647976013,-0.09999997103428478,-0.1413781749055902,0.4995749858380964,0.0,0.1,-0.3991144531990274,0.2948535087517728,0.08123513210239004,1861580.0,1554.0,319979.0,5.817819294391194,0.3110263734039205,7,4176.0,2.6875,33792.0,16.3125,1.5889570552147239,1,743.4654480000008,0.4381482898301282,0.43597560974280564,0.41810786162080654,1.0,0.0,0.0,0,161.125,12.75,5,2.068944758191521,2.710037174469327,2.83163716814034,-13.045300878884076,-12.964285590816328,-13.05411253150803,2.626728263079844,7.8738521921523095,-3.8814814807626883,3.402527073355576,2.3749999802083335,0,9
420,20,2026-01-31T21:36:28.790210,0.11442762758449915,-0.10191603412005223,0.1611985057951035,-0.02047469654003662,0.10734941346863947,-0.004819517472248399,-0.5095801706002612,0.46056715941458143,-0.2047469654003662,0.5367470673431973,-0.09639034944496798,-0.20783296264947101,-0.0334435722923576,-0.02541459044271011,-0.0998661714060407,0.3499999999970042,0.04999999999951285,0.09999999999915905,0.25778903566731753,-0.2107743970712047,-0.34158326095352015,0.24199804221982205,-0.0999999718182753,-0.10449981251874789,0.4995749858380964,0.0,0.1,-0.3997831730551208,0.29817384119099166,0.08974714701182696,1492558.0,1238.0,265648.0,5.61855538155755,0.3345578276499508,9,4112.0,2.625,33792.0,16.0625,1.258130081300813,1,430.4324640000011,0.5729407516902725,0.5708812260317669,0.4183136555672746,1.0,0.0,0.0,0,170.875,13.375,5,-0.5757675658629865,-0.22676579923543155,0.4276106194688373,-13.08857336029014,-13.023809399773244,-13.097402574723112,-2.059394251188697,7.887571779437123,-3.8814814807626883,4.106498191980868,2.895833309201389,0,3
